"REPORT_ID","Stats Area","Suburb","Postcode","LGA Name","Total Units","Total Cas","Total Fats","Total SI","Total MI","Year","Month","Day","Time","Area Speed","Position Type","Horizontal Align","Vertical Align","Other Feat","Road Surface","Moisture Cond","Weather Cond","DayNight","Crash Type","Unit Resp","Entity Code","CSEF Severity","Traffic Ctrls","DUI Involved","Drugs Involved","ACCLOC_X","ACCLOC_Y","UNIQUE_LOC"
"2016-564-27/05/2021","1 City","NORTH ADELAIDE","5006","CITY OF ADELAIDE",2,0,0,0,0,2016,"December","Tuesday","12:01 pm","050","Not Divided","Straight road","Level","Not Applicable","Sealed","Dry","Not Raining","Daylight","Hit Parked Vehicle","02","Driver Rider","1: PDO","No Control","","",1329072.92,1672692.41,"13290731672692"
"2016-565-27/05/2021","2 Metropolitan","PARADISE","5075","CC CAMPBELLTOWN.              ",2,1,0,0,1,2016,"December","Tuesday","05:25 pm","060","T-Junction","Straight road","Level","Driveway or Entrance","Sealed","Dry","Not Raining","Daylight","Right Angle","01","Driver Rider","2: MI","No Control","","",1334882.29,1676391.67,"13348821676392"
"2016-566-27/05/2021","2 Metropolitan","MITCHELL PARK","5043","CC MARION.                    ",2,1,0,1,0,2016,"December","Tuesday","04:50 pm","050","T-Junction","Straight road","Level","Not Applicable","Sealed","Dry","Not Raining","Daylight","Right Angle","01","Driver Rider","3: SI","No Control","","",1324594.22,1661706.38,"13245941661706"
"2016-567-27/05/2021","2 Metropolitan","SALISBURY EAST","5109","CITY OF SALISBURY",3,0,0,0,0,2016,"December","Tuesday","05:42 pm","080","Divided Road","Straight road","Level","Not Applicable","Sealed","Dry","Not Raining","Daylight","Rear End","01","Driver Rider","1: PDO","No Control","","",1334085.57,1686398.7,"13340861686399"
"2016-568-27/05/2021","2 Metropolitan","ADELAIDE","5000","CITY OF UNLEY",2,0,0,0,0,2016,"December","Tuesday","02:15 pm","060","Cross Road","Straight road","Level","Not Applicable","Sealed","Dry","Not Raining","Daylight","Rear End","02","Driver Rider","1: PDO","Traffic Signals","","",1329057.06,1668981.6,"13290571668982"
"2016-569-27/05/2021","2 Metropolitan","HILTON","5033","CITY OF WEST TORRENS",2,0,0,0,0,2016,"December","Tuesday","05:45 pm","060","Cross Road","Straight road","Level","Not Applicable","Sealed","Dry","Not Raining","Daylight","Rear End","02","Driver Rider","1: PDO","Traffic Signals","","",1325771.37,1670085.26,"13257711670085"
"2016-570-27/05/2021","2 Metropolitan","SEFTON PARK","5083","CITY OF PROSPECT",2,0,0,0,0,2016,"December","Tuesday","04:43 pm","060","Cross Road","Straight road","Level","Not Applicable","Sealed","Dry","Not Raining","Daylight","Right Angle","01","Driver Rider","1: PDO","Give Way Sign","","",1328882.21,1675773.41,"13288821675773"
"2016-571-27/05/2021","2 Metropolitan","NOARLUNGA CENTRE","5168","CITY OF ONKAPARINGA",2,0,0,0,0,2016,"December","Tuesday","06:00 pm","060","T-Junction","Straight road","Level","Not Applicable","Sealed","Dry","Not Raining","Daylight","Right Angle","02","Driver Rider","1: PDO","Traffic Signals","","",1318788.81,1647471.6,"13187891647472"
"2016-572-27/05/2021","2 Metropolitan","FULHAM GARDENS","5024","CITY OF CHARLES STURT",2,0,0,0,0,2016,"December","Tuesday","06:10 pm","050","Divided Road","Straight road","Level","Not Applicable","Sealed","Dry","Not Raining","Daylight","Hit Pedestrian","02","Pedestrian","1: PDO","No Control","","",1320756.72,1672376.9,"13207571672377"
"2016-573-27/05/2021","2 Metropolitan","KESWICK TERMINAL","5035","CITY OF WEST TORRENS",2,0,0,0,0,2016,"December","Tuesday","07:57 pm","060","Not Divided","CURVED, VIEW OPEN","Level","Not Applicable","Sealed","Dry","Not Raining","Daylight","Side Swipe","02","Driver Rider","1: PDO","No Control","","",1326328.59,1669928.76,"13263291669929"
"2016-574-27/05/2021","2 Metropolitan","UNLEY","5061","CITY OF UNLEY",2,0,0,0,0,2016,"December","Tuesday","06:15 pm","060","Divided Road","Straight road","Level","Not Applicable","Sealed","Dry","Not Raining","Daylight","Rear End","02","Driver Rider","1: PDO","No Control","","",1328506.99,1668946.65,"13285071668947"
"2016-575-27/05/2021","2 Metropolitan","RIDLEYTON","5008","CITY OF CHARLES STURT",2,0,0,0,0,2016,"December","Tuesday","06:15 pm","060","Not Divided","Straight road","Level","Not Applicable","Sealed","Dry","Not Raining","Daylight","Rear End","01","Driver Rider","1: PDO","No Control","","",1325942.14,1674874.38,"13259421674874"
"2016-576-27/05/2021","2 Metropolitan","KLEMZIG","5087","CITY OF PORT ADELAIDE ENFIELD",3,1,0,0,1,2016,"December","Tuesday","08:30 am","060","Not Divided","Straight road","Level","Not Applicable","Sealed","Dry","Not Raining","Daylight","Rear End","02","Driver Rider","2: MI","No Control","","",1331866.6,1675764.01,"13318671675764"
"2016-577-27/05/2021","2 Metropolitan","REYNELLA EAST","5161","CITY OF ONKAPARINGA",3,1,0,0,1,2016,"December","Tuesday","06:05 pm","060","T-Junction","Straight road","Slope","Not Applicable","Sealed","Dry","Not Raining","Daylight","Rear End","01","Driver Rider","2: MI","No Control","","",1323826.55,1653417.56,"13238271653418"
"2016-578-27/05/2021","2 Metropolitan","MEADOWS","5201","DC MT.BARKER.                 ",2,0,0,0,0,2016,"December","Tuesday","06:18 pm","080","Not Divided","Straight road","Level","Not Applicable","Sealed","Dry","Not Raining","Daylight","Head On","01","Driver Rider","1: PDO","No Control","","",1341133.81,1641772.07,"13411341641772"
"2016-579-27/05/2021","2 Metropolitan","DRY CREEK","5094","CITY OF PORT ADELAIDE ENFIELD",2,0,0,0,0,2016,"December","Tuesday","07:00 pm","070","Ramp Off","CURVED, VIEW OPEN","Bottom of Hill","Not Applicable","Sealed","Dry","Not Raining","Daylight","Hit Fixed Object","01","Driver Rider","1: PDO","No Control","","",1325569.88,1681526.85,"13255701681527"
"2016-580-27/05/2021","2 Metropolitan","DRY CREEK","5094","CITY OF PORT ADELAIDE ENFIELD",5,0,0,0,0,2016,"December","Tuesday","04:20 pm","090","Freeway","Straight road","Level","Not Applicable","Sealed","Dry","Not Raining","Daylight","Rear End","02","Driver Rider","1: PDO","No Control","","",1325857.62,1681091.88,"13258581681092"
"2016-581-27/05/2021","2 Metropolitan","ELIZABETH PARK","5113","CITY OF PLAYFORD.",2,0,0,0,0,2016,"December","Tuesday","07:45 pm","050","Not Divided","Straight road","Level","Not Applicable","Sealed","Dry","Not Raining","Daylight","Hit Parked Vehicle","02","Driver Rider","1: PDO","No Control","","",1337161.06,1693871.11,"13371611693871"
"2016-582-27/05/2021","3 Country","RIVERTON","5412","CLARE AND GILBERT VALLEYS DISTRICT COUNCIL",2,2,0,2,0,2016,"December","Monday","11:00 pm","080","Not Divided","Straight road","Level","Not Applicable","Sealed","Dry","Not Raining","Night","Hit Fixed Object","01","Driver Rider","3: SI","No Control","","",1345047.09,1756227.12,"13450471756227"
"2016-583-27/05/2021","3 Country","WILD DOG VALLEY","5271","DC NARACOORTE & LUCINDALE.",2,1,1,0,0,2016,"December","Tuesday","12:00 pm","100","Cross Road","Straight road","Slope","Not Applicable","Unsealed","Dry","Not Raining","Daylight","Right Angle","01","Driver Rider","4: Fatal","Give Way Sign","","",1511471.56,1441765.47,"15114721441765"
"2016-584-27/05/2021","2 Metropolitan","OSBORNE","5017","CITY OF PORT ADELAIDE ENFIELD",2,0,0,0,0,2016,"December","Tuesday","01:33 am","050","Not Divided","CURVED, VIEW OPEN","Level","Not Applicable","Sealed","Dry","Not Raining","Night","Hit Fixed Object","01","Driver Rider","1: PDO","No Control","","",1320864.16,1688190.01,"13208641688190"
"2016-585-27/05/2021","3 Country","PORT LINCOLN","5606","CC PT.LINCOLN.                ",2,1,0,0,1,2016,"December","Tuesday","06:00 am","050","Not Divided","Straight road","Slope","Not Applicable","Sealed","Dry","Not Raining","Daylight","Hit Parked Vehicle","01","Driver Rider","2: MI","No Control","","",1077528.92,1701480.46,"10775291701480"
"2016-586-27/05/2021","2 Metropolitan","STURT","5047","CC MARION.                    ",2,0,0,0,0,2016,"December","Wednesday","06:15 am","060","Cross Road","Straight road","Level","Not Applicable","Sealed","Dry","Not Raining","Daylight","Rear End","02","Driver Rider","1: PDO","Traffic Signals","","",1324404.88,1660668.91,"13244051660669"
"2016-587-27/05/2021","2 Metropolitan","KERSBROOK","5231","THE ADELAIDE HILLS COUNCIL",1,0,0,0,0,2016,"December","Tuesday","09:30 am","100","Not Divided","CURVED, VIEW OPEN","Slope","Not Applicable","Unsealed","Dry","Not Raining","Daylight","Roll Over","01","Driver Rider","1: PDO","No Control","","",1348573.11,1686076.28,"13485731686076"
"2016-588-27/05/2021","2 Metropolitan","MILLBROOK","5231","THE ADELAIDE HILLS COUNCIL",3,1,0,0,1,2016,"December","Tuesday","12:44 pm","080","Not Divided","CURVED, VIEW OPEN","Level","Not Applicable","Sealed","Dry","Not Raining","Daylight","Hit Fixed Object","01","Driver Rider","2: MI","No Control","","",1348141.47,1682311.12,"13481411682311"
"2016-589-27/05/2021","2 Metropolitan","UNDERDALE","5032","CITY OF WEST TORRENS",3,0,0,0,0,2016,"December","Tuesday","08:30 am","050","Cross Road","Straight road","Level","Not Applicable","Sealed","Dry","Not Raining","Daylight","Rear End","02","Driver Rider","1: PDO","Roundabout","","",1324069.36,1671606.3,"13240691671606"
"2016-590-27/05/2021","2 Metropolitan","HALLETT COVE","5158","CC MARION.                    ",2,0,0,0,0,2016,"December","Wednesday","12:00 am","050","Not Divided","Straight road","Level","Not Applicable","Sealed","Dry","Not Raining","Night","Side Swipe","01","Driver Rider","1: PDO","No Control","","",1320355.17,1655192.12,"13203551655192"
"2016-591-27/05/2021","1 City","ADELAIDE","5000","CITY OF ADELAIDE",2,0,0,0,0,2016,"December","Tuesday","04:10 pm","050","Not Divided","Straight road","Slope","Not Applicable","Sealed","Dry","Not Raining","Daylight","Side Swipe","02","Driver Rider","1: PDO","No Control","","",1329693.88,1670386.35,"13296941670386"
"2016-592-27/05/2021","2 Metropolitan","PARKSIDE","5063","CITY OF UNLEY",2,0,0,0,0,2016,"December","Tuesday","10:40 am","050","Not Divided","Straight road","Level","Not Applicable","Sealed","Dry","Not Raining","Daylight","Hit Parked Vehicle","02","Driver Rider","1: PDO","No Control","","",1329480.06,1668679.7,"13294801668680"
"2016-593-27/05/2021","2 Metropolitan","NORTH ADELAIDE","5006","CITY OF PROSPECT",2,0,0,0,0,2016,"December","Saturday","10:15 am","060","Divided Road","Straight road","Level","Not Applicable","Sealed","Dry","Not Raining","Daylight","Side Swipe","02","Driver Rider","1: PDO","No Control","","",1328178.51,1673665.88,"13281791673666"
"2016-594-27/05/2021","2 Metropolitan","ECHUNGA","5153","DC MT.BARKER.                 ",2,0,0,0,0,2016,"December","Tuesday","03:05 pm","060","T-Junction","Straight road","Level","Not Applicable","Sealed","Dry","Not Raining","Daylight","Rear End","01","Driver Rider","1: PDO","No Control","","",1345280.1,1650903.65,"13452801650904"
"2016-595-27/05/2021","2 Metropolitan","STIRLING","5152","THE ADELAIDE HILLS COUNCIL",2,1,0,0,1,2016,"December","Wednesday","08:00 am","090","Interchange","Straight road","Slope","Not Applicable","Sealed","Dry","Not Raining","Daylight","Rear End","02","Driver Rider","2: MI","No Control","","",1338487.55,1662065.56,"13384881662066"
"2016-596-27/05/2021","2 Metropolitan","SOMERTON PARK","5044","CITY OF HOLDFAST BAY",2,0,0,0,0,2016,"December","Wednesday","09:00 am","060","Divided Road","Straight road","Level","Not Applicable","Sealed","Dry","Not Raining","Daylight","Rear End","02","Driver Rider","1: PDO","No Control","","",1321072.59,1663149.41,"13210731663149"
"2016-597-27/05/2021","2 Metropolitan","CAVAN","5094","CITY OF SALISBURY",2,0,0,0,0,2016,"December","Tuesday","07:30 am","070","Cross Road","Straight road","Level","Not Applicable","Sealed","Dry","Not Raining","Daylight","Right Angle","01","Driver Rider","1: PDO","Traffic Signals","","",1328720.17,1681548.46,"13287201681548"
"2016-598-27/05/2021","2 Metropolitan","MAGILL","5072","CC CAMPBELLTOWN.              ",2,1,0,0,1,2016,"December","Tuesday","08:45 am","060","T-Junction","Straight road","Level","Not Applicable","Sealed","Dry","Not Raining","Daylight","Right Angle","02","Driver Rider","2: MI","No Control","","",1335899.14,1671861.82,"13358991671862"
"2016-599-27/05/2021","2 Metropolitan","GLENELG EAST","5045","CITY OF HOLDFAST BAY",3,0,0,0,0,2016,"December","Wednesday","09:43 am","060","Divided Road","Straight road","Level","Not Applicable","Sealed","Dry","Not Raining","Daylight","Rear End","01","Driver Rider","1: PDO","No Control","","",1321011.05,1665267.53,"13210111665268"
"2016-600-27/05/2021","1 City","ADELAIDE","5000","CITY OF ADELAIDE",2,1,0,0,1,2016,"November","Tuesday","12:00 pm","050","Divided Road","Straight road","Level","Not Applicable","Sealed","Dry","Not Raining","Daylight","Hit Parked Vehicle","01","Driver Rider","2: MI","No Control","","",1329032.82,1670412.6,"13290331670413"
"2016-601-27/05/2021","2 Metropolitan","HILLCREST","5086","CITY OF PORT ADELAIDE ENFIELD",2,0,0,0,0,2016,"December","Wednesday","08:45 am","060","Divided Road","Straight road","Level","Not Applicable","Sealed","Dry","Not Raining","Daylight","Side Swipe","02","Driver Rider","1: PDO","No Control","","",1333071.03,1677453.68,"13330711677454"
"2016-602-27/05/2021","2 Metropolitan","BOWDEN","5007","CITY OF CHARLES STURT",2,1,0,0,1,2016,"December","Tuesday","05:00 pm","050","T-Junction","Straight road","Level","Not Applicable","Sealed","Dry","Not Raining","Daylight","Right Angle","02","Driver Rider","2: MI","No Control","","",1326619.19,1673322.9,"13266191673323"
"2016-603-27/05/2021","2 Metropolitan","NORTHFIELD","5085","CITY OF PORT ADELAIDE ENFIELD",2,1,0,0,1,2016,"December","Wednesday","10:45 am","060","Divided Road","Straight road","Level","Not Applicable","Sealed","Dry","Not Raining","Daylight","Side Swipe","02","Driver Rider","2: MI","No Control","","",1330393.88,1678574.95,"13303941678575"
"2016-604-27/05/2021","2 Metropolitan","FINDON","5023","CITY OF CHARLES STURT",2,0,0,0,0,2016,"December","Wednesday","08:00 am","060","Not Divided","Straight road","Level","Not Applicable","Sealed","Dry","Not Raining","Daylight","Hit Parked Vehicle","01","Driver Rider","1: PDO","No Control","","",1322400.11,1673915.08,"13224001673915"
"2016-605-27/05/2021","2 Metropolitan","PORT ADELAIDE","5015","CITY OF PORT ADELAIDE ENFIELD",2,0,0,0,0,2016,"December","Wednesday","09:40 am","050","Not Divided","Straight road","Level","Not Applicable","Sealed","Dry","Not Raining","Daylight","Rear End","02","Driver Rider","1: PDO","No Control","","",1320906.05,1680062.71,"13209061680063"
"2016-606-27/05/2021","2 Metropolitan","DAVOREN PARK","5113","CITY OF PLAYFORD.",3,0,0,0,0,2016,"December","Wednesday","11:00 am","050","Not Divided","Straight road","Level","Driveway or Entrance","Sealed","Dry","Not Raining","Daylight","Hit Fixed Object","01","Driver Rider","1: PDO","No Control","","",1335472.16,1695657.19,"13354721695657"
"2016-607-27/05/2021","2 Metropolitan","MARDEN","5070","CC OF NORWOOD,PAYNEHAM & ST PETERS",3,2,0,0,2,2016,"December","Wednesday","10:14 am","060","Divided Road","Straight road","Level","Driveway or Entrance","Sealed","Dry","Not Raining","Daylight","Hit Parked Vehicle","01","Driver Rider","2: MI","No Control","","",1331764.39,1674219.19,"13317641674219"
"2016-608-27/05/2021","2 Metropolitan","PROSPECT","5082","CITY OF PROSPECT",2,0,0,0,0,2016,"December","Wednesday","10:30 am","060","Cross Road","Straight road","Crest of Hill","Not Applicable","Sealed","Dry","Not Raining","Daylight","Rear End","01","Driver Rider","1: PDO","Traffic Signals","","",1328059.62,1676423.15,"13280601676423"
"2016-609-27/05/2021","2 Metropolitan","MAWSON LAKES","5095","CITY OF SALISBURY",2,0,0,0,0,2016,"December","Wednesday","08:25 am","070","Divided Road","Straight road","Crest of Hill","Bridge, Culvert, Causeway","Sealed","Dry","Not Raining","Daylight","Rear End","02","Driver Rider","1: PDO","No Control","","",1330008.06,1684239,"13300081684239"
"2016-610-27/05/2021","2 Metropolitan","PLYMPTON","5038","CITY OF WEST TORRENS",2,0,0,0,0,2016,"December","Tuesday","01:12 pm","060","Not Divided","Straight road","Level","Not Applicable","Sealed","Dry","Not Raining","Daylight","Side Swipe","02","Driver Rider","1: PDO","No Control","","",1324240.37,1666448.22,"13242401666448"
"2016-611-27/05/2021","2 Metropolitan","POORAKA","5095","CITY OF SALISBURY",2,0,0,0,0,2016,"December","Wednesday","07:50 am","070","Cross Road","Straight road","Level","Not Applicable","Sealed","Dry","Not Raining","Daylight","Side Swipe","02","Driver Rider","1: PDO","Traffic Signals","","",1330499.62,1681832.25,"13305001681832"
"2016-612-27/05/2021","3 Country","ROXBY DOWNS","5725","MC ROXBY DOWNS                ",2,0,0,0,0,2016,"December","Tuesday","05:55 pm","050","T-Junction","Straight road","Level","Not Applicable","Sealed","Dry","Not Raining","Daylight","Right Angle","01","Driver Rider","1: PDO","Give Way Sign","","",1181926.69,2157067.22,"11819272157067"
"2016-613-27/05/2021","2 Metropolitan","OTTOWAY","5013","CITY OF PORT ADELAIDE ENFIELD",3,0,0,0,0,2016,"December","Tuesday","05:00 pm","060","T-Junction","Straight road","Level","Not Applicable","Sealed","Dry","Not Raining","Daylight","Rear End","01","Driver Rider","1: PDO","No Control","","",1323676.08,1679156.33,"13236761679156"
"2016-614-27/05/2021","2 Metropolitan","HENLEY BEACH","5022","CITY OF CHARLES STURT",2,0,0,0,0,2016,"November","Monday","02:24 pm","050","Not Divided","Straight road","Level","Not Applicable","Sealed","Dry","Not Raining","Daylight","Rear End","02","Driver Rider","1: PDO","No Control","","",1318647.4,1672908.16,"13186471672908"
"2016-615-27/05/2021","2 Metropolitan","BLAKEVIEW","5114","CITY OF PLAYFORD.",2,0,0,0,0,2016,"December","Tuesday","05:20 pm","090","Divided Road","Straight road","Level","Not Applicable","Sealed","Dry","Not Raining","Daylight","Rear End","02","Driver Rider","1: PDO","No Control","","",1339513.93,1700074.56,"13395141700075"
"2016-616-27/05/2021","2 Metropolitan","HAHNDORF","5245","DC MT.BARKER.                 ",3,0,0,0,0,2016,"December","Wednesday","11:30 am","110","Freeway","Straight road","Level","Not Applicable","Sealed","Dry","Not Raining","Daylight","Other","02","Driver Rider","1: PDO","No Control","","",1346134.89,1658778.13,"13461351658778"
"2016-617-27/05/2021","2 Metropolitan","ST PETERS","5069","CC OF NORWOOD,PAYNEHAM & ST PETERS",2,0,0,0,0,2016,"December","Thursday","04:00 pm","050","Cross Road","Straight road","Level","Not Applicable","Sealed","Dry","Not Raining","Daylight","Hit Fixed Object","01","Driver Rider","1: PDO","Roundabout","","",1331266.2,1672835.54,"13312661672836"
"2016-618-27/05/2021","2 Metropolitan","HOVE","5048","CITY OF HOLDFAST BAY",2,0,0,0,0,2016,"December","Wednesday","01:25 pm","050","Not Divided","Straight road","Level","Not Applicable","Sealed","Dry","Not Raining","Daylight","Hit Fixed Object","01","Driver Rider","1: PDO","No Control","","",1320605.19,1661796.94,"13206051661797"
"2016-619-27/05/2021","2 Metropolitan","ROSTREVOR","5073","CC CAMPBELLTOWN.              ",2,0,0,0,0,2016,"December","Tuesday","08:00 am","060","T-Junction","Straight road","Slope","Not Applicable","Sealed","Dry","Not Raining","Daylight","Side Swipe","01","Driver Rider","1: PDO","No Control","","",1335452.92,1672990.69,"13354531672991"
"2016-620-27/05/2021","2 Metropolitan","TRANMERE","5073","CC CAMPBELLTOWN.              ",2,1,0,0,1,2016,"December","Wednesday","12:12 pm","060","T-Junction","Straight road","Level","Not Applicable","Sealed","Dry","Not Raining","Daylight","Rear End","02","Driver Rider","2: MI","Traffic Signals","","",1333834.79,1672885.54,"13338351672886"
"2016-621-27/05/2021","2 Metropolitan","SMITHFIELD","5114","CITY OF PLAYFORD.",2,0,0,0,0,2016,"December","Wednesday","12:10 pm","060","Divided Road","Straight road","Level","Roadworks","Sealed","Dry","Not Raining","Daylight","Rear End","02","Driver Rider","1: PDO","No Control","","",1338170.78,1697641.84,"13381711697642"
"2016-622-27/05/2021","2 Metropolitan","MORPHETT VALE","5162","CITY OF ONKAPARINGA",2,0,0,0,0,2016,"December","Wednesday","12:40 pm","050","Not Divided","Straight road","Level","Not Applicable","Sealed","Dry","Not Raining","Daylight","Hit Parked Vehicle","02","Driver Rider","1: PDO","No Control","","",1319482.52,1647649.72,"13194831647650"
"2016-623-27/05/2021","3 Country","MERRITON","5523","PT.PIRIE CITY & DIST. COUNCIL ",2,0,0,0,0,2016,"November","Saturday","03:30 pm","110","T-Junction","CURVED, VIEW OBSCURED","Bottom of Hill","Not Applicable","Sealed","Dry","Not Raining","Daylight","Rear End","02","Driver Rider","1: PDO","No Control","","",1292590.11,1837262.19,"12925901837262"
"2016-624-27/05/2021","3 Country","THE GAP","5271","DC NARACOORTE & LUCINDALE.",2,1,0,0,1,2016,"December","Wednesday","01:00 pm","110","T-Junction","Straight road","Level","Not Applicable","Sealed","Dry","Not Raining","Daylight","Hit Fixed Object","01","Driver Rider","2: MI","No Control","","",1502959.9,1460784.82,"15029601460785"
"2016-625-27/05/2021","2 Metropolitan","STONYFELL","5066","CITY OF BURNSIDE",2,2,0,0,2,2016,"December","Wednesday","08:10 am","060","T-Junction","Straight road","Level","Not Applicable","Sealed","Dry","Not Raining","Daylight","Rear End","02","Driver Rider","2: MI","No Control","","",1334724.01,1669803.13,"13347241669803"
"2016-626-27/05/2021","2 Metropolitan","BRIDGEWATER","5155","THE ADELAIDE HILLS COUNCIL",2,0,0,0,0,2016,"December","Tuesday","04:00 pm","060","Not Divided","Straight road","Slope","Not Applicable","Sealed","Dry","Not Raining","Daylight","Hit Fixed Object","01","Driver Rider","1: PDO","No Control","Y","",1341798.18,1660826.24,"13417981660826"
"2016-627-27/05/2021","2 Metropolitan","BLAIR ATHOL","5084","CITY OF PORT ADELAIDE ENFIELD",2,0,0,0,0,2016,"December","Monday","08:30 am","050","Not Divided","Straight road","Level","Not Applicable","Sealed","Dry","Not Raining","Daylight","Hit Parked Vehicle","02","Driver Rider","1: PDO","No Control","","",1328252.81,1677277.91,"13282531677278"
"2016-628-27/05/2021","2 Metropolitan","DERNANCOURT","5075","CITY OF TEA TREE GULLY",2,0,0,0,0,2016,"December","Wednesday","02:42 pm","060","Divided Road","Straight road","Slope","Not Applicable","Sealed","Dry","Not Raining","Daylight","Hit Fixed Object","01","Driver Rider","1: PDO","No Control","","",1336019.31,1677221.81,"13360191677222"
"2016-629-27/05/2021","2 Metropolitan","SALISBURY DOWNS","5108","CITY OF SALISBURY",2,0,0,0,0,2016,"December","Wednesday","03:30 pm","060","Cross Road","Straight road","Level","Not Applicable","Sealed","Dry","Not Raining","Daylight","Rear End","02","Driver Rider","1: PDO","Traffic Signals","","",1331452.34,1686817.44,"13314521686817"
"2016-630-27/05/2021","2 Metropolitan","GOODWOOD","5034","CITY OF UNLEY",2,0,0,0,0,2016,"December","Saturday","03:05 pm","050","Pedestrian Crossing","Straight road","Level","Not Applicable","Sealed","Dry","Not Raining","Daylight","Right Turn","02","Driver Rider","1: PDO","Traffic Signals","","",1327458.55,1667870.27,"13274591667870"
"2016-631-27/05/2021","2 Metropolitan","PARKSIDE","5063","CITY OF UNLEY",2,0,0,0,0,2016,"December","Wednesday","08:45 am","060","Cross Road","Straight road","Level","Not Applicable","Sealed","Dry","Not Raining","Daylight","Rear End","02","Driver Rider","1: PDO","Traffic Signals","","",1329872.59,1668983.84,"13298731668984"
"2016-632-27/05/2021","2 Metropolitan","ALBERTON","5014","CITY OF PORT ADELAIDE ENFIELD",2,0,0,0,0,2016,"December","Tuesday","06:55 pm","060","Divided Road","Straight road","Level","Not Applicable","Sealed","Dry","Not Raining","Daylight","Hit Parked Vehicle","02","Driver Rider","1: PDO","No Control","","",1320698.57,1678503.05,"13206991678503"
"2016-633-27/05/2021","2 Metropolitan","SEACOMBE GARDENS","5047","CC MARION.                    ",2,0,0,0,0,2016,"December","Monday","07:00 am","050","Not Divided","Straight road","Level","Not Applicable","Sealed","Unknown","Unknown","Daylight","Hit Parked Vehicle","02","Driver Rider","1: PDO","No Control","","",1323578.65,1659986.82,"13235791659987"
"2016-634-27/05/2021","2 Metropolitan","BANKSIA PARK","5091","CITY OF TEA TREE GULLY",2,0,0,0,0,2016,"December","Wednesday","12:15 pm","050","Not Divided","Straight road","Slope","Not Applicable","Sealed","Dry","Not Raining","Daylight","Hit Fixed Object","01","Driver Rider","1: PDO","No Control","","",1341227.81,1682859.16,"13412281682859"
"2016-635-27/05/2021","2 Metropolitan","ST MARYS","5042","CC MITCHAM.                   ",2,0,0,0,0,2016,"December","Wednesday","04:30 pm","060","T-Junction","Straight road","Level","Not Applicable","Sealed","Dry","Not Raining","Daylight","Right Angle","02","Driver Rider","1: PDO","No Control","","",1325993.89,1661948.64,"13259941661949"
"2016-636-27/05/2021","2 Metropolitan","OVINGHAM","5082","CITY OF CHARLES STURT",2,1,0,0,1,2016,"December","Saturday","02:45 pm","060","Divided Road","Straight road","Slope","Not Applicable","Sealed","Dry","Not Raining","Daylight","Rear End","02","Driver Rider","2: MI","No Control","","",1327216,1673352.97,"13272161673353"
"2016-637-27/05/2021","2 Metropolitan","ASCOT PARK","5043","CC MARION.                    ",2,1,0,0,1,2016,"December","Wednesday","03:05 pm","050","Cross Road","Straight road","Level","Not Applicable","Sealed","Dry","Not Raining","Daylight","Right Angle","01","Driver Rider","2: MI","Give Way Sign","","",1324724.57,1664202.44,"13247251664202"
"2016-638-27/05/2021","1 City","NORTH ADELAIDE","5006","CITY OF ADELAIDE",2,0,0,0,0,2016,"December","Wednesday","12:00 pm","050","Not Divided","Straight road","Level","Not Applicable","Sealed","Dry","Not Raining","Daylight","Hit Parked Vehicle","02","Driver Rider","1: PDO","No Control","","",1329105.22,1672359.14,"13291051672359"
"2016-639-27/05/2021","3 Country","POLTALLOCH","5259","COORONG DISTRICT COUNCIL",2,1,0,0,1,2016,"December","Wednesday","03:00 pm","100","Not Divided","Straight road","Level","Driveway or Entrance","Unsealed","Dry","Not Raining","Daylight","Side Swipe","01","Driver Rider","2: MI","No Control","","",1388055.24,1600298.96,"13880551600299"
"2016-640-27/05/2021","2 Metropolitan","WOODFORDE","5072","CC CAMPBELLTOWN.              ",2,0,0,0,0,2016,"December","Wednesday","03:30 pm","060","Not Divided","Straight road","Level","Not Applicable","Sealed","Dry","Not Raining","Daylight","Side Swipe","02","Driver Rider","1: PDO","No Control","","",1336894.21,1673662.91,"13368941673663"
"2016-641-27/05/2021","2 Metropolitan","WINGFIELD","5013","CITY OF PORT ADELAIDE ENFIELD",2,0,0,0,0,2016,"December","Wednesday","04:45 pm","060","Not Divided","Straight road","Level","Not Applicable","Sealed","Dry","Not Raining","Daylight","Side Swipe","02","Driver Rider","1: PDO","No Control","","",1324316.76,1679497.53,"13243171679498"
"2016-642-27/05/2021","2 Metropolitan","SEFTON PARK","5083","CITY OF PROSPECT",2,0,0,0,0,2016,"December","Sunday","07:00 pm","060","T-Junction","Straight road","Level","Not Applicable","Sealed","Dry","Not Raining","Daylight","Side Swipe","01","Driver Rider","1: PDO","No Control","","",1328879.66,1676224.85,"13288801676225"
"2016-643-27/05/2021","2 Metropolitan","TUSMORE","5065","CITY OF BURNSIDE",2,1,0,0,1,2016,"November","Monday","10:00 am","060","Cross Road","Straight road","Level","Not Applicable","Sealed","Dry","Not Raining","Daylight","Rear End","02","Driver Rider","2: MI","Traffic Signals","","",1332324.24,1669046.54,"13323241669047"
"2016-644-27/05/2021","2 Metropolitan","GILLES PLAINS","5086","CITY OF PORT ADELAIDE ENFIELD",3,0,0,0,0,2016,"December","Wednesday","04:45 pm","060","T-Junction","Straight road","Level","Not Applicable","Sealed","Dry","Not Raining","Daylight","Rear End","01","Driver Rider","1: PDO","Traffic Signals","","",1333628.77,1678276.91,"13336291678277"