"REPORT_ID","Stats Area","Suburb","Postcode","LGA Name","Total Units","Total Cas","Total Fats","Total SI","Total MI","Year","Month","Day","Time","Area Speed","Position Type","Horizontal Align","Vertical Align","Other Feat","Road Surface","Moisture Cond","Weather Cond","DayNight","Crash Type","Unit Resp","Entity Code","CSEF Severity","Traffic Ctrls","DUI Involved","Drugs Involved","ACCLOC_X","ACCLOC_Y","UNIQUE_LOC"
"2016-1127-27/05/2021","3 Country","DUCK PONDS","5607","DC LOWER EYRE PENINSULA       ",2,0,0,0,0,2016,"December","Sunday","09:00 pm","110","Not Divided","Straight road","Level","Not Applicable","Sealed","Dry","Not Raining","Night","Hit Animal","02","Animal","1: PDO","No Control","","",1072080.87,1700641.26,"10720811700641"
"2016-1128-27/05/2021","3 Country","TAILEM BEND","5260","COORONG DISTRICT COUNCIL",3,0,0,0,0,2016,"December","Tuesday","11:30 am","080","Not Divided","Straight road","Level","Not Applicable","Sealed","Dry","Not Raining","Daylight","Hit Fixed Object","01","Driver Rider","1: PDO","No Control","","",1406442.12,1631347.05,"14064421631347"
"2016-1129-27/05/2021","3 Country","KADINA","5554","COPPER COAST DISTRICT COUNCIL",2,0,0,0,0,2016,"December","Wednesday","09:55 am","100","Not Divided","Straight road","Level","Not Applicable","Sealed","Wet","Raining","Daylight","Rear End","02","Driver Rider","1: PDO","No Control","","",1247763.84,1775773.51,"12477641775774"
"2016-1130-27/05/2021","2 Metropolitan","KURRALTA PARK","5037","CITY OF WEST TORRENS",2,0,0,0,0,2016,"December","Wednesday","09:10 am","060","Cross Road","Straight road","Level","Not Applicable","Sealed","Dry","Not Raining","Daylight","Hit Fixed Object","01","Driver Rider","1: PDO","Traffic Signals","","",1325778.61,1667717.09,"13257791667717"
"2016-1131-27/05/2021","2 Metropolitan","GLENELG EAST","5045","CITY OF HOLDFAST BAY",2,0,0,0,0,2016,"December","Tuesday","02:30 pm","060","Divided Road","Straight road","Level","Not Applicable","Sealed","Dry","Not Raining","Daylight","Rear End","02","Driver Rider","1: PDO","No Control","","",1321016.37,1665082.61,"13210161665083"
"2016-1132-27/05/2021","2 Metropolitan","COWANDILLA","5033","CITY OF WEST TORRENS",2,1,0,0,1,2016,"December","Tuesday","12:00 pm","060","Cross Road","Straight road","Level","Not Applicable","Sealed","Dry","Not Raining","Daylight","Right Angle","01","Driver Rider","2: MI","Stop Sign","","",1324540.45,1670057.17,"13245401670057"
"2016-1133-27/05/2021","2 Metropolitan","SALISBURY PLAIN","5109","CITY OF SALISBURY",2,0,0,0,0,2016,"December","Wednesday","11:45 am","050","T-Junction","Straight road","Level","Not Applicable","Sealed","Dry","Not Raining","Daylight","Side Swipe","02","Driver Rider","1: PDO","No Control","","",1333942.84,1687937.17,"13339431687937"
"2016-1134-27/05/2021","1 City","ADELAIDE","5000","CITY OF ADELAIDE",2,0,0,0,0,2016,"December","Wednesday","10:45 am","050","Cross Road","Straight road","Level","Not Applicable","Sealed","Dry","Not Raining","Daylight","Rear End","02","Driver Rider","1: PDO","Traffic Signals","","",1329235.96,1670842.02,"13292361670842"
"2016-1135-27/05/2021","2 Metropolitan","GLANDORE","5037","CC MARION.                    ",2,0,0,0,0,2016,"December","Tuesday","09:00 pm","050","Not Divided","Straight road","Level","Not Applicable","Sealed","Dry","Not Raining","Night","Hit Parked Vehicle","02","Driver Rider","1: PDO","No Control","","",1325462.01,1666883.08,"13254621666883"
"2016-1136-27/05/2021","3 Country","PORT LINCOLN","5606","CC PT.LINCOLN.                ",2,0,0,0,0,2016,"December","Wednesday","10:30 am","050","Not Divided","Straight road","Level","Driveway or Entrance","Sealed","Dry","Not Raining","Daylight","Hit Parked Vehicle","02","Driver Rider","1: PDO","No Control","","",1080006.07,1697920.04,"10800061697920"
"2016-1137-27/05/2021","2 Metropolitan","GLENELG NORTH","5045","CITY OF HOLDFAST BAY",2,0,0,0,0,2016,"December","Tuesday","03:45 pm","050","Cross Road","Straight road","Level","Not Applicable","Sealed","Dry","Not Raining","Daylight","Side Swipe","02","Driver Rider","1: PDO","Roundabout","","",1320786.48,1665315.19,"13207861665315"
"2016-1138-27/05/2021","2 Metropolitan","CHELTENHAM","5014","CITY OF CHARLES STURT",2,0,0,0,0,2016,"December","Wednesday","10:00 am","060","Divided Road","Straight road","Level","Not Applicable","Sealed","Dry","Not Raining","Daylight","Rear End","02","Driver Rider","1: PDO","No Control","","",1322229.15,1677261.77,"13222291677262"
"2016-1139-27/05/2021","2 Metropolitan","NORWOOD","5067","CC OF NORWOOD,PAYNEHAM & ST PETERS",2,0,0,0,0,2016,"December","Tuesday","12:30 pm","050","Not Divided","Straight road","Level","Not Applicable","Sealed","Dry","Not Raining","Daylight","Hit Parked Vehicle","02","Driver Rider","1: PDO","No Control","","",1331757.57,1670528.23,"13317581670528"
"2016-1140-27/05/2021","3 Country","PORT PIRIE","5540","PT.PIRIE CITY & DIST. COUNCIL ",2,0,0,0,0,2016,"December","Wednesday","11:10 am","050","Not Divided","Straight road","Level","Not Applicable","Sealed","Wet","Raining","Daylight","Right Angle","01","Driver Rider","1: PDO","No Control","","",1279947.01,1865824.58,"12799471865825"
"2016-1141-27/05/2021","2 Metropolitan","LOCKLEYS","5032","CITY OF WEST TORRENS",2,0,0,0,0,2016,"December","Wednesday","12:15 pm","060","T-Junction","Straight road","Level","Not Applicable","Sealed","Dry","Not Raining","Daylight","Rear End","02","Driver Rider","1: PDO","Traffic Signals","","",1321886.95,1669998.55,"13218871669999"
"2016-1142-27/05/2021","2 Metropolitan","GULFVIEW HEIGHTS","5096","CITY OF SALISBURY",2,0,0,0,0,2016,"December","Tuesday","04:00 pm","050","T-Junction","CURVED, VIEW OPEN","Level","Not Applicable","Sealed","Dry","Not Raining","Daylight","Rear End","01","Driver Rider","1: PDO","No Control","","",1334597.36,1685013.88,"13345971685014"
"2016-1143-27/05/2021","2 Metropolitan","GAWLER","5118","CT GAWLER.                    ",2,0,0,0,0,2016,"December","Wednesday","12:30 pm","050","T-Junction","Straight road","Level","Not Applicable","Sealed","Dry","Not Raining","Daylight","Right Angle","01","Driver Rider","1: PDO","No Control","","",1343362.03,1706273.87,"13433621706274"
"2016-1144-27/05/2021","2 Metropolitan","MAYLANDS","5069","CC OF NORWOOD,PAYNEHAM & ST PETERS",2,0,0,0,0,2016,"December","Tuesday","09:45 am","060","T-Junction","Straight road","Level","Not Applicable","Sealed","Dry","Not Raining","Daylight","Right Angle","02","Driver Rider","1: PDO","No Control","","",1331812.95,1671751.27,"13318131671751"
"2016-1145-27/05/2021","2 Metropolitan","WEST CROYDON","5008","CITY OF CHARLES STURT",2,0,0,0,0,2016,"December","Tuesday","06:00 pm","050","Not Divided","Straight road","Level","Not Applicable","Sealed","Dry","Not Raining","Daylight","Side Swipe","01","Driver Rider","1: PDO","No Control","","",1324636.89,1674435.25,"13246371674435"
"2016-1146-27/05/2021","2 Metropolitan","PROSPECT","5082","CITY OF PROSPECT",2,0,0,0,0,2016,"December","Friday","09:00 am","060","Cross Road","Straight road","Level","Not Applicable","Unsealed","Dry","Not Raining","Daylight","Rear End","02","Driver Rider","1: PDO","Traffic Signals","","",1328862.28,1676441.72,"13288621676442"
"2016-1147-27/05/2021","2 Metropolitan","MODBURY","5092","CITY OF TEA TREE GULLY",2,0,0,0,0,2016,"December","Wednesday","12:00 pm","060","T-Junction","Straight road","Slope","Not Applicable","Sealed","Dry","Not Raining","Daylight","Right Angle","01","Driver Rider","1: PDO","No Control","","",1337650.55,1680645.66,"13376511680646"
"2016-1148-27/05/2021","3 Country","NURIOOTPA","5355","THE BAROSSA COUNCIL.",2,0,0,0,0,2016,"December","Wednesday","11:00 am","050","Not Divided","Straight road","Level","Not Applicable","Sealed","Dry","Not Raining","Daylight","Hit Fixed Object","01","Driver Rider","1: PDO","No Control","","",1367891.51,1720384.11,"13678921720384"
"2016-1149-27/05/2021","2 Metropolitan","GEPPS CROSS","5094","CITY OF PORT ADELAIDE ENFIELD",2,0,0,0,0,2016,"December","Wednesday","11:00 am","050","Cross Road","Straight road","Level","Not Applicable","Sealed","Dry","Not Raining","Daylight","Roll Over","01","Driver Rider","1: PDO","Traffic Signals","","",1327996.61,1679256.59,"13279971679257"
"2016-1150-27/05/2021","2 Metropolitan","SALISBURY PLAIN","5109","CITY OF SALISBURY",2,0,0,0,0,2016,"December","Wednesday","11:30 am","080","Divided Road","Straight road","Level","Not Applicable","Sealed","Dry","Not Raining","Daylight","Rear End","02","Driver Rider","1: PDO","No Control","","",1334761.51,1687251.49,"13347621687251"
"2016-1151-27/05/2021","2 Metropolitan","REGENCY PARK","5010","CITY OF PORT ADELAIDE ENFIELD",2,2,0,0,2,2016,"December","Wednesday","01:15 pm","060","T-Junction","Straight road","Level","Not Applicable","Sealed","Dry","Not Raining","Daylight","Right Angle","01","Driver Rider","2: MI","Traffic Signals","","",1325605.74,1678215.46,"13256061678215"
"2016-1152-27/05/2021","2 Metropolitan","ST MARYS","5042","CC MITCHAM.                   ",2,0,0,0,0,2016,"December","Wednesday","10:10 am","060","Cross Road","Straight road","Level","Not Applicable","Sealed","Dry","Not Raining","Daylight","Rear End","02","Driver Rider","1: PDO","Traffic Signals","","",1325962.44,1663322.78,"13259621663323"
"2016-1153-27/05/2021","3 Country","LEIGHTON","5417","REGIONAL COUNCIL OF GOYDER",2,1,0,0,1,2016,"December","Wednesday","10:00 am","100","Cross Road","Straight road","Level","Not Applicable","Unsealed","Wet","Raining","Daylight","Right Angle","02","Driver Rider","2: MI","No Control","","",1345585.27,1810541.86,"13455851810542"
"2016-1154-27/05/2021","2 Metropolitan","WOODSIDE","5244","THE ADELAIDE HILLS COUNCIL",5,3,0,1,2,2016,"December","Tuesday","07:59 pm","050","Not Divided","CURVED, VIEW OPEN","Level","Not Applicable","Sealed","Dry","Not Raining","Daylight","Head On","02","Driver Rider","3: SI","No Control","","",1353566.69,1667283.19,"13535671667283"
"2016-1155-27/05/2021","2 Metropolitan","ROYAL PARK","5014","CITY OF CHARLES STURT",2,0,0,0,0,2016,"December","Wednesday","08:30 am","060","Not Divided","Straight road","Level","Not Applicable","Sealed","Dry","Not Raining","Daylight","Hit Parked Vehicle","02","Driver Rider","1: PDO","No Control","","",1320699.43,1676243.6,"13206991676244"
"2016-1156-27/05/2021","2 Metropolitan","NORTH PLYMPTON","5037","CITY OF WEST TORRENS",3,0,0,0,0,2016,"December","Monday","04:40 pm","050","Cross Road","Straight road","Level","Not Applicable","Sealed","Dry","Not Raining","Daylight","Right Angle","02","Driver Rider","1: PDO","Give Way Sign","","",1324333.24,1668117.34,"13243331668117"
"2016-1157-27/05/2021","2 Metropolitan","GEPPS CROSS","5094","CITY OF PORT ADELAIDE ENFIELD",2,0,0,0,0,2016,"December","Wednesday","01:45 pm","050","Cross Road","Straight road","Level","Not Applicable","Sealed","Dry","Not Raining","Daylight","Side Swipe","02","Driver Rider","1: PDO","Traffic Signals","","",1327996.61,1679256.59,"13279971679257"
"2016-1158-27/05/2021","2 Metropolitan","UNDERDALE","5032","CITY OF WEST TORRENS",2,0,0,0,0,2016,"December","Wednesday","12:00 pm","050","Not Divided","Straight road","Level","Not Applicable","Sealed","Dry","Not Raining","Daylight","Hit Fixed Object","01","Driver Rider","1: PDO","No Control","","",1324029.08,1671496.8,"13240291671497"
"2016-1159-27/05/2021","2 Metropolitan","GOODWOOD","5034","CITY OF UNLEY",2,0,0,0,0,2016,"December","Wednesday","02:00 pm","050","Pedestrian Crossing","Straight road","Level","Not Applicable","Sealed","Dry","Not Raining","Daylight","Rear End","02","Driver Rider","1: PDO","Traffic Signals","","",1327458.87,1667858.32,"13274591667858"
"2016-1160-27/05/2021","2 Metropolitan","ELIZABETH SOUTH","5112","CITY OF PLAYFORD.",2,0,0,0,0,2016,"December","Wednesday","03:40 pm","060","Cross Road","Straight road","Level","Not Applicable","Sealed","Dry","Not Raining","Daylight","Right Angle","02","Driver Rider","1: PDO","Traffic Signals","","",1334568.88,1691271.22,"13345691691271"
"2016-1161-27/05/2021","2 Metropolitan","GILBERTON","5081","WALKERVILLE TOWN COUNCIL",2,0,0,0,0,2016,"December","Wednesday","03:30 pm","060","T-Junction","Straight road","Slope","Not Applicable","Sealed","Dry","Not Raining","Daylight","Rear End","01","Driver Rider","1: PDO","No Control","","",1330009.12,1673695.97,"13300091673696"
"2016-1162-27/05/2021","2 Metropolitan","BLACKWOOD","5051","CC MITCHAM.                   ",2,1,0,0,1,2016,"December","Wednesday","04:20 pm","050","Divided Road","Straight road","Level","Driveway or Entrance","Sealed","Dry","Not Raining","Daylight","Side Swipe","02","Driver Rider","2: MI","No Control","","",1329448.91,1660039.56,"13294491660040"
"2016-1163-27/05/2021","3 Country","MOUNT GAMBIER","5290","CC MT.GAMBIER.                ",2,0,0,0,0,2016,"December","Wednesday","04:45 pm","050","Not Divided","Straight road","Level","Not Applicable","Sealed","Dry","Not Raining","Daylight","Side Swipe","02","Driver Rider","1: PDO","No Control","","",1510353.88,1340152.9,"15103541340153"
"2016-1164-27/05/2021","2 Metropolitan","WYNN VALE","5127","CITY OF TEA TREE GULLY",2,0,0,0,0,2016,"December","Wednesday","08:00 am","070","T-Junction","Straight road","Level","Not Applicable","Sealed","Wet","Raining","Daylight","Right Angle","02","Driver Rider","1: PDO","Give Way Sign","","",1336891.58,1684606.77,"13368921684607"
"2016-1165-27/05/2021","2 Metropolitan","MODBURY NORTH","5092","CITY OF TEA TREE GULLY",2,0,0,0,0,2016,"December","Tuesday","09:30 pm","060","Cross Road","Straight road","Level","Not Applicable","Sealed","Dry","Not Raining","Night","Side Swipe","02","Driver Rider","1: PDO","Traffic Signals","","",1336848.16,1681212.44,"13368481681212"
"2016-1166-27/05/2021","2 Metropolitan","WOODVILLE NORTH","5012","CITY OF CHARLES STURT",2,0,0,0,0,2016,"December","Wednesday","03:15 pm","050","Not Divided","Straight road","Level","Not Applicable","Sealed","Dry","Not Raining","Daylight","Rear End","02","Driver Rider","1: PDO","No Control","","",1323083.18,1677213.54,"13230831677214"
"2016-1167-27/05/2021","2 Metropolitan","GEPPS CROSS","5094","CITY OF PORT ADELAIDE ENFIELD",2,0,0,0,0,2016,"December","Wednesday","05:45 pm","060","Multiple","Straight road","Level","Not Applicable","Sealed","Dry","Not Raining","Daylight","Side Swipe","02","Driver Rider","1: PDO","Traffic Signals","","",1328802.51,1679265.44,"13288031679265"
"2016-1168-27/05/2021","2 Metropolitan","HOPE VALLEY","5090","CITY OF TEA TREE GULLY",2,0,0,0,0,2016,"December","Wednesday","04:10 pm","060","T-Junction","Straight road","Level","Not Applicable","Sealed","Dry","Not Raining","Daylight","Right Angle","02","Driver Rider","1: PDO","Give Way Sign","","",1338664.18,1679671.91,"13386641679672"
"2016-1169-27/05/2021","2 Metropolitan","CLEARVIEW","5085","CITY OF PORT ADELAIDE ENFIELD",2,1,0,0,1,2016,"December","Wednesday","01:30 pm","050","Divided Road","Straight road","Level","Not Applicable","Sealed","Dry","Not Raining","Daylight","Hit Parked Vehicle","02","Driver Rider","2: MI","No Control","","",1330317.6,1678385.48,"13303181678385"
"2016-1170-27/05/2021","2 Metropolitan","HAMPSTEAD GARDENS","5086","CITY OF PORT ADELAIDE ENFIELD",2,0,0,0,0,2016,"December","Wednesday","04:45 pm","060","Cross Road","Straight road","Level","Not Applicable","Sealed","Dry","Not Raining","Daylight","Right Angle","01","Driver Rider","1: PDO","Give Way Sign","","",1331810.03,1676603.26,"13318101676603"
"2016-1171-27/05/2021","2 Metropolitan","BOLIVAR","5110","CITY OF SALISBURY",2,0,0,0,0,2016,"December","Wednesday","02:40 pm","090","Divided Road","Straight road","Level","Not Applicable","Sealed","Dry","Not Raining","Daylight","Side Swipe","02","Driver Rider","1: PDO","No Control","","",1328311.54,1689211.93,"13283121689212"
"2016-1172-27/05/2021","2 Metropolitan","SALISBURY PLAIN","5109","CITY OF SALISBURY",2,0,0,0,0,2016,"December","Wednesday","12:30 pm","080","Cross Road","Straight road","Level","Not Applicable","Sealed","Dry","Not Raining","Daylight","Rear End","02","Driver Rider","1: PDO","Traffic Signals","","",1334718.19,1687196.61,"13347181687197"
"2016-1173-27/05/2021","2 Metropolitan","TORRENSVILLE","5031","CITY OF WEST TORRENS",2,0,0,0,0,2016,"December","Wednesday","03:45 pm","060","Cross Road","Straight road","Level","Not Applicable","Sealed","Dry","Not Raining","Daylight","Side Swipe","02","Driver Rider","1: PDO","Traffic Signals","","",1325429.88,1672005.77,"13254301672006"
"2016-1174-27/05/2021","2 Metropolitan","EDWARDSTOWN","5039","CC MARION.                    ",2,0,0,0,0,2016,"December","Wednesday","04:00 pm","050","T-Junction","Straight road","Level","Not Applicable","Sealed","Dry","Not Raining","Daylight","Right Angle","01","Driver Rider","1: PDO","No Control","","",1325081.37,1665251.93,"13250811665252"
"2016-1175-27/05/2021","2 Metropolitan","PORT ADELAIDE","5015","CITY OF PORT ADELAIDE ENFIELD",3,0,0,0,0,2016,"December","Wednesday","05:15 pm","050","Divided Road","Straight road","Level","Not Applicable","Sealed","Dry","Not Raining","Daylight","Rear End","01","Driver Rider","1: PDO","No Control","","",1320187.22,1679975.11,"13201871679975"
"2016-1176-27/05/2021","3 Country","COOKE PLAINS","5261","COORONG DISTRICT COUNCIL",2,0,0,0,0,2016,"December","Wednesday","03:15 pm","110","Not Divided","Straight road","Level","Not Applicable","Sealed","Dry","Not Raining","Daylight","Rear End","02","Driver Rider","1: PDO","No Control","","",1412562.27,1619553.21,"14125621619553"
"2016-1177-27/05/2021","2 Metropolitan","PARADISE","5075","CC CAMPBELLTOWN.              ",3,1,0,0,1,2016,"December","Wednesday","05:30 pm","060","Divided Road","Straight road","Level","Not Applicable","Sealed","Dry","Not Raining","Daylight","Rear End","01","Driver Rider","2: MI","No Control","","",1334950.27,1676277.61,"13349501676278"
"2016-1178-27/05/2021","2 Metropolitan","UNDERDALE","5032","CITY OF WEST TORRENS",2,0,0,0,0,2016,"December","Wednesday","07:00 am","060","T-Junction","Straight road","Level","Not Applicable","Sealed","Dry","Not Raining","Daylight","Rear End","01","Driver Rider","1: PDO","Traffic Signals","","",1323855.47,1670942.23,"13238551670942"
"2016-1179-27/05/2021","1 City","ADELAIDE","5000","CITY OF ADELAIDE",3,0,0,0,0,2016,"December","Wednesday","04:20 pm","050","Cross Road","Straight road","Level","Not Applicable","Sealed","Dry","Not Raining","Daylight","Rear End","01","Driver Rider","1: PDO","Traffic Signals","","",1329051.95,1669739.68,"13290521669740"
"2016-1180-27/05/2021","2 Metropolitan","WAYVILLE","5034","CITY OF UNLEY",2,0,0,0,0,2016,"December","Wednesday","04:50 pm","060","Cross Road","Straight road","Level","Not Applicable","Sealed","Dry","Not Raining","Daylight","Side Swipe","02","Driver Rider","1: PDO","Traffic Signals","","",1326865.31,1668904.7,"13268651668905"
"2016-1181-27/05/2021","2 Metropolitan","INGLE FARM","5098","CITY OF SALISBURY",2,0,0,0,0,2016,"December","Wednesday","06:25 pm","060","Divided Road","Straight road","Slope","Not Applicable","Sealed","Dry","Not Raining","Daylight","Rear End","02","Driver Rider","1: PDO","No Control","","",1334398.26,1681140.04,"13343981681140"
"2016-1182-27/05/2021","2 Metropolitan","GOULD CREEK","5114","CITY OF PLAYFORD.",2,0,0,0,0,2016,"December","Wednesday","04:00 pm","060","Not Divided","CURVED, VIEW OBSCURED","Crest of Hill","Not Applicable","Unsealed","Dry","Not Raining","Daylight","Head On","01","Driver Rider","1: PDO","No Control","","",1338118.07,1692363.03,"13381181692363"
"2016-1183-27/05/2021","2 Metropolitan","MITCHAM","5062","CC MITCHAM.                   ",3,0,0,0,0,2016,"December","Wednesday","04:15 pm","060","Not Divided","Straight road","Level","Not Applicable","Sealed","Dry","Not Raining","Daylight","Rear End","02","Driver Rider","1: PDO","No Control","","",1330069.99,1664011.19,"13300701664011"
"2016-1184-27/05/2021","2 Metropolitan","SMITHFIELD","5114","CITY OF PLAYFORD.",3,1,0,0,1,2016,"December","Wednesday","05:56 pm","080","Divided Road","Straight road","Level","Not Applicable","Sealed","Dry","Not Raining","Daylight","Rear End","01","Driver Rider","2: MI","No Control","","",1337572.4,1696583.6,"13375721696584"
"2016-1185-27/05/2021","2 Metropolitan","COLLEGE PARK","5069","CC OF NORWOOD,PAYNEHAM & ST PETERS",2,0,0,0,0,2016,"December","Tuesday","04:30 pm","060","Divided Road","Straight road","Level","Driveway or Entrance","Unknown","Dry","Not Raining","Daylight","Right Angle","02","Driver Rider","1: PDO","No Control","","",1330681.55,1671825.94,"13306821671826"
"2016-1186-27/05/2021","2 Metropolitan","MEDINDIE","5081","WALKERVILLE TOWN COUNCIL",2,0,0,0,0,2016,"December","Wednesday","06:30 pm","060","Cross Road","Straight road","Level","Not Applicable","Sealed","Dry","Not Raining","Daylight","Rear End","01","Driver Rider","1: PDO","Give Way Sign","","",1328641.39,1673957.67,"13286411673958"
"2016-1187-27/05/2021","2 Metropolitan","UNDERDALE","5032","CITY OF WEST TORRENS",3,0,0,0,0,2016,"December","Wednesday","08:02 pm","050","Cross Road","Straight road","Level","Not Applicable","Sealed","Dry","Not Raining","Daylight","Hit Parked Vehicle","01","Driver Rider","1: PDO","Stop Sign","Y","",1324080.28,1671232.68,"13240801671233"
"2016-1188-27/05/2021","2 Metropolitan","GLEN OSMOND","5064","CITY OF BURNSIDE",2,0,0,0,0,2016,"December","Tuesday","07:14 am","060","Divided Road","Straight road","Slope","Not Applicable","Sealed","Dry","Not Raining","Daylight","Side Swipe","02","Driver Rider","1: PDO","No Control","","",1332392.83,1666453.18,"13323931666453"
"2016-1189-27/05/2021","2 Metropolitan","ANGLE VALE","5117","CITY OF PLAYFORD.",3,1,0,0,1,2016,"December","Wednesday","07:15 pm","050","Not Divided","Straight road","Level","Not Applicable","Sealed","Dry","Not Raining","Daylight","Hit Parked Vehicle","01","Driver Rider","2: MI","No Control","","",1333978.89,1701668.23,"13339791701668"
"2016-1190-27/05/2021","2 Metropolitan","GLENELG NORTH","5045","CITY OF HOLDFAST BAY",2,0,0,0,0,2016,"December","Wednesday","04:15 am","050","T-Junction","CURVED, VIEW OPEN","Slope","Bridge, Culvert, Causeway","Sealed","Dry","Not Raining","Night","Hit Fixed Object","01","Driver Rider","1: PDO","Give Way Sign","Y","",1320504.3,1665863.66,"13205041665864"
"2016-1191-27/05/2021","2 Metropolitan","GEPPS CROSS","5094","CITY OF PORT ADELAIDE ENFIELD",2,1,0,0,1,2016,"December","Wednesday","11:35 pm","070","T-Junction","Straight road","Level","Not Applicable","Sealed","Dry","Not Raining","Night","Hit Fixed Object","01","Driver Rider","2: MI","Traffic Signals","","",1328754.98,1680472.98,"13287551680473"
"2016-1192-27/05/2021","2 Metropolitan","PARAFIELD GARDENS","5107","CITY OF SALISBURY",2,1,0,0,1,2016,"December","Thursday","03:50 am","090","Divided Road","Straight road","Level","Not Applicable","Sealed","Dry","Not Raining","Night","Hit Fixed Object","01","Driver Rider","2: MI","No Control","","",1328599.73,1687401.73,"13286001687402"
"2016-1193-27/05/2021","3 Country","MURRAY BRIDGE","5253","RC MURRAY BRIDGE.             ",2,0,0,0,0,2016,"December","Thursday","04:00 am","050","Not Divided","CURVED, VIEW OPEN","Level","Not Applicable","Sealed","Dry","Not Raining","Night","Hit Fixed Object","01","Driver Rider","1: PDO","No Control","","",1389992.42,1645078.76,"13899921645079"
"2016-1194-27/05/2021","2 Metropolitan","OAKDEN","5086","CITY OF PORT ADELAIDE ENFIELD",2,0,0,0,0,2016,"December","Thursday","03:00 am","050","T-Junction","CURVED, VIEW OPEN","Level","Not Applicable","Sealed","Dry","Not Raining","Night","Hit Fixed Object","01","Driver Rider","1: PDO","No Control","","",1332866.5,1678644.95,"13328671678645"
"2016-1195-27/05/2021","2 Metropolitan","BELAIR","5052","CC MITCHAM.                   ",2,0,0,0,0,2016,"December","Wednesday","10:30 pm","060","Not Divided","CURVED, VIEW OPEN","Slope","Not Applicable","Sealed","Wet","Raining","Night","Hit Fixed Object","01","Driver Rider","1: PDO","No Control","Y","",1332338,1660639.06,"13323381660639"
"2016-1196-27/05/2021","2 Metropolitan","BURNSIDE","5066","CITY OF BURNSIDE",2,0,0,0,0,2016,"December","Thursday","04:15 am","060","Not Divided","CURVED, VIEW OBSCURED","Slope","Not Applicable","Sealed","Dry","Not Raining","Night","Hit Fixed Object","01","Driver Rider","1: PDO","No Control","","",1335053.51,1668318.89,"13350541668319"
"2016-1197-27/05/2021","2 Metropolitan","UNDERDALE","5032","CITY OF WEST TORRENS",2,0,0,0,0,2016,"December","Thursday","05:40 am","060","T-Junction","Straight road","Level","Not Applicable","Sealed","Dry","Not Raining","Night","Right Turn","01","Driver Rider","1: PDO","Traffic Signals","","",1323855.47,1670942.23,"13238551670942"
"2016-1198-27/05/2021","2 Metropolitan","MUNNO PARA","5115","CITY OF PLAYFORD.",2,0,0,0,0,2016,"December","Thursday","07:00 am","060","T-Junction","Straight road","Level","Not Applicable","Sealed","Dry","Not Raining","Daylight","Right Angle","01","Driver Rider","1: PDO","No Control","","",1337885.36,1697913.1,"13378851697913"
"2016-1199-27/05/2021","3 Country","PORT WAKEFIELD","5550","WAKEFIELD REGIONAL COUNCIL",2,0,0,0,0,2016,"December","Wednesday","02:25 pm","110","T-Junction","CURVED, VIEW OPEN","Level","Not Applicable","Sealed","Wet","Raining","Daylight","Right Angle","01","Driver Rider","1: PDO","Give Way Sign","","",1290533.44,1756462.12,"12905331756462"
"2016-1200-27/05/2021","2 Metropolitan","GLENELG SOUTH","5045","CITY OF HOLDFAST BAY",2,0,0,0,0,2016,"December","Wednesday","03:20 pm","050","Cross Road","Straight road","Level","Not Applicable","Sealed","Dry","Not Raining","Daylight","Rear End","01","Driver Rider","1: PDO","Roundabout","","",1320389.07,1664329.24,"13203891664329"
"2016-1201-27/05/2021","2 Metropolitan","VIRGINIA","5120","CITY OF PLAYFORD.",2,0,0,0,0,2016,"December","Thursday","07:24 am","050","Cross Road","Straight road","Level","Not Applicable","Sealed","Dry","Not Raining","Daylight","Hit Fixed Object","01","Driver Rider","1: PDO","Give Way Sign","","",1325845.26,1699473.52,"13258451699474"
"2016-1202-27/05/2021","2 Metropolitan","NAILSWORTH","5083","CITY OF PROSPECT",2,0,0,0,0,2016,"December","Wednesday","09:45 am","050","Cross Road","Straight road","Level","Not Applicable","Sealed","Dry","Not Raining","Daylight","Right Angle","02","Driver Rider","1: PDO","Give Way Sign","","",1329141.16,1675784.06,"13291411675784"
"2016-1203-27/05/2021","3 Country","WILMINGTON","5485","DC MT.REMARKABLE.             ",1,0,0,0,0,2016,"December","Thursday","05:15 am","100","T-Junction","CURVED, VIEW OBSCURED","Level","Not Applicable","Unsealed","Wet","Raining","Night","Left Road - Out of Control","01","Driver Rider","1: PDO","No Control","","",1293811.19,1924247.69,"12938111924248"
"2016-1204-27/05/2021","2 Metropolitan","TORRENS PARK","5062","CC MITCHAM.                   ",2,1,0,0,1,2016,"December","Thursday","07:40 am","060","T-Junction","CURVED, VIEW OPEN","Slope","Not Applicable","Sealed","Dry","Not Raining","Daylight","Rear End","01","Driver Rider","2: MI","Traffic Signals","","",1329336.44,1664210.74,"13293361664211"
"2016-1205-27/05/2021","2 Metropolitan","SHEIDOW PARK","5158","CC MARION.                    ",2,0,0,0,0,2016,"December","Wednesday","02:45 pm","080","Cross Road","Straight road","Level","Not Applicable","Sealed","Dry","Not Raining","Daylight","Side Swipe","01","Driver Rider","1: PDO","Traffic Signals","","",1320327.05,1653912.35,"13203271653912"
"2016-1206-27/05/2021","3 Country","PORT AUGUSTA WEST","5700","CC PT.AUGUSTA.                ",3,0,0,0,0,2016,"December","Thursday","08:05 am","050","Not Divided","Straight road","Level","Not Applicable","Sealed","Wet","Raining","Daylight","Hit Fixed Object","01","Driver Rider","1: PDO","No Control","","",1258149.25,1944723.04,"12581491944723"