"REPORT_ID","Stats Area","Suburb","Postcode","LGA Name","Total Units","Total Cas","Total Fats","Total SI","Total MI","Year","Month","Day","Time","Area Speed","Position Type","Horizontal Align","Vertical Align","Other Feat","Road Surface","Moisture Cond","Weather Cond","DayNight","Crash Type","Unit Resp","Entity Code","CSEF Severity","Traffic Ctrls","DUI Involved","Drugs Involved","ACCLOC_X","ACCLOC_Y","UNIQUE_LOC"
"2016-2248-27/05/2021","3 Country","RISDON PARK","5540","PT.PIRIE CITY & DIST. COUNCIL ",2,0,0,0,0,2016,"December","Saturday","01:22 pm","050","Not Divided","Straight road","Level","Driveway or Entrance","Sealed","Dry","Not Raining","Daylight","Right Angle","02","Driver Rider","1: PDO","No Control","","",1278844.72,1863339.06,"12788451863339"
"2016-2249-27/05/2021","2 Metropolitan","FINDON","5023","CITY OF CHARLES STURT",2,0,0,0,0,2016,"December","Saturday","12:30 pm","060","T-Junction","Straight road","Level","Not Applicable","Sealed","Dry","Not Raining","Daylight","Right Angle","02","Driver Rider","1: PDO","No Control","","",1323190.65,1673581.35,"13231911673581"
"2016-2250-27/05/2021","2 Metropolitan","KILBURN","5084","CITY OF PORT ADELAIDE ENFIELD",2,0,0,0,0,2016,"December","Saturday","12:45 pm","060","T-Junction","Straight road","Level","Not Applicable","Sealed","Dry","Not Raining","Daylight","Right Turn","02","Driver Rider","1: PDO","No Control","","",1327198.93,1677719.85,"13271991677720"
"2016-2251-27/05/2021","2 Metropolitan","ELIZABETH SOUTH","5112","CITY OF PLAYFORD.",2,0,0,0,0,2016,"December","Saturday","10:43 am","050","T-Junction","Straight road","Level","Not Applicable","Sealed","Dry","Not Raining","Daylight","Hit Fixed Object","01","Driver Rider","1: PDO","No Control","","",1334391.98,1691903.4,"13343921691903"
"2016-2252-27/05/2021","3 Country","CHINBINGA","5680","DC CEDUNA                     ",1,1,1,0,0,2016,"December","Friday","12:10 pm","110","Not Divided","Straight road","Level","Not Applicable","Sealed","Dry","Not Raining","Daylight","Roll Over","01","Driver Rider","4: Fatal","No Control","","Y",924696.26,1970690.6,"09246961970691"
"2016-2253-27/05/2021","3 Country","VICTOR HARBOR","5211","DC VICTOR HARBOR.             ",2,1,0,0,1,2016,"December","Saturday","11:50 am","050","Rail Crossing","Straight road","Level","Not Applicable","Sealed","Dry","Not Raining","Daylight","Right Angle","02","Driver Rider","2: MI","Stop Sign","","",1328441.04,1601484.82,"13284411601485"
"2016-2254-27/05/2021","2 Metropolitan","FINDON","5023","CITY OF CHARLES STURT",3,0,0,0,0,2016,"December","Saturday","12:40 pm","040","Not Divided","Straight road","Level","Not Applicable","Sealed","Dry","Not Raining","Daylight","Hit Parked Vehicle","02","Driver Rider","1: PDO","No Control","","",1322192.42,1673192.31,"13221921673192"
"2016-2255-27/05/2021","2 Metropolitan","ROSTREVOR","5073","CC CAMPBELLTOWN.              ",2,1,0,0,1,2016,"December","Saturday","01:15 pm","060","T-Junction","Straight road","Level","Not Applicable","Sealed","Dry","Not Raining","Daylight","Rear End","02","Driver Rider","2: MI","No Control","","",1335416.8,1674297.66,"13354171674298"
"2016-2256-27/05/2021","2 Metropolitan","ST AGNES","5097","CITY OF TEA TREE GULLY",2,0,0,0,0,2016,"December","Saturday","01:45 pm","060","T-Junction","Straight road","Level","Not Applicable","Sealed","Dry","Not Raining","Daylight","Rear End","02","Driver Rider","1: PDO","Stop Sign","","",1338578.92,1681301.34,"13385791681301"
"2016-2257-27/05/2021","2 Metropolitan","ENFIELD","5085","CITY OF PORT ADELAIDE ENFIELD",4,0,0,0,0,2016,"December","Saturday","01:55 pm","060","Divided Road","Straight road","Level","Not Applicable","Sealed","Dry","Not Raining","Daylight","Rear End","02","Driver Rider","1: PDO","No Control","","",1329375.04,1676454.98,"13293751676455"
"2016-2258-27/05/2021","2 Metropolitan","MODBURY NORTH","5092","CITY OF TEA TREE GULLY",2,0,0,0,0,2016,"December","Saturday","01:51 pm","060","T-Junction","Straight road","Level","Not Applicable","Sealed","Dry","Not Raining","Daylight","Right Angle","02","Driver Rider","1: PDO","No Control","","",1337551.32,1681925.35,"13375511681925"
"2016-2259-27/05/2021","2 Metropolitan","PROSPECT","5082","CITY OF PROSPECT",2,0,0,0,0,2016,"December","Saturday","05:20 pm","060","Cross Road","Straight road","Level","Not Applicable","Sealed","Dry","Not Raining","Daylight","Rear End","02","Driver Rider","1: PDO","Traffic Signals","","",1327235.97,1676403.16,"13272361676403"
"2016-2260-27/05/2021","1 City","ADELAIDE","5000","CITY OF ADELAIDE",2,1,0,0,1,2016,"December","Saturday","05:00 pm","050","Cross Road","Straight road","Level","Not Applicable","Sealed","Dry","Not Raining","Daylight","Right Angle","01","Driver Rider","2: MI","Traffic Signals","","",1329051.95,1669739.68,"13290521669740"
"2016-2261-27/05/2021","2 Metropolitan","SHEIDOW PARK","5158","CC MARION.                    ",2,0,0,0,0,2016,"December","Saturday","12:30 pm","050","T-Junction","Straight road","Slope","Driveway or Entrance","Sealed","Dry","Not Raining","Daylight","Right Angle","01","Driver Rider","1: PDO","No Control","","",1321168.78,1654261.3,"13211691654261"
"2016-2262-27/05/2021","2 Metropolitan","KLEMZIG","5087","CITY OF PORT ADELAIDE ENFIELD",2,0,0,0,0,2016,"December","Saturday","05:30 pm","060","Cross Road","Straight road","Level","Not Applicable","Sealed","Dry","Not Raining","Daylight","Rear End","01","Driver Rider","1: PDO","Traffic Signals","","",1331690.63,1676251.12,"13316911676251"
"2016-2263-27/05/2021","2 Metropolitan","MORPHETT VALE","5162","CITY OF ONKAPARINGA",2,1,0,0,1,2016,"December","Saturday","05:50 pm","060","Cross Road","Straight road","Level","Not Applicable","Sealed","Dry","Not Raining","Daylight","Right Angle","02","Driver Rider","2: MI","Traffic Signals","","",1320761.72,1649855.95,"13207621649856"
"2016-2264-27/05/2021","2 Metropolitan","GILLES PLAINS","5086","CITY OF PORT ADELAIDE ENFIELD",2,0,0,0,0,2016,"December","Saturday","02:15 pm","050","Not Divided","Straight road","Level","Driveway or Entrance","Sealed","Dry","Not Raining","Daylight","Right Angle","02","Driver Rider","1: PDO","No Control","","",1333897.78,1678229.97,"13338981678230"
"2016-2265-27/05/2021","2 Metropolitan","DERNANCOURT","5075","CITY OF TEA TREE GULLY",2,0,0,0,0,2016,"December","Saturday","07:00 pm","050","T-Junction","Straight road","Level","Not Applicable","Sealed","Dry","Not Raining","Daylight","Right Turn","02","Driver Rider","1: PDO","No Control","","",1336079.19,1676955.83,"13360791676956"
"2016-2266-27/05/2021","2 Metropolitan","ST GEORGES","5064","CITY OF BURNSIDE",2,0,0,0,0,2016,"December","Saturday","07:30 pm","060","Divided Road","Straight road","Level","Driveway or Entrance","Sealed","Dry","Not Raining","Daylight","Right Angle","02","Driver Rider","1: PDO","No Control","","",1332348.38,1667964.29,"13323481667964"
"2016-2267-27/05/2021","2 Metropolitan","WOODVILLE","5011","CITY OF CHARLES STURT",2,0,0,0,0,2016,"December","Saturday","06:30 pm","050","Pedestrian Crossing","Straight road","Level","Not Applicable","Sealed","Dry","Not Raining","Daylight","Hit Fixed Object","01","Driver Rider","1: PDO","No Control","","",1322962.2,1676098.11,"13229621676098"
"2016-2268-27/05/2021","2 Metropolitan","PROSPECT","5082","CITY OF PROSPECT",2,0,0,0,0,2016,"December","Saturday","08:40 pm","060","Cross Road","Straight road","Slope","Not Applicable","Sealed","Dry","Not Raining","Night","Rear End","09","Other","1: PDO","Traffic Signals","","",1328059.62,1676423.15,"13280601676423"
"2016-2269-27/05/2021","2 Metropolitan","WYNN VALE","5127","CITY OF TEA TREE GULLY",2,0,0,0,0,2016,"December","Saturday","08:50 pm","060","T-Junction","Straight road","Level","Not Applicable","Sealed","Dry","Not Raining","Night","Right Angle","02","Driver Rider","1: PDO","No Control","","",1337218.6,1684924.85,"13372191684925"
"2016-2270-27/05/2021","3 Country","SOUTHEND","5280","WATTLE RANGE COUNCIL",1,1,0,0,1,2016,"December","Saturday","09:50 pm","050","Other","Straight road","Level","Not Applicable","Unsealed","Dry","Not Raining","Night","Roll Over","01","Driver Rider","2: MI","No Control","","",1454084.94,1372659.47,"14540851372659"
"2016-2271-27/05/2021","2 Metropolitan","WAYVILLE","5034","CITY OF UNLEY",2,0,0,0,0,2016,"December","Saturday","10:10 pm","060","Cross Road","Straight road","Level","Not Applicable","Sealed","Dry","Not Raining","Night","Right Turn","01","Driver Rider","1: PDO","Traffic Signals","","",1327951.24,1669556.92,"13279511669557"
"2016-2272-27/05/2021","2 Metropolitan","SOMERTON PARK","5044","CITY OF HOLDFAST BAY",2,1,0,1,0,2016,"December","Saturday","09:11 pm","060","Divided Road","Straight road","Level","Not Applicable","Sealed","Dry","Not Raining","Night","Hit Pedestrian","02","Pedestrian","3: SI","No Control","","",1321061.21,1663528.32,"13210611663528"
"2016-2273-27/05/2021","2 Metropolitan","CLARENCE GARDENS","5039","CC MITCHAM.                   ",2,0,0,0,0,2016,"December","Saturday","11:30 pm","060","Divided Road","Straight road","Level","Not Applicable","Sealed","Dry","Not Raining","Night","Side Swipe","01","Driver Rider","1: PDO","No Control","Y","",1325899.8,1665580.87,"13259001665581"
"2016-2274-27/05/2021","2 Metropolitan","CHRISTIES BEACH","5165","CITY OF ONKAPARINGA",2,0,0,0,0,2016,"December","Saturday","10:50 pm","050","Not Divided","CURVED, VIEW OPEN","Level","Not Applicable","Sealed","Dry","Not Raining","Night","Hit Fixed Object","01","Driver Rider","1: PDO","No Control","","",1317223.22,1647371.81,"13172231647372"
"2016-2275-27/05/2021","1 City","NORTH ADELAIDE","5006","CITY OF ADELAIDE",2,0,0,0,0,2016,"December","Saturday","04:10 pm","050","Cross Road","Straight road","Level","Not Applicable","Sealed","Dry","Not Raining","Daylight","Right Angle","01","Driver Rider","1: PDO","Traffic Signals","","",1328111.74,1673172.85,"13281121673173"
"2016-2276-27/05/2021","2 Metropolitan","HILLCREST","5086","CITY OF PORT ADELAIDE ENFIELD",2,0,0,0,0,2016,"December","Saturday","04:45 pm","050","T-Junction","Straight road","Level","Not Applicable","Sealed","Dry","Not Raining","Daylight","Right Angle","02","Driver Rider","1: PDO","No Control","","",1332763.19,1677860.43,"13327631677860"
"2016-2277-27/05/2021","2 Metropolitan","BEVERLEY","5009","CITY OF CHARLES STURT",2,0,0,0,0,2016,"December","Friday","07:45 am","060","T-Junction","Straight road","Level","Not Applicable","Sealed","Dry","Not Raining","Daylight","Side Swipe","01","Driver Rider","1: PDO","Traffic Signals","","",1324158.31,1674600.99,"13241581674601"
"2016-2278-27/05/2021","1 City","ADELAIDE","5000","CITY OF ADELAIDE",2,0,0,0,0,2016,"December","Saturday","05:21 pm","060","Divided Road","Straight road","Level","Not Applicable","Sealed","Dry","Not Raining","Daylight","Rear End","02","Driver Rider","1: PDO","No Control","","",1327380.42,1669789.17,"13273801669789"
"2016-2279-27/05/2021","2 Metropolitan","MODBURY","5092","CITY OF TEA TREE GULLY",2,0,0,0,0,2016,"December","Wednesday","04:10 pm","060","Not Divided","Straight road","Level","Not Applicable","Sealed","Dry","Not Raining","Daylight","Rear End","01","Driver Rider","1: PDO","No Control","","",1335627.36,1680586.05,"13356271680586"
"2016-2280-27/05/2021","2 Metropolitan","DOVER GARDENS","5048","CC MARION.                    ",2,0,0,0,0,2016,"December","Saturday","09:45 pm","060","Cross Road","Straight road","Level","Not Applicable","Sealed","Dry","Not Raining","Night","Right Turn","01","Driver Rider","1: PDO","Traffic Signals","","",1322777.1,1660604.93,"13227771660605"
"2016-2281-27/05/2021","2 Metropolitan","GLENGOWRIE","5044","CC MARION.                    ",2,0,0,0,0,2016,"December","Saturday","12:15 pm","050","Not Divided","Straight road","Level","Not Applicable","Sealed","Dry","Not Raining","Daylight","Side Swipe","01","Driver Rider","1: PDO","No Control","","",1322506.57,1664192.82,"13225071664193"
"2016-2282-27/05/2021","2 Metropolitan","OUTER HARBOR","5018","CITY OF PORT ADELAIDE ENFIELD",3,0,0,0,0,2016,"December","Saturday","01:00 am","060","Divided Road","Straight road","Level","Not Applicable","Sealed","Dry","Not Raining","Night","Hit Animal","09","Other","1: PDO","No Control","","",1319506.82,1687133.89,"13195071687134"
"2016-2283-27/05/2021","3 Country","PORT LINCOLN","5606","CC PT.LINCOLN.                ",2,0,0,0,0,2016,"December","Saturday","04:00 pm","050","Not Divided","Straight road","Level","Driveway or Entrance","Sealed","Dry","Not Raining","Daylight","Right Angle","02","Driver Rider","1: PDO","No Control","","",1078603.69,1698465.2,"10786041698465"
"2016-2284-27/05/2021","2 Metropolitan","NORWOOD","5067","CC OF NORWOOD,PAYNEHAM & ST PETERS",2,0,0,0,0,2016,"December","Saturday","06:50 pm","060","Cross Road","Straight road","Level","Not Applicable","Sealed","Dry","Not Raining","Daylight","Side Swipe","02","Driver Rider","1: PDO","Stop Sign","","",1331050.76,1670373.67,"13310511670374"
"2016-2285-27/05/2021","2 Metropolitan","MONTACUTE","5134","THE ADELAIDE HILLS COUNCIL",2,0,0,0,0,2016,"December","Saturday","01:40 pm","080","Not Divided","Straight road","Slope","Not Applicable","Sealed","Dry","Not Raining","Daylight","Roll Over","01","Driver Rider","1: PDO","No Control","","",1343357.71,1672110.81,"13433581672111"
"2016-2286-27/05/2021","2 Metropolitan","SEAFORD","5169","CITY OF ONKAPARINGA",2,1,0,0,1,2016,"December","Saturday","06:00 pm","050","Not Divided","Straight road","Level","Not Applicable","Sealed","Dry","Not Raining","Daylight","Hit Pedestrian","01","Driver Rider","2: MI","No Control","","",1316241.6,1641666.22,"13162421641666"
"2016-2287-27/05/2021","2 Metropolitan","HALLETT COVE","5158","CC MARION.                    ",2,0,0,0,0,2016,"December","Saturday","05:15 pm","080","Divided Road","Straight road","Level","Not Applicable","Sealed","Dry","Not Raining","Daylight","Rear End","02","Driver Rider","1: PDO","No Control","","",1319498.33,1653304.32,"13194981653304"
"2016-2288-27/05/2021","3 Country","CONDOWIE","5464","WAKEFIELD REGIONAL COUNCIL",2,0,0,0,0,2016,"December","Saturday","07:10 pm","110","Not Divided","Straight road","Level","Not Applicable","Sealed","Dry","Not Raining","Daylight","Hit Animal","02","Animal","1: PDO","No Control","","",1304206.98,1799028.63,"13042071799029"
"2016-2289-27/05/2021","3 Country","NURIOOTPA","5355","THE BAROSSA COUNCIL.",2,0,0,0,0,2016,"December","Saturday","11:50 pm","050","Not Divided","Straight road","Level","Not Applicable","Sealed","Dry","Not Raining","Night","Hit Fixed Object","01","Driver Rider","1: PDO","No Control","Y","",1365240.82,1720789.25,"13652411720789"
"2016-2290-27/05/2021","3 Country","SOLOMONTOWN","5540","PT.PIRIE CITY & DIST. COUNCIL ",2,0,0,0,0,2016,"December","Tuesday","11:00 am","060","Cross Road","Straight road","Level","Not Applicable","Sealed","Dry","Not Raining","Daylight","Side Swipe","01","Driver Rider","1: PDO","Roundabout","","",1281103.47,1864995.61,"12811031864996"
"2016-2291-27/05/2021","2 Metropolitan","BROMPTON","5007","CITY OF CHARLES STURT",1,1,0,0,1,2016,"December","Thursday","01:15 pm","060","T-Junction","Straight road","Level","Not Applicable","Sealed","Dry","Not Raining","Daylight","Roll Over","01","Driver Rider","2: MI","Traffic Signals","","",1326963.8,1674068.64,"13269641674069"
"2016-2292-27/05/2021","2 Metropolitan","ELIZABETH","5112","CITY OF PLAYFORD.",2,0,0,0,0,2016,"December","Thursday","12:15 pm","060","Divided Road","Straight road","Level","Not Applicable","Sealed","Dry","Not Raining","Daylight","Side Swipe","02","Driver Rider","1: PDO","No Control","","",1335937.73,1693741.65,"13359381693742"
"2016-2293-27/05/2021","2 Metropolitan","STURT","5047","CC MARION.                    ",2,0,0,0,0,2016,"December","Friday","02:50 pm","070","Ramp Off","Straight road","Level","Not Applicable","Sealed","Dry","Not Raining","Daylight","Side Swipe","02","Driver Rider","1: PDO","No Control","","",1324343.67,1659878.37,"13243441659878"
"2016-2294-27/05/2021","2 Metropolitan","ST MARYS","5042","CC MITCHAM.                   ",2,0,0,0,0,2016,"January","Friday","05:45 pm","050","Not Divided","Straight road","Level","Not Applicable","Sealed","Dry","Not Raining","Daylight","Hit Parked Vehicle","02","Driver Rider","1: PDO","No Control","","",1326221.63,1663215.5,"13262221663216"
"2016-2295-27/05/2021","2 Metropolitan","HILTON","5033","CITY OF WEST TORRENS",2,0,0,0,0,2016,"December","Friday","10:50 am","060","Cross Road","Straight road","Level","Not Applicable","Sealed","Wet","Raining","Daylight","Right Turn","02","Driver Rider","1: PDO","Traffic Signals","","",1325771.37,1670085.26,"13257711670085"
"2016-2296-27/05/2021","2 Metropolitan","LOWER MITCHAM","5062","CC MITCHAM.                   ",2,1,0,0,1,2016,"December","Friday","11:50 am","050","Rail Crossing","Straight road","Slope","Not Applicable","Sealed","Dry","Not Raining","Daylight","Rear End","02","Driver Rider","2: MI","Rail Xing - Boom","","",1328988.13,1665056.67,"13289881665057"
"2016-2297-27/05/2021","2 Metropolitan","NOARLUNGA CENTRE","5168","CITY OF ONKAPARINGA",2,0,0,0,0,2016,"December","Tuesday","01:30 pm","060","Not Divided","Straight road","Bottom of Hill","Driveway or Entrance","Sealed","Wet","Raining","Daylight","Rear End","02","Driver Rider","1: PDO","No Control","","",1318792.34,1647394.15,"13187921647394"
"2016-2298-27/05/2021","2 Metropolitan","PLYMPTON","5038","CITY OF WEST TORRENS",3,0,0,0,0,2016,"December","Wednesday","11:00 pm","060","Cross Road","Straight road","Level","Not Applicable","Sealed","Dry","Not Raining","Night","Rear End","02","Driver Rider","1: PDO","Traffic Signals","","",1324237.57,1666566.34,"13242381666566"
"2016-2299-27/05/2021","2 Metropolitan","GILLES PLAINS","5086","CITY OF PORT ADELAIDE ENFIELD",2,0,0,0,0,2016,"December","Saturday","11:27 am","050","T-Junction","Straight road","Level","Not Applicable","Sealed","Dry","Not Raining","Daylight","Right Angle","02","Driver Rider","1: PDO","No Control","","",1333683.73,1678370.35,"13336841678370"
"2016-2300-27/05/2021","2 Metropolitan","HENLEY BEACH","5022","CITY OF CHARLES STURT",3,0,0,0,0,2016,"December","Saturday","06:30 pm","050","Cross Road","Straight road","Level","Not Applicable","Sealed","Dry","Not Raining","Daylight","Rear End","01","Driver Rider","1: PDO","Roundabout","","",1318718.7,1673021.6,"13187191673022"
"2016-2301-27/05/2021","3 Country","PORT ELLIOT","5212","ALEXANDRINA COUNCIL",2,0,0,0,0,2016,"December","Friday","11:30 pm","050","T-Junction","CURVED, VIEW OPEN","Slope","Not Applicable","Sealed","Dry","Not Raining","Night","Hit Fixed Object","01","Driver Rider","1: PDO","No Control","","",1332924.18,1603181.31,"13329241603181"
"2016-2302-27/05/2021","2 Metropolitan","TORRENSVILLE","5031","CITY OF WEST TORRENS",2,0,0,0,0,2016,"December","Saturday","11:30 am","060","Divided Road","Straight road","Level","Not Applicable","Sealed","Dry","Not Raining","Daylight","Hit Parked Vehicle","02","Driver Rider","1: PDO","No Control","","",1325122.87,1670974.04,"13251231670974"
"2016-2303-27/05/2021","3 Country","MONASH","5342","THE BERRI BARMERA COUNCIL",2,0,0,0,0,2016,"December","Tuesday","12:00 pm","080","Not Divided","Straight road","Level","Bridge, Culvert, Causeway","Sealed","Unknown","Unknown","Daylight","Hit Fixed Object","01","Driver Rider","1: PDO","No Control","","",1514057.65,1738308.31,"15140581738308"
"2016-2304-27/05/2021","1 City","ADELAIDE","5000","CITY OF ADELAIDE",2,0,0,0,0,2016,"December","Saturday","05:28 pm","050","Not Divided","Straight road","Level","Not Applicable","Sealed","Dry","Not Raining","Daylight","Hit Parked Vehicle","02","Driver Rider","1: PDO","No Control","","",1328286.51,1670588.38,"13282871670588"
"2016-2305-27/05/2021","1 City","NORTH ADELAIDE","5006","CITY OF ADELAIDE",2,0,0,0,0,2016,"December","Thursday","09:00 am","060","Not Divided","Straight road","Level","Driveway or Entrance","Sealed","Unknown","Unknown","Daylight","Side Swipe","02","Driver Rider","1: PDO","No Control","","",1329127.91,1672603.21,"13291281672603"
"2016-2306-27/05/2021","2 Metropolitan","HECTORVILLE","5073","CC CAMPBELLTOWN.              ",2,0,0,0,0,2016,"December","Sunday","09:00 am","050","Not Divided","Straight road","Level","Not Applicable","Sealed","Unknown","Unknown","Daylight","Hit Parked Vehicle","02","Driver Rider","1: PDO","No Control","","",1334441.06,1674201.46,"13344411674201"
"2016-2307-27/05/2021","2 Metropolitan","ELIZABETH PARK","5113","CITY OF PLAYFORD.",2,1,0,0,1,2016,"December","Thursday","11:45 am","080","Cross Road","Straight road","Level","Not Applicable","Sealed","Dry","Not Raining","Daylight","Rear End","02","Driver Rider","2: MI","Traffic Signals","","",1336500.9,1694621.89,"13365011694622"
"2016-2308-27/05/2021","2 Metropolitan","SALISBURY EAST","5109","CITY OF SALISBURY",2,0,0,0,0,2016,"December","Monday","06:40 am","060","Cross Road","Straight road","Level","Not Applicable","Sealed","Dry","Not Raining","Daylight","Hit Fixed Object","01","Driver Rider","1: PDO","Traffic Signals","","",1334189.82,1684652.72,"13341901684653"
"2016-2309-27/05/2021","2 Metropolitan","BEDFORD PARK","5042","CC MITCHAM.                   ",2,0,0,0,0,2016,"December","Thursday","08:30 pm","060","Cross Road","Straight road","Slope","Roadworks","Sealed","Dry","Not Raining","Daylight","Side Swipe","02","Driver Rider","1: PDO","Traffic Signals","","",1325415.07,1660698.62,"13254151660699"
"2016-2310-27/05/2021","2 Metropolitan","GLENELG SOUTH","5045","CITY OF HOLDFAST BAY",2,0,0,0,0,2016,"December","Wednesday","01:00 pm","050","Not Divided","Straight road","Level","Not Applicable","Sealed","Dry","Not Raining","Daylight","Hit Parked Vehicle","02","Driver Rider","1: PDO","No Control","","",1320026.26,1663704.08,"13200261663704"
"2016-2311-27/05/2021","1 City","ADELAIDE","5000","CITY OF ADELAIDE",2,0,0,0,0,2016,"December","Saturday","12:00 pm","050","Divided Road","Straight road","Level","Not Applicable","Sealed","Dry","Not Raining","Daylight","Hit Parked Vehicle","02","Driver Rider","1: PDO","No Control","","",1327489.82,1670329.36,"13274901670329"
"2016-2312-27/05/2021","1 City","NORTH ADELAIDE","5006","CITY OF ADELAIDE",3,0,0,0,0,2016,"December","Wednesday","03:30 pm","050","Cross Road","Straight road","Level","Not Applicable","Sealed","Dry","Not Raining","Daylight","Rear End","02","Driver Rider","1: PDO","Traffic Signals","","",1328276.35,1672578.74,"13282761672579"
"2016-2313-27/05/2021","3 Country","KOOLUNGA","5464","PT.PIRIE CITY & DIST. COUNCIL ",2,1,0,0,1,2016,"December","Wednesday","07:55 am","080","Not Divided","Straight road","Level","Not Applicable","Sealed","Dry","Not Raining","Daylight","Hit Fixed Object","01","Driver Rider","2: MI","No Control","","",1312948.66,1815612.29,"13129491815612"
"2016-2314-27/05/2021","3 Country","KINGSCOTE","5223","KANGAROO ISLAND COUNCIL",2,0,0,0,0,2016,"December","Friday","02:45 pm","050","Not Divided","Straight road","Level","Not Applicable","Sealed","Dry","Not Raining","Daylight","Hit Parked Vehicle","02","Driver Rider","1: PDO","No Control","","",1238885.41,1592320.15,"12388851592320"
"2016-2315-27/05/2021","2 Metropolitan","SEMAPHORE","5019","CITY OF PORT ADELAIDE ENFIELD",2,1,0,0,1,2016,"December","Saturday","08:45 pm","025","Not Divided","Straight road","Level","Not Applicable","Sealed","Dry","Not Raining","Night","Rear End","02","Driver Rider","2: MI","No Control","","",1318046.1,1681137.12,"13180461681137"
"2016-2316-27/05/2021","2 Metropolitan","MITCHELL PARK","5043","CC MARION.                    ",1,1,0,0,1,2016,"November","Monday","02:30 pm","060","Divided Road","Straight road","Level","Not Applicable","Sealed","Dry","Not Raining","Daylight","Roll Over","01","Driver Rider","2: MI","No Control","","",1324403.63,1660844.37,"13244041660844"
"2016-2317-27/05/2021","3 Country","BUTE","5560","BARUNGA WEST DISTRICT COUNCIL",2,0,0,0,0,2016,"December","Thursday","02:15 pm","080","Not Divided","Straight road","Level","Driveway or Entrance","Sealed","Dry","Not Raining","Daylight","Hit Fixed Object","01","Driver Rider","1: PDO","No Control","","",1276765.81,1789257.43,"12767661789257"
"2016-2318-27/05/2021","3 Country","KINGSTON SE","5275","DC KINGSTON.",2,0,0,0,0,2016,"December","Tuesday","07:00 pm","050","Not Divided","CURVED, VIEW OPEN","Level","Not Applicable","Sealed","Dry","Not Raining","Daylight","Hit Fixed Object","01","Driver Rider","1: PDO","No Control","","",1432899.93,1454741.83,"14329001454742"
"2016-2319-27/05/2021","2 Metropolitan","FREWVILLE","5063","CITY OF BURNSIDE",2,1,0,0,1,2016,"August","Tuesday","02:00 pm","060","T-Junction","Straight road","Level","Not Applicable","Sealed","Dry","Not Raining","Daylight","Right Angle","02","Driver Rider","2: MI","No Control","","",1331440.1,1667762,"13314401667762"
"2016-2320-27/05/2021","2 Metropolitan","NORWOOD","5067","CC OF NORWOOD,PAYNEHAM & ST PETERS",2,1,0,0,1,2016,"December","Wednesday","04:30 pm","060","Cross Road","CURVED, VIEW OPEN","Level","Not Applicable","Sealed","Dry","Not Raining","Daylight","Right Angle","02","Driver Rider","2: MI","Roundabout","","",1330623.32,1670361.88,"13306231670362"
"2016-2321-27/05/2021","2 Metropolitan","LENSWOOD","5240","THE ADELAIDE HILLS COUNCIL",2,1,0,0,1,2016,"December","Sunday","12:30 pm","060","T-Junction","Straight road","Level","Not Applicable","Sealed","Dry","Not Raining","Daylight","Right Angle","01","Driver Rider","2: MI","Give Way Sign","","",1349796.5,1670811.45,"13497971670811"
"2016-2322-27/05/2021","2 Metropolitan","NORTHFIELD","5085","CITY OF PORT ADELAIDE ENFIELD",2,1,0,0,1,2016,"December","Thursday","05:30 pm","050","Cross Road","Straight road","Level","Not Applicable","Sealed","Dry","Not Raining","Daylight","Rear End","02","Driver Rider","2: MI","Roundabout","","",1330863.43,1678420.48,"13308631678420"
"2016-2323-27/05/2021","2 Metropolitan","RICHMOND","5033","CITY OF WEST TORRENS",2,0,0,0,0,2016,"December","Monday","10:20 pm","050","Not Divided","Straight road","Level","Not Applicable","Sealed","Dry","Not Raining","Night","Hit Parked Vehicle","02","Driver Rider","1: PDO","No Control","","",1324479.14,1669449.58,"13244791669450"
"2016-2324-27/05/2021","2 Metropolitan","MAWSON LAKES","5095","CITY OF SALISBURY",2,0,0,0,0,2016,"January","Wednesday","08:00 pm","050","T-Junction","Straight road","Level","Not Applicable","Sealed","Dry","Not Raining","Daylight","Right Turn","02","Driver Rider","1: PDO","No Control","","",1330284.22,1683424.1,"13302841683424"
"2016-2325-27/05/2021","2 Metropolitan","MORPHETTVILLE","5043","CC MARION.                    ",2,1,0,0,1,2016,"December","Sunday","02:30 pm","060","T-Junction","Straight road","Level","Not Applicable","Sealed","Dry","Not Raining","Daylight","Rear End","02","Driver Rider","2: MI","Traffic Signals","","",1322863.25,1663093.17,"13228631663093"
"2016-2326-27/05/2021","2 Metropolitan","NOARLUNGA DOWNS","5168","CITY OF ONKAPARINGA",2,0,0,0,0,2016,"December","Saturday","07:30 pm","050","Not Divided","Straight road","Slope","Driveway or Entrance","Sealed","Dry","Not Raining","Daylight","Right Angle","02","Driver Rider","1: PDO","No Control","","",1317836.59,1646340.31,"13178371646340"
"2016-2327-27/05/2021","2 Metropolitan","VALLEY VIEW","5093","CITY OF SALISBURY",2,0,0,0,0,2016,"February","Tuesday","04:30 pm","060","Cross Road","Straight road","Level","Not Applicable","Sealed","Dry","Not Raining","Daylight","Right Angle","02","Driver Rider","1: PDO","Roundabout","","",1334522.88,1680533.71,"13345231680534"