"REPORT_ID","Stats Area","Suburb","Postcode","LGA Name","Total Units","Total Cas","Total Fats","Total SI","Total MI","Year","Month","Day","Time","Area Speed","Position Type","Horizontal Align","Vertical Align","Other Feat","Road Surface","Moisture Cond","Weather Cond","DayNight","Crash Type","Unit Resp","Entity Code","CSEF Severity","Traffic Ctrls","DUI Involved","Drugs Involved","ACCLOC_X","ACCLOC_Y","UNIQUE_LOC"
"2016-2572-27/05/2021","2 Metropolitan","GLENELG NORTH","5045","CITY OF HOLDFAST BAY",2,1,0,1,0,2016,"July","Friday","04:30 pm","050","Divided Road","Straight road","Level","Not Applicable","Sealed","Dry","Not Raining","Daylight","Rear End","02","Driver Rider","3: SI","No Control","","",1320506.21,1665290.54,"13205061665291"
"2016-2573-27/05/2021","2 Metropolitan","NEWTON","5074","CC CAMPBELLTOWN.              ",2,1,0,0,1,2016,"July","Monday","09:03 am","050","Cross Road","Straight road","Level","Not Applicable","Sealed","Dry","Not Raining","Daylight","Hit Pedestrian","01","Driver Rider","2: MI","Traffic Signals","","",1336041.78,1674570.62,"13360421674571"
"2016-2574-27/05/2021","2 Metropolitan","THEBARTON","5031","CITY OF WEST TORRENS",2,0,0,0,0,2016,"July","Monday","09:15 am","060","Divided Road","Straight road","Level","Not Applicable","Sealed","Wet","Not Raining","Daylight","Rear End","01","Driver Rider","1: PDO","No Control","","",1326538.38,1671841.62,"13265381671842"
"2016-2575-27/05/2021","2 Metropolitan","GOLDEN GROVE","5125","CITY OF TEA TREE GULLY",2,0,0,0,0,2016,"July","Tuesday","04:00 pm","050","T-Junction","Straight road","Level","Not Applicable","Sealed","Dry","Not Raining","Daylight","Rear End","01","Driver Rider","1: PDO","No Control","","",1338486.28,1685877.46,"13384861685877"
"2016-2576-27/05/2021","2 Metropolitan","HOLDEN HILL","5088","CITY OF TEA TREE GULLY",2,1,0,0,1,2016,"July","Tuesday","08:15 pm","060","T-Junction","Straight road","Slope","Not Applicable","Sealed","Wet","Not Raining","Night","Right Angle","01","Driver Rider","2: MI","No Control","","",1335524.78,1679408.93,"13355251679409"
"2016-2577-27/05/2021","2 Metropolitan","PAYNEHAM","5070","CC OF NORWOOD,PAYNEHAM & ST PETERS",2,0,0,0,0,2016,"July","Friday","04:20 pm","060","Divided Road","Straight road","Level","Not Applicable","Sealed","Dry","Not Raining","Daylight","Rear End","02","Driver Rider","1: PDO","No Control","","",1332053.89,1673653.18,"13320541673653"
"2016-2578-27/05/2021","2 Metropolitan","NORWOOD","5067","CC OF NORWOOD,PAYNEHAM & ST PETERS",3,0,0,0,0,2016,"July","Friday","06:15 pm","060","Cross Road","Straight road","Level","Not Applicable","Sealed","Dry","Not Raining","Night","Rear End","01","Driver Rider","1: PDO","Roundabout","","",1330623.32,1670361.88,"13306231670362"
"2016-2579-27/05/2021","2 Metropolitan","FINDON","5023","CITY OF CHARLES STURT",2,1,0,1,0,2016,"July","Sunday","04:00 pm","060","T-Junction","Straight road","Level","Not Applicable","Sealed","Dry","Not Raining","Daylight","Right Turn","01","Driver Rider","3: SI","Give Way Sign","","",1323302.78,1673151.51,"13233031673152"
"2016-2580-27/05/2021","2 Metropolitan","WAYVILLE","5034","CITY OF UNLEY",2,0,0,0,0,2016,"July","Saturday","05:20 pm","060","T-Junction","Straight road","Level","Not Applicable","Sealed","Dry","Not Raining","Night","Right Angle","02","Driver Rider","1: PDO","Traffic Signals","","",1327970.13,1668930.84,"13279701668931"
"2016-2581-27/05/2021","2 Metropolitan","NEWTON","5074","CC CAMPBELLTOWN.              ",3,1,0,0,1,2016,"July","Thursday","09:15 am","060","T-Junction","Straight road","Level","Not Applicable","Sealed","Dry","Not Raining","Daylight","Other","01","Driver Rider","2: MI","No Control","","",1335389.5,1675340.25,"13353901675340"
"2016-2582-27/05/2021","2 Metropolitan","MITCHELL PARK","5043","CC MARION.                    ",2,1,0,0,1,2016,"July","Monday","11:30 am","060","Divided Road","Straight road","Level","Driveway or Entrance","Sealed","Dry","Not Raining","Daylight","Hit Pedestrian","01","Driver Rider","2: MI","No Control","","",1324451.83,1660676,"13244521660676"
"2016-2583-27/05/2021","2 Metropolitan","HILLCREST","5086","CITY OF PORT ADELAIDE ENFIELD",2,0,0,0,0,2016,"July","Tuesday","11:30 am","060","T-Junction","Straight road","Level","Not Applicable","Sealed","Dry","Not Raining","Daylight","Side Swipe","01","Driver Rider","1: PDO","No Control","","",1333153.94,1677525.54,"13331541677526"
"2016-2584-27/05/2021","2 Metropolitan","PORT ADELAIDE","5015","CITY OF PORT ADELAIDE ENFIELD",2,0,0,0,0,2016,"July","Monday","05:55 pm","050","T-Junction","Straight road","Level","Not Applicable","Sealed","Dry","Not Raining","Night","Rear End","02","Driver Rider","1: PDO","No Control","","",1320451.52,1680032.59,"13204521680033"
"2016-2585-27/05/2021","2 Metropolitan","OLD REYNELLA","5161","CITY OF ONKAPARINGA",2,0,0,0,0,2016,"July","Wednesday","06:45 pm","050","Not Divided","Straight road","Level","Not Applicable","Sealed","Dry","Not Raining","Night","Rear End","02","Driver Rider","1: PDO","No Control","","",1322288.13,1652219.33,"13222881652219"
"2016-2586-27/05/2021","2 Metropolitan","HOLDEN HILL","5088","CITY OF TEA TREE GULLY",2,0,0,0,0,2016,"July","Thursday","03:30 pm","060","Divided Road","Straight road","Level","Not Applicable","Sealed","Dry","Not Raining","Daylight","Side Swipe","02","Driver Rider","1: PDO","No Control","","",1335136.62,1678989.71,"13351371678990"
"2016-2587-27/05/2021","2 Metropolitan","POORAKA","5095","CITY OF SALISBURY",3,0,0,0,0,2016,"July","Friday","05:00 pm","070","Cross Road","Straight road","Level","Not Applicable","Sealed","Dry","Not Raining","Daylight","Rear End","01","Driver Rider","1: PDO","Traffic Signals","","",1330475.28,1681830.96,"13304751681831"
"2016-2588-27/05/2021","2 Metropolitan","NOARLUNGA CENTRE","5168","CITY OF ONKAPARINGA",4,0,0,0,0,2016,"July","Saturday","01:30 pm","060","T-Junction","Straight road","Level","Not Applicable","Sealed","Dry","Not Raining","Daylight","Rear End","02","Driver Rider","1: PDO","Traffic Signals","","",1318788.81,1647471.6,"13187891647472"
"2016-2589-27/05/2021","2 Metropolitan","PROSPECT","5082","WALKERVILLE TOWN COUNCIL",2,0,0,0,0,2016,"July","Tuesday","08:30 am","060","Divided Road","Straight road","Level","Not Applicable","Sealed","Dry","Not Raining","Daylight","Rear End","01","Driver Rider","1: PDO","No Control","","",1328669.8,1673997.93,"13286701673998"
"2016-2590-27/05/2021","2 Metropolitan","CRAFERS WEST","5152","THE ADELAIDE HILLS COUNCIL",2,0,0,0,0,2016,"July","Wednesday","11:59 pm","090","Freeway","Straight road","Slope","Not Applicable","Sealed","Dry","Not Raining","Night","Side Swipe","02","Driver Rider","1: PDO","No Control","","",1336930.22,1663050.24,"13369301663050"
"2016-2591-27/05/2021","2 Metropolitan","WINDSOR GARDENS","5087","CITY OF PORT ADELAIDE ENFIELD",2,0,0,0,0,2016,"July","Wednesday","10:30 pm","060","Divided Road","Straight road","Level","Not Applicable","Sealed","Dry","Not Raining","Night","Side Swipe","01","Driver Rider","1: PDO","No Control","","",1333899.28,1678015.05,"13338991678015"
"2016-2592-27/05/2021","2 Metropolitan","NORWOOD","5067","CC OF NORWOOD,PAYNEHAM & ST PETERS",2,0,0,0,0,2016,"July","Wednesday","06:10 pm","050","Cross Road","Straight road","Level","Not Applicable","Sealed","Dry","Not Raining","Night","Rear End","02","Driver Rider","1: PDO","Traffic Signals","","",1331450.98,1671069.14,"13314511671069"
"2016-2593-27/05/2021","2 Metropolitan","NOARLUNGA CENTRE","5168","CITY OF ONKAPARINGA",4,0,0,0,0,2016,"August","Tuesday","08:30 am","060","Cross Road","Straight road","Level","Not Applicable","Sealed","Wet","Not Raining","Daylight","Rear End","01","Driver Rider","1: PDO","Traffic Signals","","",1319094.8,1647483.87,"13190951647484"
"2016-2594-27/05/2021","1 City","ADELAIDE","5000","CITY OF ADELAIDE",2,1,0,0,1,2016,"August","Tuesday","05:15 pm","050","Not Divided","Straight road","Level","Driveway or Entrance","Sealed","Dry","Not Raining","Daylight","Right Turn","01","Driver Rider","2: MI","No Control","","",1328134.92,1670593.54,"13281351670594"
"2016-2595-27/05/2021","2 Metropolitan","WOODVILLE","5011","CITY OF CHARLES STURT",2,0,0,0,0,2016,"August","Wednesday","12:00 pm","050","Not Divided","Straight road","Level","Not Applicable","Sealed","Unknown","Unknown","Daylight","Side Swipe","02","Driver Rider","1: PDO","No Control","","",1323275.84,1676463.06,"13232761676463"
"2016-2596-27/05/2021","1 City","ADELAIDE","5000","CITY OF ADELAIDE",2,0,0,0,0,2016,"August","Wednesday","09:30 am","050","Cross Road","CURVED, VIEW OPEN","Level","Not Applicable","Sealed","Unknown","Unknown","Daylight","Side Swipe","01","Driver Rider","1: PDO","Traffic Signals","","",1327921.16,1670654.98,"13279211670655"
"2016-2597-27/05/2021","2 Metropolitan","ROYAL PARK","5014","CITY OF CHARLES STURT",2,0,0,0,0,2016,"August","Wednesday","04:05 pm","060","Divided Road","Straight road","Level","Not Applicable","Sealed","Unknown","Unknown","Daylight","Rear End","01","Driver Rider","1: PDO","No Control","","",1320681.46,1677092.6,"13206811677093"
"2016-2598-27/05/2021","2 Metropolitan","SOUTH PLYMPTON","5038","CC MARION.                    ",4,0,0,0,0,2016,"August","Monday","06:30 pm","060","Divided Road","Straight road","Level","Not Applicable","Sealed","Dry","Not Raining","Night","Rear End","01","Driver Rider","1: PDO","No Control","","",1324274.53,1665253.15,"13242751665253"
"2016-2599-27/05/2021","2 Metropolitan","KENSINGTON GARDENS","5068","CITY OF BURNSIDE",2,0,0,0,0,2016,"August","Friday","12:09 pm","060","T-Junction","Straight road","Level","Not Applicable","Sealed","Unknown","Unknown","Daylight","Rear End","02","Driver Rider","1: PDO","No Control","","",1334535.38,1671822.6,"13345351671823"
"2016-2600-27/05/2021","2 Metropolitan","HILLBANK","5112","CITY OF PLAYFORD.",1,0,0,0,0,2016,"August","Saturday","09:20 pm","050","Not Divided","Straight road","Bottom of Hill","Not Applicable","Sealed","Dry","Not Raining","Night","Roll Over","01","Driver Rider","1: PDO","No Control","","",1337663.26,1692965.57,"13376631692966"
"2016-2601-27/05/2021","2 Metropolitan","BURNSIDE","5066","CITY OF BURNSIDE",2,1,0,0,1,2016,"August","Tuesday","08:45 am","060","T-Junction","Straight road","Level","Not Applicable","Sealed","Dry","Not Raining","Daylight","Side Swipe","01","Driver Rider","2: MI","No Control","","",1334327.98,1669109.09,"13343281669109"
"2016-2602-27/05/2021","2 Metropolitan","URRBRAE","5064","CC MITCHAM.                   ",2,0,0,0,0,2016,"August","Friday","09:30 am","060","T-Junction","Straight road","Level","Not Applicable","Sealed","Unknown","Unknown","Daylight","Right Angle","01","Driver Rider","1: PDO","Stop Sign","","",1331592.03,1666315.48,"13315921666315"
"2016-2603-27/05/2021","2 Metropolitan","PARA HILLS WEST","5096","CITY OF SALISBURY",2,1,0,0,1,2016,"August","Wednesday","06:00 am","060","T-Junction","Straight road","Level","Not Applicable","Sealed","Dry","Not Raining","Night","Right Turn","01","Driver Rider","2: MI","No Control","","",1332718.48,1682786.02,"13327181682786"
"2016-2604-27/05/2021","2 Metropolitan","PARKSIDE","5063","CITY OF UNLEY",1,1,0,0,1,2016,"August","Thursday","09:15 am","060","Not Divided","Straight road","Level","Driveway or Entrance","Sealed","Dry","Not Raining","Daylight","Roll Over","09","Other","2: MI","No Control","","",1330562.01,1668435.6,"13305621668436"
"2016-2605-27/05/2021","3 Country","WHYALLA","5600","CC WHYALLA.                   ",2,0,0,0,0,2016,"August","Thursday","03:20 pm","040","Not Divided","Straight road","Level","Not Applicable","Sealed","Dry","Not Raining","Daylight","Rear End","01","Driver Rider","1: PDO","No Control","","",1240841.58,1882578.05,"12408421882578"
"2016-2606-27/05/2021","2 Metropolitan","WOODVILLE NORTH","5012","CITY OF CHARLES STURT",2,0,0,0,0,2016,"August","Friday","08:30 am","060","Cross Road","Straight road","Level","Not Applicable","Sealed","Dry","Not Raining","Daylight","Right Angle","02","Driver Rider","1: PDO","Traffic Signals","","",1323535.02,1676767,"13235351676767"
"2016-2607-27/05/2021","2 Metropolitan","CRAFERS","5152","THE ADELAIDE HILLS COUNCIL",2,0,0,0,0,2016,"August","Thursday","02:00 pm","060","Not Divided","CURVED, VIEW OPEN","Slope","Driveway or Entrance","Sealed","Dry","Not Raining","Daylight","Right Turn","01","Driver Rider","1: PDO","No Control","","",1338188.42,1663516.92,"13381881663517"
"2016-2608-27/05/2021","2 Metropolitan","HAPPY VALLEY","5159","CITY OF ONKAPARINGA",2,1,0,0,1,2016,"August","Saturday","02:00 pm","080","T-Junction","Straight road","Level","Not Applicable","Sealed","Wet","Raining","Daylight","Right Angle","01","Driver Rider","2: MI","Roundabout","","",1326426.41,1654758.15,"13264261654758"
"2016-2609-27/05/2021","3 Country","MCCRACKEN","5211","DC VICTOR HARBOR.             ",1,0,0,0,0,2016,"August","Monday","06:00 pm","050","Not Divided","Straight road","Level","Not Applicable","Sealed","Unknown","Unknown","Night","Left Road - Out of Control","01","Driver Rider","1: PDO","No Control","","",1329397.92,1602696.05,"13293981602696"
"2016-2610-27/05/2021","2 Metropolitan","HAWTHORN","5062","CC MITCHAM.                   ",2,0,0,0,0,2016,"August","Wednesday","04:25 pm","060","T-Junction","Straight road","Level","Not Applicable","Sealed","Dry","Not Raining","Daylight","Rear End","01","Driver Rider","1: PDO","No Control","","",1329168.34,1665158.49,"13291681665158"
"2016-2611-27/05/2021","2 Metropolitan","WOODVILLE SOUTH","5011","CITY OF CHARLES STURT",2,0,0,0,0,2016,"August","Monday","03:50 pm","060","Cross Road","Straight road","Level","Unknown","Sealed","Unknown","Unknown","Daylight","Rear End","02","Driver Rider","1: PDO","Traffic Signals","","",1322735.23,1675828.1,"13227351675828"
"2016-2612-27/05/2021","2 Metropolitan","SMITHFIELD","5114","CITY OF PLAYFORD.",2,0,0,0,0,2016,"August","Tuesday","05:20 pm","080","Divided Road","Straight road","Level","Unknown","Sealed","Unknown","Unknown","Daylight","Rear End","01","Driver Rider","1: PDO","No Control","","",1337543.48,1696532.52,"13375431696533"
"2016-2613-27/05/2021","2 Metropolitan","UNLEY","5061","CITY OF UNLEY",2,0,0,0,0,2016,"August","Wednesday","08:30 am","060","T-Junction","Straight road","Level","Unknown","Sealed","Unknown","Unknown","Daylight","Side Swipe","02","Driver Rider","1: PDO","Stop Sign","","",1329075.38,1668357.89,"13290751668358"
"2016-2614-27/05/2021","2 Metropolitan","GEPPS CROSS","5094","CITY OF PORT ADELAIDE ENFIELD",2,1,0,0,1,2016,"August","Wednesday","04:00 pm","060","Cross Road","Straight road","Slope","Not Applicable","Sealed","Dry","Not Raining","Daylight","Rear End","02","Driver Rider","2: MI","Traffic Signals","","",1330377.17,1679315.41,"13303771679315"
"2016-2615-27/05/2021","2 Metropolitan","ELIZABETH EAST","5112","CITY OF PLAYFORD.",2,0,0,0,0,2016,"August","Monday","12:20 pm","080","T-Junction","Straight road","Level","Not Applicable","Sealed","Dry","Not Raining","Daylight","Right Turn","02","Driver Rider","1: PDO","No Control","","",1336146.35,1691544.42,"13361461691544"
"2016-2616-27/05/2021","2 Metropolitan","NOARLUNGA CENTRE","5168","CITY OF ONKAPARINGA",3,0,0,0,0,2016,"August","Monday","12:20 pm","060","Not Divided","Straight road","Level","Driveway or Entrance","Sealed","Dry","Not Raining","Daylight","Rear End","02","Driver Rider","1: PDO","No Control","","",1317446.74,1647428.49,"13174471647428"
"2016-2617-27/05/2021","2 Metropolitan","GEPPS CROSS","5094","CITY OF PORT ADELAIDE ENFIELD",2,0,0,0,0,2016,"August","Tuesday","06:30 am","060","Multiple","Straight road","Level","Not Applicable","Sealed","Wet","Raining","Night","Rear End","02","Driver Rider","1: PDO","Traffic Signals","","",1328802.51,1679265.44,"13288031679265"
"2016-2618-27/05/2021","1 City","ADELAIDE","5000","CITY OF ADELAIDE",2,1,0,0,1,2016,"August","Tuesday","02:30 pm","050","Not Divided","Straight road","Level","Not Applicable","Sealed","Dry","Not Raining","Daylight","Side Swipe","01","Driver Rider","2: MI","No Control","","",1327415.4,1670157.58,"13274151670158"
"2016-2619-27/05/2021","2 Metropolitan","SEAFORD RISE","5169","CITY OF ONKAPARINGA",2,0,0,0,0,2016,"August","Tuesday","10:30 am","050","T-Junction","Straight road","Level","Not Applicable","Sealed","Dry","Not Raining","Daylight","Right Angle","02","Driver Rider","1: PDO","No Control","","",1317380.09,1639624.33,"13173801639624"
"2016-2620-27/05/2021","2 Metropolitan","EDWARDSTOWN","5039","CC MARION.                    ",2,1,0,0,1,2016,"August","Wednesday","05:00 pm","050","Cross Road","Straight road","Level","Not Applicable","Sealed","Dry","Not Raining","Daylight","Right Angle","01","Driver Rider","2: MI","Roundabout","","",1325074.12,1665520.36,"13250741665520"
"2016-2621-27/05/2021","2 Metropolitan","FERRYDEN PARK","5010","CITY OF PORT ADELAIDE ENFIELD",2,0,0,0,0,2016,"September","Thursday","05:40 pm","060","Cross Road","Straight road","Level","Not Applicable","Sealed","Dry","Not Raining","Daylight","Right Angle","02","Driver Rider","1: PDO","Give Way Sign","","",1325464.53,1677875.59,"13254651677876"
"2016-2622-27/05/2021","2 Metropolitan","EDEN HILLS","5050","CC MITCHAM.                   ",3,0,0,0,0,2016,"August","Friday","12:00 pm","060","Not Divided","Straight road","Level","Not Applicable","Sealed","Dry","Not Raining","Daylight","Other","01","Driver Rider","1: PDO","No Control","","",1328888.67,1659952.29,"13288891659952"
"2016-2623-27/05/2021","2 Metropolitan","HAWTHORN","5062","CC MITCHAM.                   ",2,0,0,0,0,2016,"September","Friday","06:00 pm","060","Cross Road","Straight road","Level","Not Applicable","Sealed","Dry","Not Raining","Night","Right Angle","01","Driver Rider","1: PDO","Stop Sign","","",1328577.69,1666233.24,"13285781666233"
"2016-2624-27/05/2021","1 City","ADELAIDE","5000","CITY OF ADELAIDE",2,0,0,0,0,2016,"September","Saturday","11:30 am","050","Cross Road","Straight road","Level","Not Applicable","Sealed","Dry","Not Raining","Daylight","Right Turn","02","Driver Rider","1: PDO","Traffic Signals","","",1329020.91,1670834.63,"13290211670835"
"2016-2625-27/05/2021","2 Metropolitan","BEDFORD PARK","5042","CC MITCHAM.                   ",2,0,0,0,0,2016,"September","Saturday","11:55 pm","040","Cross Road","Straight road","Slope","Roadworks","Sealed","Dry","Not Raining","Night","Rear End","01","Driver Rider","1: PDO","Traffic Signals","","",1325415.07,1660698.62,"13254151660699"
"2016-2626-27/05/2021","2 Metropolitan","KURRALTA PARK","5037","CITY OF WEST TORRENS",2,0,0,0,0,2016,"September","Sunday","04:00 am","060","T-Junction","Straight road","Level","Not Applicable","Sealed","Dry","Not Raining","Night","Hit Fixed Object","01","Driver Rider","1: PDO","No Control","","",1325385.99,1667427.21,"13253861667427"
"2016-2627-27/05/2021","2 Metropolitan","SURREY DOWNS","5126","CITY OF TEA TREE GULLY",1,0,0,0,0,2016,"September","Sunday","10:06 am","060","Cross Road","Straight road","Level","Not Applicable","Sealed","Dry","Not Raining","Daylight","Left Road - Out of Control","01","Driver Rider","1: PDO","Roundabout","","",1339676.86,1683611.55,"13396771683612"
"2016-2628-27/05/2021","1 City","ADELAIDE","5000","CITY OF ADELAIDE",2,0,0,0,0,2016,"September","Sunday","11:30 am","050","Cross Road","Straight road","Level","Not Applicable","Sealed","Dry","Not Raining","Daylight","Rear End","01","Driver Rider","1: PDO","Traffic Signals","","",1327386.29,1670322.63,"13273861670323"
"2016-2629-27/05/2021","2 Metropolitan","EVERARD PARK","5035","CITY OF UNLEY",2,0,0,0,0,2016,"August","Friday","07:20 am","060","T-Junction","Straight road","Level","Not Applicable","Sealed","Wet","Raining","Daylight","Right Angle","01","Driver Rider","1: PDO","No Control","","",1325843.2,1667385.46,"13258431667385"
"2016-2630-27/05/2021","2 Metropolitan","GEPPS CROSS","5094","CITY OF PORT ADELAIDE ENFIELD",3,1,0,0,1,2016,"September","Saturday","12:00 pm","070","T-Junction","Straight road","Level","Not Applicable","Sealed","Wet","Not Raining","Daylight","Rear End","01","Driver Rider","2: MI","Traffic Signals","","",1329558.69,1680405.02,"13295591680405"
"2016-2631-27/05/2021","2 Metropolitan","MORPHETT VALE","5162","CITY OF ONKAPARINGA",2,0,0,0,0,2016,"September","Tuesday","03:00 pm","060","Cross Road","Straight road","Level","Not Applicable","Sealed","Dry","Not Raining","Daylight","Rear End","02","Driver Rider","1: PDO","Traffic Signals","","",1321231.61,1651032.91,"13212321651033"
"2016-2632-27/05/2021","3 Country","HAYBOROUGH","5211","DC VICTOR HARBOR.             ",2,0,0,0,0,2016,"September","Wednesday","04:00 pm","060","Cross Road","Straight road","Level","Not Applicable","Sealed","Dry","Not Raining","Daylight","Right Angle","01","Driver Rider","1: PDO","Give Way Sign","","",1329904.97,1602901.99,"13299051602902"
"2016-2633-27/05/2021","2 Metropolitan","MILE END SOUTH","5031","CITY OF WEST TORRENS",2,0,0,0,0,2016,"September","Thursday","06:30 pm","060","T-Junction","Straight road","Level","Not Applicable","Sealed","Wet","Raining","Night","Right Angle","01","Driver Rider","1: PDO","Give Way Sign","","",1326398.76,1669273.7,"13263991669274"
"2016-2634-27/05/2021","1 City","ADELAIDE","5000","CITY OF ADELAIDE",2,0,0,0,0,2016,"September","Saturday","12:20 pm","050","Cross Road","Straight road","Level","Not Applicable","Sealed","Dry","Not Raining","Daylight","Side Swipe","01","Driver Rider","1: PDO","Traffic Signals","","",1327901.33,1670963.7,"13279011670964"
"2016-2635-27/05/2021","2 Metropolitan","WOODVILLE GARDENS","5012","CITY OF PORT ADELAIDE ENFIELD",2,2,0,0,2,2016,"September","Wednesday","04:00 pm","060","T-Junction","Straight road","Level","Not Applicable","Sealed","Dry","Not Raining","Daylight","Right Angle","02","Driver Rider","2: MI","Traffic Signals","","",1323945.07,1677639.71,"13239451677640"
"2016-2636-27/05/2021","2 Metropolitan","ELIZABETH","5112","CITY OF PLAYFORD.",2,0,0,0,0,2016,"September","Monday","08:00 am","050","T-Junction","CURVED, VIEW OPEN","Level","Not Applicable","Sealed","Dry","Not Raining","Daylight","Right Angle","02","Driver Rider","1: PDO","No Control","","",1335790.67,1692784.58,"13357911692785"
"2016-2637-27/05/2021","2 Metropolitan","CHRISTIES BEACH","5165","CITY OF ONKAPARINGA",2,0,0,0,0,2016,"August","Monday","08:15 am","070","Cross Road","Straight road","Level","Not Applicable","Sealed","Dry","Not Raining","Daylight","Side Swipe","02","Driver Rider","1: PDO","Roundabout","","",1317355.86,1648343.09,"13173561648343"
"2016-2638-27/05/2021","2 Metropolitan","CHELTENHAM","5014","CITY OF CHARLES STURT",2,3,0,0,3,2016,"September","Monday","11:00 am","060","T-Junction","Straight road","Level","Not Applicable","Sealed","Dry","Not Raining","Daylight","Right Angle","01","Driver Rider","2: MI","No Control","","",1322265.26,1677590.93,"13222651677591"
"2016-2639-27/05/2021","2 Metropolitan","WOODCROFT","5162","CITY OF ONKAPARINGA",2,0,0,0,0,2016,"September","Tuesday","03:29 pm","080","Cross Road","Straight road","Slope","Not Applicable","Sealed","Wet","Raining","Daylight","Rear End","01","Driver Rider","1: PDO","Traffic Signals","","",1323058.74,1651081.96,"13230591651082"
"2016-2640-27/05/2021","2 Metropolitan","KILBURN","5084","CITY OF PORT ADELAIDE ENFIELD",2,0,0,0,0,2016,"September","Friday","12:55 pm","060","Divided Road","Straight road","Level","Not Applicable","Sealed","Dry","Not Raining","Daylight","Rear End","02","Driver Rider","1: PDO","No Control","","",1327226.02,1677008.93,"13272261677009"
"2016-2641-27/05/2021","2 Metropolitan","MILE END","5031","CITY OF WEST TORRENS",2,1,0,0,1,2016,"September","Thursday","06:15 pm","060","Not Divided","Straight road","Level","Not Applicable","Sealed","Wet","Not Raining","Night","Rear End","01","Driver Rider","2: MI","No Control","","",1326349.21,1670993.17,"13263491670993"
"2016-2642-27/05/2021","2 Metropolitan","BURTON","5110","CITY OF SALISBURY",3,0,0,0,0,2016,"September","Friday","03:00 pm","060","Cross Road","Straight road","Level","Not Applicable","Sealed","Dry","Not Raining","Daylight","Rear End","01","Driver Rider","1: PDO","Roundabout","","",1330155.51,1690824.15,"13301561690824"
"2016-2643-27/05/2021","2 Metropolitan","WAYVILLE","5034","CITY OF UNLEY",2,1,0,0,1,2016,"September","Saturday","09:45 pm","060","Divided Road","Straight road","Level","Not Applicable","Sealed","Dry","Not Raining","Night","Hit Pedestrian","01","Driver Rider","2: MI","No Control","","",1327436.85,1668577.33,"13274371668577"
"2016-2644-27/05/2021","2 Metropolitan","TWO WELLS","5501","DC MALLALA.                   ",2,0,0,0,0,2016,"September","Wednesday","01:44 am","110","Divided Road","Straight road","Level","Not Applicable","Sealed","Wet","Raining","Night","Hit Animal","02","Animal","1: PDO","No Control","","",1321292.83,1707738.36,"13212931707738"
"2016-2645-27/05/2021","2 Metropolitan","PARK HOLME","5043","CC MARION.                    ",2,0,0,0,0,2016,"September","Thursday","08:00 am","060","T-Junction","Straight road","Level","Not Applicable","Sealed","Unknown","Unknown","Daylight","Right Turn","01","Driver Rider","1: PDO","No Control","","",1324306.18,1663906.57,"13243061663907"
"2016-2646-27/05/2021","1 City","NORTH ADELAIDE","5006","CITY OF ADELAIDE",2,2,0,0,2,2016,"September","Wednesday","02:45 pm","050","Not Divided","Straight road","Level","Not Applicable","Sealed","Dry","Not Raining","Daylight","Rear End","01","Driver Rider","2: MI","No Control","","",1328021.89,1671593.35,"13280221671593"
"2016-2647-27/05/2021","1 City","ADELAIDE","5000","CITY OF ADELAIDE",2,0,0,0,0,2016,"September","Thursday","06:05 pm","050","Cross Road","Straight road","Level","Not Applicable","Sealed","Unknown","Unknown","Daylight","Side Swipe","02","Driver Rider","1: PDO","Traffic Signals","","",1329038.86,1670203.05,"13290391670203"
"2016-2648-27/05/2021","2 Metropolitan","SMITHFIELD PLAINS","5114","CITY OF PLAYFORD.",2,0,0,0,0,2016,"September","Saturday","08:30 pm","060","T-Junction","Straight road","Level","Not Applicable","Sealed","Wet","Not Raining","Night","Right Angle","01","Driver Rider","1: PDO","No Control","","",1336642,1698444.54,"13366421698445"
"2016-2649-27/05/2021","2 Metropolitan","INGLE FARM","5098","CITY OF SALISBURY",2,1,0,0,1,2016,"September","Friday","02:50 pm","060","T-Junction","Straight road","Slope","Not Applicable","Sealed","Dry","Not Raining","Daylight","Right Angle","01","Driver Rider","2: MI","No Control","","",1332097.42,1680488.94,"13320971680489"
"2016-2650-27/05/2021","2 Metropolitan","PARKSIDE","5063","CITY OF UNLEY",3,1,0,0,1,2016,"September","Thursday","04:15 pm","060","Cross Road","Straight road","Level","Not Applicable","Sealed","Dry","Not Raining","Daylight","Rear End","01","Driver Rider","2: MI","Traffic Signals","","",1329057.06,1668981.6,"13290571668982"
"2016-2651-27/05/2021","2 Metropolitan","KIDMAN PARK","5025","CITY OF CHARLES STURT",2,2,0,1,1,2016,"September","Tuesday","03:30 pm","060","T-Junction","Straight road","Level","Not Applicable","Sealed","Dry","Not Raining","Daylight","Right Angle","01","Driver Rider","3: SI","No Control","","",1321925.68,1673105.84,"13219261673106"
"2016-2652-27/05/2021","2 Metropolitan","GEPPS CROSS","5094","CITY OF PORT ADELAIDE ENFIELD",1,0,0,0,0,2016,"September","Wednesday","11:50 am","070","T-Junction","Straight road","Level","Not Applicable","Sealed","Unknown","Unknown","Daylight","Roll Over","09","Other","1: PDO","No Control","","",1327996.71,1680007.12,"13279971680007"