"REPORT_ID","Stats Area","Suburb","Postcode","LGA Name","Total Units","Total Cas","Total Fats","Total SI","Total MI","Year","Month","Day","Time","Area Speed","Position Type","Horizontal Align","Vertical Align","Other Feat","Road Surface","Moisture Cond","Weather Cond","DayNight","Crash Type","Unit Resp","Entity Code","CSEF Severity","Traffic Ctrls","DUI Involved","Drugs Involved","ACCLOC_X","ACCLOC_Y","UNIQUE_LOC"
"2016-3054-27/05/2021","2 Metropolitan","KESWICK TERMINAL","5035","CITY OF WEST TORRENS",2,0,0,0,0,2016,"January","Saturday","07:55 pm","060","Cross Road","Straight road","Level","Not Applicable","Sealed","Dry","Not Raining","Daylight","Right Turn","02","Driver Rider","1: PDO","Traffic Signals","","",1326431.95,1668966.24,"13264321668966"
"2016-3055-27/05/2021","2 Metropolitan","SEATON","5023","CITY OF CHARLES STURT",2,1,0,0,1,2016,"January","Sunday","03:00 pm","060","T-Junction","Straight road","Level","Not Applicable","Sealed","Dry","Not Raining","Daylight","Right Angle","01","Driver Rider","2: MI","Give Way Sign","","",1321229.16,1674696.4,"13212291674696"
"2016-3056-27/05/2021","2 Metropolitan","SOMERTON PARK","5044","CITY OF HOLDFAST BAY",2,0,0,0,0,2016,"January","Saturday","10:25 pm","060","T-Junction","Straight road","Level","Not Applicable","Sealed","Dry","Not Raining","Night","Hit Fixed Object","01","Driver Rider","1: PDO","No Control","","",1321623.13,1663015.24,"13216231663015"
"2016-3057-27/05/2021","2 Metropolitan","POORAKA","5095","CITY OF SALISBURY",2,0,0,0,0,2016,"January","Sunday","09:30 pm","070","Cross Road","Straight road","Level","Not Applicable","Sealed","Dry","Not Raining","Night","Rear End","02","Driver Rider","1: PDO","Traffic Signals","","",1330499.62,1681832.25,"13305001681832"
"2016-3058-27/05/2021","2 Metropolitan","PROSPECT","5082","CITY OF PROSPECT",5,0,0,0,0,2016,"January","Sunday","05:05 pm","060","T-Junction","Straight road","Level","Not Applicable","Sealed","Dry","Not Raining","Daylight","Rear End","02","Driver Rider","1: PDO","No Control","","",1328712.85,1674024.58,"13287131674025"
"2016-3059-27/05/2021","2 Metropolitan","VALE PARK","5081","WALKERVILLE TOWN COUNCIL",3,1,0,0,1,2016,"January","Sunday","09:49 pm","050","Not Divided","Straight road","Level","Not Applicable","Sealed","Dry","Not Raining","Night","Hit Fixed Object","01","Driver Rider","2: MI","No Control","","",1330728.26,1675057.77,"13307281675058"
"2016-3060-27/05/2021","3 Country","REDHILL","5521","PT.PIRIE CITY & DIST. COUNCIL ",2,0,0,0,0,2016,"January","Monday","01:41 am","110","Not Divided","Straight road","Level","Not Applicable","Sealed","Dry","Not Raining","Night","Hit Animal","02","Animal","1: PDO","No Control","","",1296400.53,1827151.59,"12964011827152"
"2016-3061-27/05/2021","3 Country","REDHILL","5521","PT.PIRIE CITY & DIST. COUNCIL ",2,0,0,0,0,2016,"January","Monday","01:39 am","110","Not Divided","Straight road","Level","Not Applicable","Sealed","Dry","Not Raining","Night","Hit Animal","02","Animal","1: PDO","No Control","","",1296400.64,1827151.47,"12964011827151"
"2016-3062-27/05/2021","3 Country","KINGSTON ON MURRAY","5331","UNINCORP (EASTERN)            ",3,1,0,0,1,2016,"January","Saturday","12:00 pm","110","Not Divided","Straight road","Level","Bridge, Culvert, Causeway","Sealed","Dry","Not Raining","Daylight","Other","02","Driver Rider","2: MI","No Control","","",1493381.12,1740950.85,"14933811740951"
"2016-3063-27/05/2021","2 Metropolitan","GULFVIEW HEIGHTS","5096","CITY OF SALISBURY",2,0,0,0,0,2016,"January","Monday","10:12 am","050","Not Divided","Straight road","Slope","Driveway or Entrance","Sealed","Dry","Not Raining","Daylight","Right Angle","01","Driver Rider","1: PDO","No Control","","",1335615.01,1686218.05,"13356151686218"
"2016-3064-27/05/2021","2 Metropolitan","TORRENSVILLE","5031","CITY OF WEST TORRENS",4,0,0,0,0,2016,"January","Saturday","12:50 pm","060","T-Junction","Straight road","Level","Not Applicable","Sealed","Dry","Not Raining","Daylight","Hit Fixed Object","01","Driver Rider","1: PDO","No Control","","",1324632.8,1670962.89,"13246331670963"
"2016-3065-27/05/2021","3 Country","FREELING","5372","LIGHT REGIONAL COUNCIL",3,0,0,0,0,2016,"January","Friday","03:00 am","050","T-Junction","CURVED, VIEW OPEN","Level","Not Applicable","Sealed","Dry","Not Raining","Night","Hit Fixed Object","01","Driver Rider","1: PDO","Stop Sign","","",1349361.02,1722197.5,"13493611722198"
"2016-3066-27/05/2021","2 Metropolitan","GLENELG","5045","CITY OF HOLDFAST BAY",2,1,0,0,1,2016,"January","Saturday","10:30 am","060","T-Junction","Straight road","Level","Not Applicable","Sealed","Dry","Not Raining","Daylight","Right Angle","01","Driver Rider","2: MI","No Control","","",1321030.36,1664523,"13210301664523"
"2016-3067-27/05/2021","2 Metropolitan","WAYVILLE","5034","CITY OF UNLEY",4,0,0,0,0,2016,"January","Monday","08:50 am","060","Divided Road","Straight road","Level","Not Applicable","Sealed","Dry","Not Raining","Daylight","Rear End","01","Driver Rider","1: PDO","No Control","","",1328358.82,1668961.59,"13283591668962"
"2016-3068-27/05/2021","2 Metropolitan","KENSINGTON","5068","CC OF NORWOOD,PAYNEHAM & ST PETERS",2,0,0,0,0,2016,"January","Monday","11:00 am","060","Divided Road","Straight road","Level","Not Applicable","Sealed","Dry","Not Raining","Daylight","Rear End","02","Driver Rider","1: PDO","No Control","","",1332406.47,1671075.89,"13324061671076"
"2016-3069-27/05/2021","2 Metropolitan","FORESTVILLE","5035","CITY OF UNLEY",2,0,0,0,0,2016,"January","Monday","10:05 am","040","Not Divided","Straight road","Level","Not Applicable","Sealed","Dry","Not Raining","Daylight","Side Swipe","01","Driver Rider","1: PDO","No Control","","",1326683.49,1668133.73,"13266831668134"
"2016-3070-27/05/2021","2 Metropolitan","MARION","5043","CC MARION.                    ",4,0,0,0,0,2016,"January","Monday","08:10 am","050","Not Divided","Straight road","Level","Not Applicable","Sealed","Dry","Not Raining","Daylight","Hit Parked Vehicle","01","Driver Rider","1: PDO","No Control","","",1324344.18,1661007.49,"13243441661007"
"2016-3071-27/05/2021","3 Country","STRATHALBYN","5255","ALEXANDRINA COUNCIL",2,0,0,0,0,2016,"January","Monday","10:00 am","050","Not Divided","Straight road","Level","Not Applicable","Sealed","Dry","Not Raining","Daylight","Side Swipe","02","Driver Rider","1: PDO","No Control","","",1353689.78,1632770.18,"13536901632770"
"2016-3072-27/05/2021","2 Metropolitan","CHRISTIES BEACH","5165","CITY OF ONKAPARINGA",2,0,0,0,0,2016,"January","Sunday","06:55 pm","060","Divided Road","Straight road","Level","Driveway or Entrance","Sealed","Dry","Not Raining","Daylight","Hit Parked Vehicle","02","Driver Rider","1: PDO","No Control","","",1315924.03,1648223.35,"13159241648223"
"2016-3073-27/05/2021","2 Metropolitan","MCLAREN VALE","5171","CITY OF ONKAPARINGA",2,0,0,0,0,2016,"January","Monday","11:05 am","050","Not Divided","Straight road","Slope","Not Applicable","Sealed","Wet","Raining","Daylight","Hit Fixed Object","01","Driver Rider","1: PDO","No Control","","",1322452.81,1638370.3,"13224531638370"
"2016-3074-27/05/2021","2 Metropolitan","NORWOOD","5067","CC OF NORWOOD,PAYNEHAM & ST PETERS",4,0,0,0,0,2016,"January","Monday","11:30 am","050","T-Junction","Straight road","Level","Not Applicable","Sealed","Dry","Not Raining","Daylight","Right Angle","01","Driver Rider","1: PDO","No Control","","",1331026.45,1671143.77,"13310261671144"
"2016-3075-27/05/2021","2 Metropolitan","FULLARTON","5063","CITY OF UNLEY",2,0,0,0,0,2016,"January","Monday","11:05 am","060","Not Divided","Straight road","Slope","Not Applicable","Sealed","Dry","Not Raining","Daylight","Side Swipe","01","Driver Rider","1: PDO","No Control","","",1331252.54,1667903.94,"13312531667904"
"2016-3076-27/05/2021","2 Metropolitan","WINGFIELD","5013","CITY OF PORT ADELAIDE ENFIELD",2,1,0,0,1,2016,"January","Monday","01:30 pm","060","Cross Road","Straight road","Level","Not Applicable","Sealed","Dry","Not Raining","Daylight","Rear End","01","Driver Rider","2: MI","Traffic Signals","","",1325562.16,1679187.23,"13255621679187"
"2016-3077-27/05/2021","1 City","ADELAIDE","5000","CITY OF ADELAIDE",3,1,0,0,1,2016,"January","Monday","08:00 am","050","Not Divided","Straight road","Level","Not Applicable","Sealed","Dry","Not Raining","Daylight","Side Swipe","01","Driver Rider","2: MI","No Control","","",1328825.7,1669888.26,"13288261669888"
"2016-3078-27/05/2021","2 Metropolitan","LOBETHAL","5241","THE ADELAIDE HILLS COUNCIL",2,0,0,0,0,2016,"January","Monday","10:30 am","080","Not Divided","Straight road","Level","Not Applicable","Sealed","Wet","Raining","Daylight","Hit Fixed Object","01","Driver Rider","1: PDO","No Control","","",1350339.32,1671867.77,"13503391671868"
"2016-3079-27/05/2021","3 Country","TANTANOOLA","5280","WATTLE RANGE COUNCIL",2,0,0,0,0,2016,"January","Monday","07:40 am","110","Not Divided","Straight road","Level","Not Applicable","Sealed","Dry","Not Raining","Daylight","Hit Animal","02","Animal","1: PDO","No Control","","",1481472.21,1359553.6,"14814721359554"
"2016-3080-27/05/2021","2 Metropolitan","WINGFIELD","5013","CITY OF PORT ADELAIDE ENFIELD",2,0,0,0,0,2016,"January","Monday","12:50 pm","050","T-Junction","Straight road","Level","Not Applicable","Sealed","Dry","Not Raining","Daylight","Side Swipe","01","Driver Rider","1: PDO","Give Way Sign","","",1323908.37,1679282.12,"13239081679282"
"2016-3081-27/05/2021","2 Metropolitan","PARALOWIE","5108","CITY OF SALISBURY",2,0,0,0,0,2016,"January","Friday","01:50 pm","060","T-Junction","Straight road","Level","Not Applicable","Sealed","Dry","Not Raining","Daylight","Right Angle","02","Driver Rider","1: PDO","No Control","","",1328705.81,1688989.4,"13287061688989"
"2016-3082-27/05/2021","2 Metropolitan","WEST CROYDON","5008","CITY OF CHARLES STURT",2,0,0,0,0,2016,"January","Monday","07:40 am","050","Not Divided","CURVED, VIEW OBSCURED","Level","Driveway or Entrance","Sealed","Dry","Not Raining","Daylight","Right Angle","01","Driver Rider","1: PDO","No Control","","",1324586.3,1674992.5,"13245861674993"
"2016-3083-27/05/2021","3 Country","WAIKERIE","5330","LOXTON WAIKERIE DISTRICT COUNCIL",2,0,0,0,0,2016,"January","Sunday","10:30 pm","040","Not Divided","Straight road","Level","Not Applicable","Sealed","Dry","Not Raining","Night","Rear End","02","Driver Rider","1: PDO","No Control","","",1458289.12,1748838.19,"14582891748838"
"2016-3084-27/05/2021","2 Metropolitan","FITZROY","5082","CITY OF PROSPECT",2,0,0,0,0,2016,"January","Monday","04:20 pm","060","Cross Road","CURVED, VIEW OPEN","Level","Not Applicable","Sealed","Dry","Not Raining","Daylight","Rear End","01","Driver Rider","1: PDO","Traffic Signals","","",1327513.27,1673636.83,"13275131673637"
"2016-3085-27/05/2021","2 Metropolitan","SALISBURY EAST","5109","CITY OF SALISBURY",3,0,0,0,0,2016,"January","Monday","06:05 pm","060","Cross Road","Straight road","Level","Not Applicable","Sealed","Dry","Not Raining","Daylight","Rear End","01","Driver Rider","1: PDO","Traffic Signals","","",1333289.2,1685362.95,"13332891685363"
"2016-3086-27/05/2021","2 Metropolitan","ENFIELD","5085","CITY OF PORT ADELAIDE ENFIELD",2,1,0,0,1,2016,"January","Monday","04:25 pm","060","Divided Road","Straight road","Level","Not Applicable","Sealed","Dry","Not Raining","Daylight","Rear End","01","Driver Rider","2: MI","No Control","","",1328831.03,1677823.63,"13288311677824"
"2016-3087-27/05/2021","2 Metropolitan","SEFTON PARK","5083","CITY OF PROSPECT",2,1,0,0,1,2016,"January","Monday","03:00 pm","060","Divided Road","Straight road","Level","Not Applicable","Sealed","Dry","Not Raining","Daylight","Hit Parked Vehicle","02","Driver Rider","2: MI","No Control","","",1328889.95,1675825.3,"13288901675825"
"2016-3088-27/05/2021","2 Metropolitan","GOLDEN GROVE","5125","CITY OF TEA TREE GULLY",2,1,0,0,1,2016,"January","Monday","07:00 pm","060","T-Junction","Straight road","Level","Not Applicable","Sealed","Dry","Not Raining","Daylight","Right Angle","01","Driver Rider","2: MI","Roundabout","","",1340715.18,1687202.53,"13407151687203"
"2016-3089-27/05/2021","2 Metropolitan","WINDSOR GARDENS","5087","CITY OF PORT ADELAIDE ENFIELD",2,1,0,0,1,2016,"January","Monday","03:50 pm","060","Not Divided","Straight road","Level","Not Applicable","Sealed","Dry","Not Raining","Daylight","Side Swipe","01","Driver Rider","2: MI","No Control","","",1334175.92,1678013.64,"13341761678014"
"2016-3090-27/05/2021","2 Metropolitan","GILBERTON","5081","WALKERVILLE TOWN COUNCIL",2,2,0,0,2,2016,"January","Monday","05:15 pm","060","T-Junction","Straight road","Slope","Not Applicable","Sealed","Dry","Not Raining","Daylight","Right Turn","02","Driver Rider","2: MI","Stop Sign","","",1329447.28,1673716.53,"13294471673717"
"2016-3091-27/05/2021","2 Metropolitan","WARRADALE","5046","CC MARION.                    ",2,0,0,0,0,2016,"January","Monday","04:50 pm","060","Cross Road","Straight road","Level","Not Applicable","Sealed","Dry","Not Raining","Daylight","Rear End","01","Driver Rider","1: PDO","Traffic Signals","","",1322704.87,1661540.26,"13227051661540"
"2016-3092-27/05/2021","2 Metropolitan","ABERFOYLE PARK","5159","CITY OF ONKAPARINGA",2,1,0,0,1,2016,"January","Monday","05:49 pm","050","T-Junction","CURVED, VIEW OPEN","Slope","Not Applicable","Sealed","Dry","Not Raining","Daylight","Right Angle","01","Driver Rider","2: MI","No Control","","",1327557.58,1655202.59,"13275581655203"
"2016-3093-27/05/2021","3 Country","CARRIEWERLOO","5715",,2,1,0,0,1,2016,"January","Monday","02:20 pm","110","Not Divided","Straight road","Level","Not Applicable","Sealed","Dry","Not Raining","Daylight","Hit Fixed Object","01","Driver Rider","2: MI","No Control","","",1240125.69,1969236.12,"12401261969236"
"2016-3094-27/05/2021","3 Country","VICTOR HARBOR","5211","DC VICTOR HARBOR.             ",2,0,0,0,0,2016,"January","Monday","07:50 pm","050","Not Divided","Straight road","Level","Not Applicable","Sealed","Dry","Not Raining","Daylight","Side Swipe","02","Driver Rider","1: PDO","No Control","","",1328271.98,1600744.43,"13282721600744"
"2016-3095-27/05/2021","2 Metropolitan","WAYVILLE","5034","CITY OF UNLEY",2,0,0,0,0,2016,"January","Monday","03:45 pm","060","Divided Road","Straight road","Level","Not Applicable","Sealed","Dry","Not Raining","Daylight","Rear End","01","Driver Rider","1: PDO","No Control","","",1326979.62,1668901.56,"13269801668902"
"2016-3096-27/05/2021","2 Metropolitan","KESWICK","5035","CITY OF UNLEY",3,1,0,0,1,2016,"January","Monday","05:41 pm","060","Divided Road","Straight road","Level","Not Applicable","Sealed","Dry","Not Raining","Daylight","Rear End","01","Driver Rider","2: MI","No Control","","",1326483.15,1668368.86,"13264831668369"
"2016-3097-27/05/2021","3 Country","GLOSSOP","5344","THE BERRI BARMERA COUNCIL",2,0,0,0,0,2016,"January","Monday","05:00 pm","090","T-Junction","CURVED, VIEW OBSCURED","Level","Not Applicable","Sealed","Dry","Not Raining","Daylight","Right Angle","01","Driver Rider","1: PDO","No Control","","",1511207.66,1734223.43,"15112081734223"
"2016-3098-27/05/2021","2 Metropolitan","NOARLUNGA CENTRE","5168","CITY OF ONKAPARINGA",2,0,0,0,0,2016,"January","Monday","08:00 pm","050","Multiple","Straight road","Level","Not Applicable","Sealed","Dry","Not Raining","Daylight","Right Angle","01","Driver Rider","1: PDO","Roundabout","","",1318000.68,1647334.49,"13180011647334"
"2016-3099-27/05/2021","2 Metropolitan","SALISBURY EAST","5109","CITY OF SALISBURY",2,1,0,0,1,2016,"January","Monday","09:20 pm","080","Cross Road","Straight road","Level","Not Applicable","Sealed","Dry","Not Raining","Night","Rear End","02","Driver Rider","2: MI","Traffic Signals","","",1333980.46,1686298.22,"13339801686298"
"2016-3100-27/05/2021","2 Metropolitan","OTTOWAY","5013","CITY OF PORT ADELAIDE ENFIELD",2,1,0,0,1,2016,"January","Monday","07:20 pm","060","Cross Road","Straight road","Level","Not Applicable","Sealed","Dry","Not Raining","Daylight","Right Angle","02","Driver Rider","2: MI","Stop Sign","","",1322902.28,1679362.03,"13229021679362"
"2016-3101-27/05/2021","2 Metropolitan","CHELTENHAM","5014","CITY OF CHARLES STURT",2,0,0,0,0,2016,"January","Monday","07:50 pm","060","Not Divided","Straight road","Level","Not Applicable","Sealed","Dry","Not Raining","Daylight","Rear End","02","Driver Rider","1: PDO","No Control","","",1322258.5,1677779.28,"13222591677779"
"2016-3102-27/05/2021","2 Metropolitan","VISTA","5091","CITY OF TEA TREE GULLY",1,0,0,0,0,2016,"January","Monday","09:45 pm","060","Not Divided","CURVED, VIEW OPEN","Slope","Not Applicable","Sealed","Dry","Not Raining","Night","Left Road - Out of Control","01","Driver Rider","1: PDO","No Control","","",1340131.49,1679768.18,"13401311679768"
"2016-3103-27/05/2021","2 Metropolitan","KLEMZIG","5087","CITY OF PORT ADELAIDE ENFIELD",2,0,0,0,0,2016,"January","Tuesday","12:45 am","060","Divided Road","Straight road","Level","Not Applicable","Sealed","Dry","Not Raining","Night","Hit Parked Vehicle","01","Driver Rider","1: PDO","No Control","Y","",1331116.4,1675766.93,"13311161675767"
"2016-3104-27/05/2021","2 Metropolitan","YATTALUNGA","5114","CITY OF PLAYFORD.",2,1,0,0,1,2016,"January","Tuesday","07:09 am","100","Cross Road","Straight road","Level","Not Applicable","Sealed","Dry","Not Raining","Daylight","Right Turn","01","Driver Rider","2: MI","Stop Sign","","",1346115.89,1693407.63,"13461161693408"
"2016-3105-27/05/2021","2 Metropolitan","WINGFIELD","5013","CITY OF PORT ADELAIDE ENFIELD",2,2,0,0,2,2016,"January","Tuesday","08:10 am","050","Cross Road","Straight road","Level","Not Applicable","Sealed","Dry","Not Raining","Daylight","Right Angle","01","Driver Rider","2: MI","Give Way Sign","","",1325115.68,1679699.32,"13251161679699"
"2016-3106-27/05/2021","2 Metropolitan","COWANDILLA","5033","CITY OF WEST TORRENS",2,1,0,0,1,2016,"January","Monday","01:10 pm","060","Cross Road","Straight road","Level","Not Applicable","Sealed","Dry","Not Raining","Daylight","Hit Fixed Object","01","Driver Rider","2: MI","Traffic Signals","","",1324135.56,1670033.53,"13241361670034"
"2016-3107-27/05/2021","3 Country","UPALINNA","5434",,1,0,0,0,0,2016,"January","Monday","01:45 pm","090","Not Divided","CURVED, VIEW OPEN","Slope","Not Applicable","Sealed","Dry","Not Raining","Daylight","Roll Over","01","Driver Rider","1: PDO","No Control","","",1350640.93,2052238.72,"13506412052239"
"2016-3108-27/05/2021","2 Metropolitan","DAW PARK","5041","CC MITCHAM.                   ",2,1,0,0,1,2016,"January","Monday","04:07 pm","060","Cross Road","Straight road","Level","Not Applicable","Sealed","Dry","Not Raining","Daylight","Right Angle","01","Driver Rider","2: MI","Stop Sign","","",1327566.6,1664535.67,"13275671664536"
"2016-3109-27/05/2021","3 Country","WANDILO","5291","DISTRICT COUNCIL OF GRANT",3,1,0,0,1,2016,"January","Tuesday","09:40 am","040","Not Divided","Straight road","Level","Roadworks","Sealed","Dry","Not Raining","Daylight","Rear End","01","Driver Rider","2: MI","No Control","","",1511616.21,1351158.01,"15116161351158"
"2016-3110-27/05/2021","2 Metropolitan","TORRENSVILLE","5031","CITY OF WEST TORRENS",2,0,0,0,0,2016,"January","Thursday","10:20 pm","060","Cross Road","Straight road","Level","Not Applicable","Sealed","Dry","Not Raining","Night","Rear End","02","Driver Rider","1: PDO","Traffic Signals","","",1325747.12,1670981.61,"13257471670982"
"2016-3111-27/05/2021","2 Metropolitan","RICHMOND","5033","CITY OF WEST TORRENS",2,0,0,0,0,2016,"January","Tuesday","12:20 pm","060","Divided Road","Straight road","Level","Not Applicable","Sealed","Dry","Not Raining","Daylight","Hit Parked Vehicle","01","Driver Rider","1: PDO","No Control","","",1325157.77,1668928.25,"13251581668928"
"2016-3112-27/05/2021","3 Country","MOUNT SCHANK","5291","DISTRICT COUNCIL OF GRANT",2,0,0,0,0,2016,"January","Tuesday","12:07 pm","110","Cross Road","CURVED, VIEW OPEN","Slope","Not Applicable","Sealed","Dry","Not Raining","Daylight","Side Swipe","01","Driver Rider","1: PDO","Give Way Sign","","",1503843.08,1322915.28,"15038431322915"
"2016-3113-27/05/2021","2 Metropolitan","ELIZABETH PARK","5113","CITY OF PLAYFORD.",2,0,0,0,0,2016,"January","Tuesday","02:30 pm","080","Divided Road","Straight road","Level","Not Applicable","Sealed","Dry","Not Raining","Daylight","Side Swipe","02","Driver Rider","1: PDO","No Control","","",1336052.96,1693872.59,"13360531693873"
"2016-3114-27/05/2021","3 Country","RENMARK","5341","DC RENMARK PARINGA            ",2,0,0,0,0,2016,"January","Tuesday","01:00 pm","050","T-Junction","Straight road","Level","Driveway or Entrance","Sealed","Dry","Not Raining","Daylight","Right Angle","01","Driver Rider","1: PDO","Give Way Sign","","",1528314.95,1745000.34,"15283151745000"
"2016-3115-27/05/2021","2 Metropolitan","MAWSON LAKES","5095","CITY OF SALISBURY",2,2,0,0,2,2016,"January","Tuesday","02:40 pm","070","Divided Road","Straight road","Level","Not Applicable","Sealed","Dry","Not Raining","Daylight","Rear End","02","Driver Rider","2: MI","No Control","","",1329422.41,1684270.12,"13294221684270"
"2016-3116-27/05/2021","2 Metropolitan","ELIZABETH SOUTH","5112","CITY OF PLAYFORD.",2,2,0,0,2,2016,"January","Tuesday","04:25 pm","060","T-Junction","Straight road","Level","Not Applicable","Sealed","Dry","Not Raining","Daylight","Rear End","02","Driver Rider","2: MI","No Control","","",1335215.14,1692411.87,"13352151692412"
"2016-3117-27/05/2021","2 Metropolitan","TORRENS PARK","5062","CC MITCHAM.                   ",3,1,0,0,1,2016,"January","Tuesday","05:30 pm","060","Divided Road","CURVED, VIEW OPEN","Bottom of Hill","Not Applicable","Sealed","Dry","Not Raining","Daylight","Rear End","01","Driver Rider","2: MI","No Control","","",1330013.4,1664245.46,"13300131664245"
"2016-3118-27/05/2021","2 Metropolitan","PARADISE","5075","CC CAMPBELLTOWN.              ",2,1,0,0,1,2016,"January","Tuesday","03:15 pm","060","T-Junction","Straight road","Level","Not Applicable","Sealed","Dry","Not Raining","Daylight","Right Turn","01","Driver Rider","2: MI","Traffic Signals","","",1334461.82,1676974.32,"13344621676974"
"2016-3119-27/05/2021","2 Metropolitan","MAWSON LAKES","5095","CITY OF SALISBURY",3,0,0,0,0,2016,"January","Tuesday","07:00 pm","050","Cross Road","Straight road","Level","Not Applicable","Sealed","Dry","Not Raining","Daylight","Rear End","01","Driver Rider","1: PDO","Traffic Signals","","",1330496.32,1683916.41,"13304961683916"
"2016-3120-27/05/2021","2 Metropolitan","MYLOR","5153","DC MT.BARKER.                 ",3,1,0,0,1,2016,"January","Tuesday","07:15 pm","080","Not Divided","CURVED, VIEW OBSCURED","Slope","Not Applicable","Sealed","Dry","Not Raining","Daylight","Hit Fixed Object","01","Driver Rider","2: MI","No Control","","",1342957.39,1656120.03,"13429571656120"
"2016-3121-27/05/2021","2 Metropolitan","WALKERVILLE","5081","WALKERVILLE TOWN COUNCIL",2,0,0,0,0,2016,"January","Tuesday","06:55 pm","060","Cross Road","Straight road","Level","Not Applicable","Sealed","Dry","Not Raining","Daylight","Right Angle","01","Driver Rider","1: PDO","Traffic Signals","","",1329483.39,1674233.16,"13294831674233"
"2016-3122-27/05/2021","2 Metropolitan","DAWESLEY","5252","DC MT.BARKER.                 ",3,0,0,0,0,2016,"January","Tuesday","04:00 pm","060","Not Divided","CURVED, VIEW OPEN","Slope","Not Applicable","Sealed","Dry","Not Raining","Daylight","Hit Fixed Object","01","Driver Rider","1: PDO","No Control","","",1359570.64,1656824.53,"13595711656825"
"2016-3123-27/05/2021","2 Metropolitan","ATHELSTONE","5076","CC CAMPBELLTOWN.              ",3,0,0,0,0,2016,"January","Tuesday","06:30 pm","060","T-Junction","Straight road","Level","Not Applicable","Sealed","Dry","Not Raining","Daylight","Side Swipe","02","Driver Rider","1: PDO","Give Way Sign","","",1339188.52,1677160.48,"13391891677160"
"2016-3124-27/05/2021","3 Country","MIRANDA","5700","CC PT.AUGUSTA.                ",2,0,0,0,0,2016,"January","Tuesday","07:45 pm","110","T-Junction","Straight road","Level","Not Applicable","Sealed","Dry","Not Raining","Daylight","Side Swipe","02","Driver Rider","1: PDO","Give Way Sign","","",1275207.41,1919175.84,"12752071919176"
"2016-3125-27/05/2021","3 Country","CLARE","5453","CLARE AND GILBERT VALLEYS DISTRICT COUNCIL",2,0,0,0,0,2016,"January","Friday","06:35 pm","050","T-Junction","CURVED, VIEW OBSCURED","Level","Not Applicable","Sealed","Dry","Not Raining","Daylight","Hit Fixed Object","01","Driver Rider","1: PDO","No Control","Y","",1333569.39,1790413.79,"13335691790414"
"2016-3126-27/05/2021","2 Metropolitan","SALISBURY EAST","5109","CITY OF SALISBURY",2,0,0,0,0,2016,"January","Tuesday","10:38 pm","060","Cross Road","Straight road","Level","Not Applicable","Sealed","Dry","Not Raining","Night","Hit Fixed Object","01","Driver Rider","1: PDO","Traffic Signals","","",1334182.03,1684642.83,"13341821684643"
"2016-3127-27/05/2021","2 Metropolitan","ROSTREVOR","5073","CC CAMPBELLTOWN.              ",2,0,0,0,0,2016,"January","Wednesday","01:00 am","050","Not Divided","Straight road","Level","Not Applicable","Sealed","Dry","Not Raining","Night","Hit Parked Vehicle","01","Driver Rider","1: PDO","No Control","Y","",1336499.87,1674561.75,"13365001674562"
"2016-3128-27/05/2021","2 Metropolitan","MELROSE PARK","5039","CC MITCHAM.                   ",2,2,0,0,2,2016,"January","Tuesday","02:15 pm","060","Cross Road","Straight road","Level","Not Applicable","Sealed","Dry","Not Raining","Daylight","Right Turn","02","Driver Rider","2: MI","Traffic Signals","","",1325912.16,1664946.07,"13259121664946"
"2016-3129-27/05/2021","2 Metropolitan","PASADENA","5042","CC MITCHAM.                   ",2,0,0,0,0,2016,"January","Wednesday","08:00 am","060","Divided Road","Straight road","Level","Not Applicable","Sealed","Dry","Not Raining","Daylight","Rear End","02","Driver Rider","1: PDO","No Control","","",1327324.18,1662249.53,"13273241662250"
"2016-3130-27/05/2021","2 Metropolitan","LONSDALE","5160","CITY OF ONKAPARINGA",2,0,0,0,0,2016,"January","Wednesday","08:15 am","050","Not Divided","Straight road","Level","Driveway or Entrance","Sealed","Dry","Not Raining","Daylight","Side Swipe","02","Driver Rider","1: PDO","No Control","","",1319388.26,1649900.88,"13193881649901"
"2016-3131-27/05/2021","2 Metropolitan","REYNELLA","5161","CITY OF ONKAPARINGA",4,0,0,0,0,2016,"January","Tuesday","03:15 pm","060","Divided Road","Straight road","Level","Not Applicable","Sealed","Dry","Not Raining","Daylight","Rear End","02","Driver Rider","1: PDO","No Control","","",1321466.7,1651340.85,"13214671651341"
"2016-3132-27/05/2021","3 Country","PORT AUGUSTA","5700","CC PT.AUGUSTA.                ",2,1,0,0,1,2016,"January","Tuesday","02:10 pm","050","Not Divided","Straight road","Level","Not Applicable","Sealed","Dry","Not Raining","Daylight","Hit Pedestrian","01","Pedestrian","2: MI","No Control","","",1259836.01,1941624.83,"12598361941625"
"2016-3133-27/05/2021","2 Metropolitan","HILLIER","5116","CT GAWLER.                    ",1,1,0,0,1,2016,"January","Wednesday","07:30 am","080","T-Junction","Straight road","Level","Bridge, Culvert, Causeway","Sealed","Dry","Not Raining","Daylight","Roll Over","09","Other","2: MI","No Control","","",1341008.83,1704695.08,"13410091704695"
"2016-3134-27/05/2021","2 Metropolitan","MODBURY NORTH","5092","CITY OF TEA TREE GULLY",2,0,0,0,0,2016,"January","Tuesday","05:20 pm","060","Not Divided","Straight road","Crest of Hill","Not Applicable","Sealed","Dry","Not Raining","Daylight","Rear End","02","Driver Rider","1: PDO","No Control","","",1336464.95,1681199.94,"13364651681200"