"REPORT_ID","Stats Area","Suburb","Postcode","LGA Name","Total Units","Total Cas","Total Fats","Total SI","Total MI","Year","Month","Day","Time","Area Speed","Position Type","Horizontal Align","Vertical Align","Other Feat","Road Surface","Moisture Cond","Weather Cond","DayNight","Crash Type","Unit Resp","Entity Code","CSEF Severity","Traffic Ctrls","DUI Involved","Drugs Involved","ACCLOC_X","ACCLOC_Y","UNIQUE_LOC"
"2016-3296-27/05/2021","2 Metropolitan","INGLEWOOD","5133","THE ADELAIDE HILLS COUNCIL",2,3,0,1,2,2016,"January","Sunday","08:10 pm","100","Not Divided","Straight road","Slope","Not Applicable","Unsealed","Dry","Not Raining","Daylight","Hit Fixed Object","01","Driver Rider","3: SI","No Control","Y","",1348623.98,1686704.99,"13486241686705"
"2016-3297-27/05/2021","3 Country","SEDAN","5353","MID MURRAY DISTRICT COUNCIL",1,1,0,1,0,2016,"January","Sunday","12:30 pm","100","Not Divided","CURVED, VIEW OBSCURED","Slope","Not Applicable","Sealed","Dry","Not Raining","Daylight","Left Road - Out of Control","01","Driver Rider","3: SI","No Control","","",1386843.8,1709349.16,"13868441709349"
"2016-3298-27/05/2021","2 Metropolitan","LARGS BAY","5016","CITY OF PORT ADELAIDE ENFIELD",2,0,0,0,0,2016,"January","Monday","12:35 am","060","T-Junction","Straight road","Level","Not Applicable","Sealed","Dry","Not Raining","Night","Hit Parked Vehicle","01","Driver Rider","1: PDO","No Control","Y","",1318501.94,1682138.27,"13185021682138"
"2016-3299-27/05/2021","2 Metropolitan","WOODVILLE SOUTH","5011","CITY OF CHARLES STURT",2,0,0,0,0,2016,"January","Monday","06:50 am","050","Divided Road","Straight road","Level","Driveway or Entrance","Sealed","Dry","Not Raining","Daylight","Right Angle","01","Driver Rider","1: PDO","No Control","","",1322543.51,1675568.13,"13225441675568"
"2016-3300-27/05/2021","2 Metropolitan","BEDFORD PARK","5042","CC MITCHAM.                   ",2,0,0,0,0,2016,"January","Monday","08:55 am","070","T-Junction","Straight road","Level","Not Applicable","Sealed","Dry","Not Raining","Daylight","Right Angle","02","Driver Rider","1: PDO","Traffic Signals","","",1325133.01,1660421,"13251331660421"
"2016-3301-27/05/2021","2 Metropolitan","GLENELG NORTH","5045","CITY OF HOLDFAST BAY",2,0,0,0,0,2016,"January","Sunday","01:00 pm","060","T-Junction","Straight road","Level","Not Applicable","Sealed","Dry","Not Raining","Daylight","Rear End","02","Driver Rider","1: PDO","No Control","","",1320509.55,1665672.88,"13205101665673"
"2016-3302-27/05/2021","3 Country","ALMA","5401","WAKEFIELD REGIONAL COUNCIL",1,0,0,0,0,2016,"January","Saturday","03:00 pm","100","Not Divided","CURVED, VIEW OPEN","Level","Not Applicable","Sealed","Dry","Not Raining","Daylight","Roll Over","01","Driver Rider","1: PDO","No Control","","",1331379.36,1743401.54,"13313791743402"
"2016-3303-27/05/2021","2 Metropolitan","MYRTLE BANK","5064","CITY OF UNLEY",2,0,0,0,0,2016,"January","Monday","08:30 am","060","Not Divided","Straight road","Level","Not Applicable","Sealed","Dry","Not Raining","Daylight","Side Swipe","01","Driver Rider","1: PDO","No Control","","",1331895.68,1667126.83,"13318961667127"
"2016-3304-27/05/2021","2 Metropolitan","CUDLEE CREEK","5232","THE ADELAIDE HILLS COUNCIL",2,0,0,0,0,2016,"January","Monday","06:20 am","080","Not Divided","Straight road","Level","Not Applicable","Sealed","Dry","Not Raining","Daylight","Rear End","02","Driver Rider","1: PDO","No Control","","",1349071.87,1679932.91,"13490721679933"
"2016-3305-27/05/2021","2 Metropolitan","FELIXSTOW","5070","CC OF NORWOOD,PAYNEHAM & ST PETERS",2,0,0,0,0,2016,"January","Monday","10:30 am","050","Not Divided","Straight road","Level","Driveway or Entrance","Sealed","Dry","Not Raining","Daylight","Right Turn","01","Driver Rider","1: PDO","No Control","","",1333495.8,1674441.55,"13334961674442"
"2016-3306-27/05/2021","3 Country","GOOLWA BEACH","5214","ALEXANDRINA COUNCIL",2,1,0,1,0,2016,"January","Monday","10:20 am","100","Not Divided","Straight road","Level","Not Applicable","Sealed","Dry","Not Raining","Daylight","Rear End","02","Driver Rider","3: SI","No Control","","",1339965.05,1605807.35,"13399651605807"
"2016-3307-27/05/2021","2 Metropolitan","MEDINDIE","5081","WALKERVILLE TOWN COUNCIL",3,1,0,0,1,2016,"January","Monday","10:20 am","060","Divided Road","Straight road","Level","Not Applicable","Sealed","Dry","Not Raining","Daylight","Rear End","02","Driver Rider","2: MI","No Control","","",1328748.77,1674058.57,"13287491674059"
"2016-3308-27/05/2021","2 Metropolitan","ELIZABETH PARK","5113","CITY OF PLAYFORD.",2,0,0,0,0,2016,"January","Monday","11:50 am","080","Cross Road","Straight road","Level","Not Applicable","Sealed","Dry","Not Raining","Daylight","Rear End","02","Driver Rider","1: PDO","Traffic Signals","","",1335998.94,1693731.34,"13359991693731"
"2016-3309-27/05/2021","1 City","ADELAIDE","5000","CITY OF ADELAIDE",2,0,0,0,0,2016,"January","Monday","11:45 am","050","Cross Road","Straight road","Level","Not Applicable","Sealed","Dry","Not Raining","Daylight","Right Angle","01","Driver Rider","1: PDO","Traffic Signals","","",1327947.46,1669708.15,"13279471669708"
"2016-3310-27/05/2021","3 Country","PYGERY","5652","DC WUDINNA. (DC LE HUNTE.)",3,0,0,0,0,2016,"January","Monday","05:00 am","100","Not Divided","CURVED, VIEW OBSCURED","Level","Not Applicable","Sealed","Dry","Not Raining","Night","Hit Animal","01","Driver Rider","1: PDO","No Control","","",1037933.81,1886595.66,"10379341886596"
"2016-3311-27/05/2021","2 Metropolitan","MAGILL","5072","CITY OF BURNSIDE",2,1,0,0,1,2016,"January","Monday","11:10 am","060","T-Junction","Straight road","Level","Not Applicable","Sealed","Dry","Not Raining","Daylight","Right Angle","02","Driver Rider","2: MI","No Control","","",1335497.54,1671280.97,"13354981671281"
"2016-3312-27/05/2021","2 Metropolitan","NORTHGATE","5085","CITY OF PORT ADELAIDE ENFIELD",2,0,0,0,0,2016,"January","Sunday","06:30 pm","050","T-Junction","Straight road","Level","Not Applicable","Sealed","Dry","Not Raining","Daylight","Hit Fixed Object","01","Driver Rider","1: PDO","No Control","","",1331429.29,1679009.99,"13314291679010"
"2016-3313-27/05/2021","2 Metropolitan","ENFIELD","5085","CITY OF PORT ADELAIDE ENFIELD",3,0,0,0,0,2016,"January","Monday","11:50 am","050","Not Divided","Straight road","Slope","Not Applicable","Sealed","Dry","Not Raining","Daylight","Hit Parked Vehicle","01","Driver Rider","1: PDO","No Control","","",1329233.62,1678722.73,"13292341678723"
"2016-3314-27/05/2021","2 Metropolitan","KLEMZIG","5087","CITY OF PORT ADELAIDE ENFIELD",2,0,0,0,0,2016,"January","Monday","01:15 pm","060","Divided Road","Straight road","Level","Not Applicable","Sealed","Dry","Not Raining","Daylight","Rear End","02","Driver Rider","1: PDO","No Control","","",1331911.08,1676453.34,"13319111676453"
"2016-3315-27/05/2021","1 City","NORTH ADELAIDE","5006","CITY OF ADELAIDE",2,1,0,0,1,2016,"January","Monday","01:45 pm","060","Not Divided","Straight road","Level","Not Applicable","Sealed","Dry","Not Raining","Daylight","Side Swipe","02","Driver Rider","2: MI","No Control","","",1327584.2,1671688.45,"13275841671688"
"2016-3316-27/05/2021","3 Country","STOCKYARD PLAIN","5330","LOXTON WAIKERIE DISTRICT COUNCIL",3,4,1,2,1,2016,"January","Monday","06:00 am","110","Not Divided","Straight road","Level","Not Applicable","Sealed","Dry","Not Raining","Night","Head On","01","Driver Rider","4: Fatal","No Control","","",1441046.85,1739173.77,"14410471739174"
"2016-3317-27/05/2021","2 Metropolitan","WEST HINDMARSH","5008","CITY OF CHARLES STURT",2,0,0,0,0,2016,"January","Tuesday","02:20 pm","060","Cross Road","CURVED, VIEW OPEN","Level","Not Applicable","Sealed","Dry","Not Raining","Daylight","Side Swipe","01","Driver Rider","1: PDO","Traffic Signals","","",1325517.03,1673428.59,"13255171673429"
"2016-3318-27/05/2021","3 Country","MIDDLETON","5213","ALEXANDRINA COUNCIL",2,3,0,3,0,2016,"January","Sunday","07:55 pm","100","Cross Road","Straight road","Level","Not Applicable","Unsealed","Dry","Not Raining","Daylight","Right Angle","01","Driver Rider","3: SI","Give Way Sign","","",1338774.39,1606468.8,"13387741606469"
"2016-3319-27/05/2021","2 Metropolitan","LONSDALE","5160","CITY OF ONKAPARINGA",2,0,0,0,0,2016,"January","Friday","09:05 am","070","Not Divided","Straight road","Slope","Not Applicable","Sealed","Dry","Not Raining","Daylight","Rear End","01","Driver Rider","1: PDO","No Control","","",1318818.8,1649802.49,"13188191649802"
"2016-3320-27/05/2021","3 Country","WILLIAMSTOWN","5351","THE BAROSSA COUNCIL.",3,2,0,0,2,2016,"January","Monday","12:45 pm","100","T-Junction","Straight road","Level","Not Applicable","Sealed","Dry","Not Raining","Daylight","Side Swipe","01","Driver Rider","2: MI","No Control","","",1356536.46,1702401.96,"13565361702402"
"2016-3321-27/05/2021","2 Metropolitan","ST PETERS","5069","CC OF NORWOOD,PAYNEHAM & ST PETERS",2,1,0,0,1,2016,"January","Monday","08:25 am","060","Not Divided","Straight road","Level","Not Applicable","Sealed","Dry","Not Raining","Daylight","Rear End","02","Driver Rider","2: MI","No Control","","",1331460.04,1672860.85,"13314601672861"
"2016-3322-27/05/2021","2 Metropolitan","GLENELG EAST","5045","CITY OF HOLDFAST BAY",2,0,0,0,0,2016,"January","Friday","02:45 pm","060","Multiple","Straight road","Level","Not Applicable","Sealed","Dry","Not Raining","Daylight","Rear End","01","Driver Rider","1: PDO","Traffic Signals","","",1321021.92,1664900.43,"13210221664900"
"2016-3323-27/05/2021","3 Country","GREENOCK","5360","LIGHT REGIONAL COUNCIL",2,0,0,0,0,2016,"January","Monday","03:30 pm","080","Not Divided","Straight road","Crest of Hill","Not Applicable","Sealed","Dry","Not Raining","Daylight","Hit Fixed Object","09","Other","1: PDO","No Control","","",1358925.51,1719451.76,"13589261719452"
"2016-3324-27/05/2021","3 Country","SOUTH KILKERRAN","5573","YORKE PENINSULA COUNCIL",2,0,0,0,0,2016,"January","Sunday","08:30 pm","100","Not Divided","Straight road","Level","Not Applicable","Unsealed","Dry","Not Raining","Daylight","Hit Fixed Object","01","Driver Rider","1: PDO","No Control","","",1236751.88,1730882.72,"12367521730883"
"2016-3325-27/05/2021","3 Country","MOUNT GAMBIER","5290","CC MT.GAMBIER.                ",2,0,0,0,0,2016,"January","Monday","12:30 pm","050","Not Divided","Straight road","Level","Not Applicable","Sealed","Dry","Not Raining","Daylight","Hit Parked Vehicle","02","Driver Rider","1: PDO","No Control","","",1510065.3,1340140.36,"15100651340140"
"2016-3326-27/05/2021","2 Metropolitan","SHEIDOW PARK","5158","CC MARION.                    ",1,0,0,0,0,2016,"January","Monday","05:05 pm","060","T-Junction","CURVED, VIEW OPEN","Level","Not Applicable","Sealed","Dry","Not Raining","Daylight","Left Road - Out of Control","01","Driver Rider","1: PDO","Roundabout","","",1321796.95,1654205.83,"13217971654206"
"2016-3327-27/05/2021","2 Metropolitan","SOUTH PLYMPTON","5038","CC MARION.                    ",2,0,0,0,0,2016,"January","Saturday","03:15 pm","060","Cross Road","CURVED, VIEW OPEN","Level","Not Applicable","Sealed","Dry","Not Raining","Daylight","Rear End","01","Driver Rider","1: PDO","Traffic Signals","","",1324247.86,1666104.37,"13242481666104"
"2016-3328-27/05/2021","2 Metropolitan","UNLEY","5061","CITY OF UNLEY",3,0,0,0,0,2016,"January","Monday","03:00 pm","050","Divided Road","Straight road","Level","Not Applicable","Sealed","Dry","Not Raining","Daylight","Hit Parked Vehicle","01","Driver Rider","1: PDO","No Control","","",1328391.33,1667612.28,"13283911667612"
"2016-3329-27/05/2021","2 Metropolitan","GEPPS CROSS","5094","CITY OF PORT ADELAIDE ENFIELD",3,0,0,0,0,2016,"January","Monday","05:00 pm","060","Cross Road","Straight road","Level","Not Applicable","Sealed","Dry","Not Raining","Daylight","Rear End","01","Driver Rider","1: PDO","Traffic Signals","","",1330377.17,1679315.41,"13303771679315"
"2016-3330-27/05/2021","2 Metropolitan","NAILSWORTH","5083","CITY OF PROSPECT",4,1,0,0,1,2016,"January","Monday","02:30 pm","060","T-Junction","Straight road","Level","Not Applicable","Sealed","Dry","Not Raining","Daylight","Rear End","01","Driver Rider","2: MI","No Control","","",1328921.7,1674593.58,"13289221674594"
"2016-3331-27/05/2021","2 Metropolitan","GLENELG","5045","CITY OF HOLDFAST BAY",2,0,0,0,0,2016,"January","Sunday","11:00 pm","050","Not Divided","Straight road","Level","Not Applicable","Sealed","Dry","Not Raining","Night","Hit Parked Vehicle","02","Driver Rider","1: PDO","No Control","","",1320527.19,1665252.91,"13205271665253"
"2016-3332-27/05/2021","2 Metropolitan","HACKNEY","5069","CC OF NORWOOD,PAYNEHAM & ST PETERS",2,0,0,0,0,2016,"January","Monday","11:20 am","060","Not Divided","Straight road","Level","Not Applicable","Sealed","Dry","Not Raining","Daylight","Hit Parked Vehicle","01","Driver Rider","1: PDO","No Control","","",1330346.7,1671568.78,"13303471671569"
"2016-3333-27/05/2021","2 Metropolitan","FITZROY","5082","CITY OF PROSPECT",2,0,0,0,0,2016,"January","Monday","04:50 pm","060","Divided Road","Straight road","Level","Roadworks","Sealed","Dry","Not Raining","Daylight","Rear End","01","Driver Rider","1: PDO","No Control","","",1327858.66,1673652.69,"13278591673653"
"2016-3334-27/05/2021","2 Metropolitan","KIDMAN PARK","5025","CITY OF CHARLES STURT",2,0,0,0,0,2016,"January","Monday","05:18 pm","060","T-Junction","Straight road","Level","Not Applicable","Sealed","Dry","Not Raining","Daylight","Rear End","01","Driver Rider","1: PDO","No Control","","",1322454.1,1672854.17,"13224541672854"
"2016-3335-27/05/2021","2 Metropolitan","SOUTH BRIGHTON","5048","CITY OF HOLDFAST BAY",2,0,0,0,0,2016,"January","Monday","04:00 pm","050","Cross Road","Straight road","Level","Not Applicable","Sealed","Dry","Not Raining","Daylight","Right Angle","01","Driver Rider","1: PDO","Give Way Sign","","",1321337.91,1659995.46,"13213381659995"
"2016-3336-27/05/2021","2 Metropolitan","ST MARYS","5042","CC MITCHAM.                   ",2,1,0,0,1,2016,"January","Thursday","02:17 pm","060","T-Junction","Straight road","Slope","Not Applicable","Sealed","Dry","Not Raining","Daylight","Side Swipe","02","Driver Rider","2: MI","No Control","","",1326030.61,1660866.9,"13260311660867"
"2016-3337-27/05/2021","2 Metropolitan","BRIGHTON","5048","CITY OF HOLDFAST BAY",3,0,0,0,0,2016,"January","Tuesday","12:10 am","050","Cross Road","Straight road","Level","Not Applicable","Sealed","Dry","Not Raining","Night","Hit Parked Vehicle","01","Driver Rider","1: PDO","Give Way Sign","Y","",1321639.06,1660436.48,"13216391660436"
"2016-3338-27/05/2021","2 Metropolitan","BEVERLEY","5009","CITY OF CHARLES STURT",2,0,0,0,0,2016,"January","Monday","12:40 pm","050","One Way","Straight road","Level","Not Applicable","Sealed","Dry","Not Raining","Daylight","Hit Fixed Object","01","Driver Rider","1: PDO","No Control","","",1323727.36,1674258.6,"13237271674259"
"2016-3339-27/05/2021","2 Metropolitan","SALISBURY","5108","CITY OF SALISBURY",2,0,0,0,0,2016,"January","Tuesday","08:00 am","050","Not Divided","Straight road","Level","Not Applicable","Sealed","Dry","Not Raining","Daylight","Hit Parked Vehicle","01","Driver Rider","1: PDO","No Control","","",1332785.12,1687992.09,"13327851687992"
"2016-3340-27/05/2021","2 Metropolitan","MODBURY NORTH","5092","CITY OF TEA TREE GULLY",4,1,0,0,1,2016,"January","Tuesday","08:55 am","080","Cross Road","Straight road","Level","Not Applicable","Sealed","Dry","Not Raining","Daylight","Rear End","01","Driver Rider","2: MI","Traffic Signals","","",1335966.45,1682345.59,"13359661682346"
"2016-3341-27/05/2021","2 Metropolitan","WARRADALE","5046","CC MARION.                    ",2,0,0,0,0,2016,"January","Monday","03:10 pm","060","T-Junction","Straight road","Level","Not Applicable","Sealed","Dry","Not Raining","Daylight","Rear End","02","Driver Rider","1: PDO","Give Way Sign","","",1322762.94,1661071.92,"13227631661072"
"2016-3342-27/05/2021","1 City","NORTH ADELAIDE","5006","CITY OF ADELAIDE",2,2,0,0,2,2016,"January","Tuesday","08:00 am","050","T-Junction","Straight road","Level","Not Applicable","Sealed","Dry","Not Raining","Daylight","Rear End","02","Driver Rider","2: MI","Stop Sign","","",1328724.27,1672222.31,"13287241672222"
"2016-3343-27/05/2021","2 Metropolitan","HINDMARSH","5007","CITY OF CHARLES STURT",2,0,0,0,0,2016,"January","Tuesday","10:00 am","060","Divided Road","Straight road","Level","Not Applicable","Sealed","Dry","Not Raining","Daylight","Side Swipe","02","Driver Rider","1: PDO","No Control","","",1326431.71,1672698.78,"13264321672699"
"2016-3344-27/05/2021","2 Metropolitan","MAWSON LAKES","5095","CITY OF SALISBURY",2,1,0,0,1,2016,"January","Tuesday","10:40 am","080","Divided Road","Straight road","Level","Not Applicable","Sealed","Dry","Not Raining","Daylight","Side Swipe","02","Driver Rider","2: MI","No Control","","",1328664.37,1684380.89,"13286641684381"
"2016-3345-27/05/2021","2 Metropolitan","NORWOOD","5067","CC OF NORWOOD,PAYNEHAM & ST PETERS",2,1,0,0,1,2016,"January","Tuesday","11:40 am","060","Cross Road","Straight road","Level","Not Applicable","Sealed","Dry","Not Raining","Daylight","Right Angle","01","Driver Rider","2: MI","Stop Sign","","",1331874.28,1670398.69,"13318741670399"
"2016-3346-27/05/2021","1 City","ADELAIDE","5000","CITY OF ADELAIDE",12,0,0,0,0,2016,"January","Tuesday","11:00 am","050","Divided Road","Straight road","Level","Not Applicable","Sealed","Dry","Not Raining","Daylight","Hit Parked Vehicle","01","Driver Rider","1: PDO","No Control","","",1328517.57,1669393.25,"13285181669393"
"2016-3347-27/05/2021","2 Metropolitan","WALKLEY HEIGHTS","5098","CITY OF PORT ADELAIDE ENFIELD",2,1,0,0,1,2016,"January","Monday","01:40 pm","070","Divided Road","Straight road","Slope","Not Applicable","Sealed","Dry","Not Raining","Daylight","Rear End","01","Driver Rider","2: MI","No Control","","",1333160.07,1679697.56,"13331601679698"
"2016-3348-27/05/2021","2 Metropolitan","BOWDEN","5007","CITY OF CHARLES STURT",2,0,0,0,0,2016,"January","Tuesday","12:40 pm","060","Divided Road","Straight road","Slope","Bridge, Culvert, Causeway","Sealed","Dry","Not Raining","Daylight","Rear End","02","Driver Rider","1: PDO","No Control","","",1326946.46,1673102.58,"13269461673103"
"2016-3349-27/05/2021","2 Metropolitan","CLARENCE GARDENS","5039","CC MITCHAM.                   ",2,0,0,0,0,2016,"January","Tuesday","02:30 pm","060","Cross Road","Straight road","Level","Not Applicable","Sealed","Dry","Not Raining","Daylight","Rear End","02","Driver Rider","1: PDO","Give Way Sign","","",1326301.61,1666168.58,"13263021666169"
"2016-3350-27/05/2021","2 Metropolitan","ROSTREVOR","5073","CC CAMPBELLTOWN.              ",2,0,0,0,0,2016,"January","Tuesday","12:15 pm","050","T-Junction","Straight road","Slope","Not Applicable","Sealed","Dry","Not Raining","Daylight","Hit Parked Vehicle","02","Driver Rider","1: PDO","No Control","","",1337690.11,1674485.26,"13376901674485"
"2016-3351-27/05/2021","2 Metropolitan","ST PETERS","5069","CC OF NORWOOD,PAYNEHAM & ST PETERS",2,0,0,0,0,2016,"January","Tuesday","01:20 pm","060","Cross Road","Straight road","Level","Not Applicable","Sealed","Dry","Not Raining","Daylight","Side Swipe","01","Driver Rider","1: PDO","Give Way Sign","","",1330879.11,1672704.15,"13308791672704"
"2016-3352-27/05/2021","3 Country","STRATHALBYN","5255","ALEXANDRINA COUNCIL",2,1,0,0,1,2016,"January","Friday","01:15 pm","050","Not Divided","CURVED, VIEW OBSCURED","Level","Not Applicable","Sealed","Dry","Not Raining","Daylight","Head On","01","Driver Rider","2: MI","No Control","","",1353238.07,1632386.72,"13532381632387"
"2016-3353-27/05/2021","2 Metropolitan","WAYVILLE","5034","CITY OF UNLEY",4,0,0,0,0,2016,"January","Tuesday","02:25 pm","060","T-Junction","Straight road","Level","Not Applicable","Sealed","Dry","Not Raining","Daylight","Side Swipe","01","Driver Rider","1: PDO","Traffic Signals","","",1327450.37,1668175.41,"13274501668175"
"2016-3354-27/05/2021","2 Metropolitan","GEPPS CROSS","5094","CITY OF PORT ADELAIDE ENFIELD",2,0,0,0,0,2016,"January","Tuesday","04:45 pm","060","Multiple","Straight road","Level","Not Applicable","Sealed","Dry","Not Raining","Daylight","Rear End","02","Driver Rider","1: PDO","Traffic Signals","","",1328810.92,1679280.6,"13288111679281"
"2016-3355-27/05/2021","3 Country","NARACOORTE","5271","DC NARACOORTE & LUCINDALE.",3,0,0,0,0,2016,"January","Tuesday","03:55 pm","050","T-Junction","Straight road","Level","Not Applicable","Sealed","Dry","Not Raining","Daylight","Right Turn","01","Driver Rider","1: PDO","No Control","","",1512443.37,1435983.41,"15124431435983"
"2016-3356-27/05/2021","3 Country","CLAYTON BAY","5256","ALEXANDRINA COUNCIL",3,0,0,0,0,2016,"January","Monday","06:15 pm","100","Not Divided","Straight road","Level","Bridge, Culvert, Causeway","Sealed","Dry","Not Raining","Daylight","Hit Fixed Object","01","Driver Rider","1: PDO","No Control","","",1356683.63,1607274.26,"13566841607274"
"2016-3357-27/05/2021","2 Metropolitan","DAVOREN PARK","5113","CITY OF PLAYFORD.",2,1,0,0,1,2016,"January","Tuesday","05:05 pm","060","T-Junction","Straight road","Level","Not Applicable","Sealed","Dry","Not Raining","Daylight","Hit Fixed Object","01","Driver Rider","2: MI","No Control","","",1335893.21,1696241.81,"13358931696242"
"2016-3358-27/05/2021","2 Metropolitan","CHELTENHAM","5014","CITY OF CHARLES STURT",2,1,0,0,1,2016,"January","Tuesday","03:50 pm","050","Not Divided","Straight road","Level","Not Applicable","Sealed","Dry","Not Raining","Daylight","Hit Fixed Object","01","Driver Rider","2: MI","No Control","Y","Y",1321821.7,1677521.45,"13218221677521"
"2016-3359-27/05/2021","2 Metropolitan","DRY CREEK","5094","CITY OF SALISBURY",2,0,0,0,0,2016,"January","Monday","05:20 pm","090","Freeway","Straight road","Level","Not Applicable","Sealed","Dry","Not Raining","Daylight","Rear End","01","Driver Rider","1: PDO","No Control","","",1328246.18,1682791.41,"13282461682791"
"2016-3360-27/05/2021","1 City","NORTH ADELAIDE","5006","CITY OF ADELAIDE",2,0,0,0,0,2016,"January","Tuesday","05:00 pm","050","Not Divided","Straight road","Level","Not Applicable","Sealed","Dry","Not Raining","Daylight","Hit Parked Vehicle","01","Driver Rider","1: PDO","No Control","Y","",1329318.57,1672594.59,"13293191672595"
"2016-3361-27/05/2021","1 City","ADELAIDE","5000","CITY OF ADELAIDE",2,0,0,0,0,2016,"January","Tuesday","06:30 pm","050","Divided Road","Straight road","Level","Not Applicable","Sealed","Dry","Not Raining","Daylight","Hit Parked Vehicle","02","Driver Rider","1: PDO","No Control","","",1329448.95,1670384.94,"13294491670385"
"2016-3362-27/05/2021","2 Metropolitan","BOLIVAR","5110","CITY OF SALISBURY",4,0,0,0,0,2016,"January","Tuesday","06:35 pm","090","Divided Road","Straight road","Level","Not Applicable","Sealed","Dry","Not Raining","Daylight","Rear End","02","Driver Rider","1: PDO","No Control","","",1328545.33,1688066.09,"13285451688066"
"2016-3363-27/05/2021","2 Metropolitan","HINDMARSH","5007","CITY OF CHARLES STURT",3,0,0,0,0,2016,"January","Tuesday","06:40 pm","060","Rail Crossing","Straight road","Level","Not Applicable","Sealed","Dry","Not Raining","Daylight","Rear End","01","Driver Rider","1: PDO","Rail Xing-Traffic Signals","","",1326559.68,1672713.06,"13265601672713"
"2016-3364-27/05/2021","2 Metropolitan","WALKERVILLE","5081","WALKERVILLE TOWN COUNCIL",5,1,0,0,1,2016,"January","Tuesday","05:40 pm","060","Divided Road","Straight road","Level","Not Applicable","Sealed","Dry","Not Raining","Daylight","Rear End","02","Driver Rider","2: MI","No Control","","",1329646.5,1674454.84,"13296471674455"
"2016-3365-27/05/2021","3 Country","BUNGAMA","5540","PT.PIRIE CITY & DIST. COUNCIL ",1,1,0,0,1,2016,"January","Tuesday","06:45 pm","100","T-Junction","Straight road","Level","Not Applicable","Sealed","Dry","Not Raining","Daylight","Roll Over","01","Driver Rider","2: MI","Stop Sign","","",1286175.29,1863542.7,"12861751863543"
"2016-3366-27/05/2021","2 Metropolitan","CUMBERLAND PARK","5041","CC MITCHAM.                   ",2,0,0,0,0,2016,"January","Tuesday","11:15 am","060","T-Junction","Straight road","Level","Not Applicable","Sealed","Dry","Not Raining","Daylight","Right Angle","01","Driver Rider","1: PDO","No Control","","",1327365.9,1666199.53,"13273661666200"
"2016-3367-27/05/2021","2 Metropolitan","QUEENSTOWN","5014","CITY OF PORT ADELAIDE ENFIELD",4,0,0,0,0,2016,"January","Tuesday","06:36 pm","050","Not Divided","Straight road","Level","Not Applicable","Sealed","Dry","Not Raining","Daylight","Hit Parked Vehicle","01","Driver Rider","1: PDO","No Control","","",1320687.91,1678283.47,"13206881678283"
"2016-3368-27/05/2021","3 Country","VICTOR HARBOR","5211","DC VICTOR HARBOR.             ",4,0,0,0,0,2016,"January","Tuesday","05:14 pm","050","Not Divided","Straight road","Level","Not Applicable","Sealed","Dry","Not Raining","Daylight","Rear End","01","Driver Rider","1: PDO","No Control","","",1328148.96,1601081.11,"13281491601081"
"2016-3369-27/05/2021","2 Metropolitan","CAREY GULLY","5144","THE ADELAIDE HILLS COUNCIL",2,1,0,0,1,2016,"January","Monday","11:50 pm","080","Not Divided","CURVED, VIEW OBSCURED","Slope","Not Applicable","Sealed","Dry","Not Raining","Night","Hit Fixed Object","01","Driver Rider","2: MI","No Control","","",1342119.8,1665974.88,"13421201665975"
"2016-3370-27/05/2021","2 Metropolitan","EDWARDSTOWN","5039","CC MARION.                    ",2,0,0,0,0,2016,"January","Tuesday","07:05 pm","060","T-Junction","Straight road","Level","Not Applicable","Sealed","Dry","Not Raining","Daylight","Right Turn","02","Driver Rider","1: PDO","Traffic Signals","","",1325915.83,1664786.38,"13259161664786"
"2016-3371-27/05/2021","3 Country","DE ROSE HILL","5724",,2,4,0,2,2,2016,"January","Tuesday","07:45 pm","110","Not Divided","Straight road","Level","Not Applicable","Sealed","Dry","Not Raining","Daylight","Rear End","01","Driver Rider","3: SI","No Control","Y","",825607.04,2602778.62,"08256072602779"
"2016-3372-27/05/2021","3 Country","BOORS PLAIN","5554","COPPER COAST DISTRICT COUNCIL",1,1,1,0,0,2016,"January","Tuesday","06:25 pm","100","Not Divided","CURVED, VIEW OPEN","Level","Not Applicable","Sealed","Dry","Not Raining","Daylight","Roll Over","01","Driver Rider","4: Fatal","No Control","Y","",1244709.14,1771296.28,"12447091771296"
"2016-3373-27/05/2021","2 Metropolitan","WEST LAKES","5021","CITY OF CHARLES STURT",2,1,0,0,1,2016,"January","Tuesday","11:05 pm","060","Divided Road","Straight road","Level","Not Applicable","Sealed","Dry","Not Raining","Night","Hit Fixed Object","01","Driver Rider","2: MI","No Control","","",1319840.36,1678551.42,"13198401678551"
"2016-3374-27/05/2021","2 Metropolitan","GLENELG EAST","5045","CITY OF WEST TORRENS",2,0,0,0,0,2016,"January","Wednesday","04:45 am","060","Divided Road","Straight road","Level","Not Applicable","Sealed","Dry","Not Raining","Night","Hit Fixed Object","01","Driver Rider","1: PDO","No Control","","",1322463.92,1665362.31,"13224641665362"
"2016-3375-27/05/2021","2 Metropolitan","MAWSON LAKES","5095","CITY OF SALISBURY",6,0,0,0,0,2016,"January","Wednesday","05:54 am","080","Divided Road","Straight road","Level","Bridge, Culvert, Causeway","Sealed","Dry","Not Raining","Night","Rear End","02","Driver Rider","1: PDO","No Control","","",1328695.68,1682610.54,"13286961682611"