"REPORT_ID","Stats Area","Suburb","Postcode","LGA Name","Total Units","Total Cas","Total Fats","Total SI","Total MI","Year","Month","Day","Time","Area Speed","Position Type","Horizontal Align","Vertical Align","Other Feat","Road Surface","Moisture Cond","Weather Cond","DayNight","Crash Type","Unit Resp","Entity Code","CSEF Severity","Traffic Ctrls","DUI Involved","Drugs Involved","ACCLOC_X","ACCLOC_Y","UNIQUE_LOC"
"2016-3778-27/05/2021","2 Metropolitan","SOUTH PLYMPTON","5038","CC MARION.                    ",2,0,0,0,0,2016,"January","Friday","05:15 pm","050","Cross Road","Straight road","Level","Not Applicable","Sealed","Wet","Raining","Daylight","Right Angle","02","Driver Rider","1: PDO","Traffic Signals","","",1324281.85,1664736.96,"13242821664737"
"2016-3779-27/05/2021","3 Country","KULPARA","5552","BARUNGA WEST DISTRICT COUNCIL",1,0,0,0,0,2016,"January","Friday","06:05 pm","100","Not Divided","CURVED, VIEW OBSCURED","Slope","Not Applicable","Sealed","Wet","Raining","Daylight","Roll Over","01","Driver Rider","1: PDO","No Control","","",1280792.69,1767400,"12807931767400"
"2016-3780-27/05/2021","2 Metropolitan","HOUGHTON","5131","THE ADELAIDE HILLS COUNCIL",3,3,0,0,3,2016,"January","Friday","03:15 pm","080","Not Divided","CURVED, VIEW OBSCURED","Slope","Unknown","Sealed","Wet","Raining","Daylight","Hit Fixed Object","01","Driver Rider","2: MI","No Control","","",1344105.57,1681273.83,"13441061681274"
"2016-3781-27/05/2021","2 Metropolitan","PAYNEHAM","5070","CC OF NORWOOD,PAYNEHAM & ST PETERS",2,2,0,0,2,2016,"January","Friday","03:45 pm","060","T-Junction","Straight road","Level","Not Applicable","Sealed","Wet","Raining","Daylight","Right Turn","02","Driver Rider","2: MI","Stop Sign","","",1332755.8,1674056.72,"13327561674057"
"2016-3782-27/05/2021","2 Metropolitan","COROMANDEL VALLEY","5051","CITY OF ONKAPARINGA",3,1,0,0,1,2016,"January","Friday","04:10 pm","060","T-Junction","Straight road","Level","Not Applicable","Sealed","Wet","Raining","Daylight","Rear End","02","Driver Rider","2: MI","No Control","","",1330427.74,1657832.95,"13304281657833"
"2016-3783-27/05/2021","2 Metropolitan","MAGILL","5072","CITY OF BURNSIDE",2,0,0,0,0,2016,"January","Friday","05:12 pm","060","Not Divided","Straight road","Level","Not Applicable","Sealed","Wet","Raining","Daylight","Rear End","02","Driver Rider","1: PDO","No Control","","",1335424.55,1671846.39,"13354251671846"
"2016-3784-27/05/2021","2 Metropolitan","WEST CROYDON","5008","CITY OF CHARLES STURT",3,3,0,0,3,2016,"January","Friday","08:20 pm","060","Cross Road","CURVED, VIEW OPEN","Level","Not Applicable","Sealed","Wet","Raining","Daylight","Right Angle","01","Driver Rider","2: MI","Traffic Signals","","",1325327.33,1675357.42,"13253271675357"
"2016-3785-27/05/2021","2 Metropolitan","CHANDLERS HILL","5159","CITY OF ONKAPARINGA",2,0,0,0,0,2016,"January","Friday","11:00 pm","080","Not Divided","CURVED, VIEW OPEN","Slope","Not Applicable","Sealed","Wet","Raining","Night","Hit Fixed Object","01","Driver Rider","1: PDO","No Control","","",1330081.41,1654242.85,"13300811654243"
"2016-3786-27/05/2021","2 Metropolitan","BROOKLYN PARK","5032","CITY OF WEST TORRENS",3,1,0,0,1,2016,"January","Saturday","01:30 am","060","Divided Road","Straight road","Level","Not Applicable","Sealed","Wet","Raining","Night","Hit Fixed Object","01","Driver Rider","2: MI","No Control","","",1323131.75,1670154.61,"13231321670155"
"2016-3787-27/05/2021","3 Country","CRYSTAL BROOK","5523","PT.PIRIE CITY & DIST. COUNCIL ",3,1,0,0,1,2016,"January","Saturday","05:30 am","110","Not Divided","Straight road","Level","Not Applicable","Sealed","Wet","Not Raining","Night","Hit Fixed Object","01","Driver Rider","2: MI","No Control","","",1301155.63,1842086.97,"13011561842087"
"2016-3788-27/05/2021","2 Metropolitan","PARA HILLS","5096","CITY OF SALISBURY",2,0,0,0,0,2016,"January","Friday","05:30 pm","060","T-Junction","Straight road","Level","Not Applicable","Sealed","Wet","Raining","Daylight","Rear End","01","Driver Rider","1: PDO","No Control","","",1333968.94,1684359.8,"13339691684360"
"2016-3789-27/05/2021","2 Metropolitan","PASADENA","5042","CC MITCHAM.                   ",2,0,0,0,0,2016,"January","Saturday","12:30 am","050","T-Junction","CURVED, VIEW OPEN","Slope","Not Applicable","Sealed","Wet","Raining","Night","Hit Fixed Object","01","Driver Rider","1: PDO","No Control","","",1327040.78,1662930.5,"13270411662931"
"2016-3790-27/05/2021","2 Metropolitan","MAWSON LAKES","5095","CITY OF SALISBURY",2,1,0,0,1,2016,"January","Friday","04:45 pm","050","Cross Road","Straight road","Level","Not Applicable","Sealed","Wet","Raining","Daylight","Right Angle","02","Driver Rider","2: MI","Roundabout","","",1330295.82,1683652.43,"13302961683652"
"2016-3791-27/05/2021","2 Metropolitan","UNDERDALE","5032","CITY OF WEST TORRENS",2,0,0,0,0,2016,"January","Saturday","10:15 am","060","T-Junction","Straight road","Level","Not Applicable","Sealed","Dry","Not Raining","Daylight","Rear End","02","Driver Rider","1: PDO","Traffic Signals","","",1323855.47,1670942.23,"13238551670942"
"2016-3792-27/05/2021","2 Metropolitan","SALISBURY PARK","5109","CITY OF SALISBURY",2,0,0,0,0,2016,"January","Friday","08:30 pm","050","T-Junction","Straight road","Level","Not Applicable","Sealed","Dry","Not Raining","Night","Hit Fixed Object","01","Driver Rider","1: PDO","No Control","","",1335243.56,1688346.58,"13352441688347"
"2016-3793-27/05/2021","3 Country","NARACOORTE","5271","DC NARACOORTE & LUCINDALE.",2,0,0,0,0,2016,"January","Saturday","02:30 am","110","Not Divided","CURVED, VIEW OPEN","Level","Not Applicable","Sealed","Dry","Not Raining","Night","Hit Fixed Object","01","Driver Rider","1: PDO","No Control","","",1516132.33,1437605.52,"15161321437606"
"2016-3794-27/05/2021","2 Metropolitan","CHELTENHAM","5014","CITY OF CHARLES STURT",2,0,0,0,0,2016,"January","Saturday","08:30 am","060","T-Junction","Straight road","Level","Not Applicable","Sealed","Dry","Not Raining","Daylight","Rear End","02","Driver Rider","1: PDO","Give Way Sign","","",1321018.12,1677673.17,"13210181677673"
"2016-3795-27/05/2021","2 Metropolitan","CHAIN OF PONDS","5231","THE ADELAIDE HILLS COUNCIL",2,0,0,0,0,2016,"January","Saturday","11:20 am","080","Not Divided","CURVED, VIEW OPEN","Slope","Not Applicable","Sealed","Dry","Not Raining","Daylight","Head On","02","Driver Rider","1: PDO","No Control","","",1351328.49,1681102.34,"13513281681102"
"2016-3796-27/05/2021","2 Metropolitan","ATHELSTONE","5076","CC CAMPBELLTOWN.              ",1,0,0,0,0,2016,"January","Thursday","11:00 am","060","Not Divided","CURVED, VIEW OPEN","Slope","Not Applicable","Sealed","Wet","Not Raining","Daylight","Left Road - Out of Control","01","Driver Rider","1: PDO","No Control","","",1338556.98,1676789.97,"13385571676790"
"2016-3797-27/05/2021","2 Metropolitan","KESWICK","5035","CITY OF WEST TORRENS",2,1,0,0,1,2016,"January","Friday","12:30 pm","060","Divided Road","Straight road","Slope","Driveway or Entrance","Sealed","Dry","Not Raining","Daylight","Right Angle","02","Driver Rider","2: MI","No Control","","",1326775.15,1668782.01,"13267751668782"
"2016-3798-27/05/2021","2 Metropolitan","ENFIELD","5085","CITY OF PORT ADELAIDE ENFIELD",3,0,0,0,0,2016,"January","Saturday","01:15 pm","060","Divided Road","Straight road","Level","Not Applicable","Sealed","Dry","Not Raining","Daylight","Rear End","02","Driver Rider","1: PDO","No Control","","",1328847.38,1677573.87,"13288471677574"
"2016-3799-27/05/2021","2 Metropolitan","PARKSIDE","5063","CITY OF UNLEY",2,2,0,0,2,2016,"January","Saturday","11:10 am","060","Not Divided","Straight road","Level","Not Applicable","Sealed","Dry","Not Raining","Daylight","Side Swipe","01","Driver Rider","2: MI","No Control","","",1329060.78,1668851.33,"13290611668851"
"2016-3800-27/05/2021","2 Metropolitan","BURTON","5110","CITY OF SALISBURY",2,0,0,0,0,2016,"January","Saturday","01:55 pm","060","Cross Road","Straight road","Level","Not Applicable","Sealed","Dry","Not Raining","Daylight","Rear End","01","Driver Rider","1: PDO","Roundabout","","",1329425.98,1689900.12,"13294261689900"
"2016-3801-27/05/2021","2 Metropolitan","WYNN VALE","5127","CITY OF TEA TREE GULLY",2,0,0,0,0,2016,"January","Friday","05:05 pm","070","Divided Road","CURVED, VIEW OPEN","Slope","Not Applicable","Sealed","Wet","Raining","Daylight","Hit Fixed Object","01","Driver Rider","1: PDO","No Control","","",1336711.89,1684055.65,"13367121684056"
"2016-3802-27/05/2021","3 Country","KAROONDA","5307","DC KAROONDA EAST MURRAY.      ",3,0,0,0,0,2016,"January","Saturday","10:30 am","080","Not Divided","CURVED, VIEW OPEN","Slope","Not Applicable","Sealed","Wet","Not Raining","Daylight","Hit Fixed Object","01","Driver Rider","1: PDO","Give Way Sign","","",1446229.71,1647470.25,"14462301647470"
"2016-3803-27/05/2021","2 Metropolitan","GAWLER","5118","CT GAWLER.                    ",2,0,0,0,0,2016,"January","Saturday","04:10 pm","050","Not Divided","Straight road","Level","Driveway or Entrance","Sealed","Dry","Not Raining","Daylight","Right Turn","02","Driver Rider","1: PDO","No Control","","",1343261.67,1706625.08,"13432621706625"
"2016-3804-27/05/2021","2 Metropolitan","URRBRAE","5064","CC MITCHAM.                   ",2,1,0,0,1,2016,"January","Wednesday","05:20 am","060","Cross Road","CURVED, VIEW OPEN","Crest of Hill","Not Applicable","Sealed","Dry","Not Raining","Night","Right Angle","02","Driver Rider","2: MI","Traffic Signals","","",1332373.16,1666370.92,"13323731666371"
"2016-3805-27/05/2021","2 Metropolitan","PLYMPTON","5038","CITY OF WEST TORRENS",3,1,0,0,1,2016,"January","Wednesday","02:48 pm","060","Divided Road","Straight road","Level","Not Applicable","Sealed","Dry","Not Raining","Daylight","Rear End","01","Driver Rider","2: MI","No Control","","",1323721.02,1666204.8,"13237211666205"
"2016-3806-27/05/2021","3 Country","YALATA","5690",,1,0,0,0,0,2016,"January","Saturday","03:40 pm","110","Not Divided","Straight road","Slope","Not Applicable","Sealed","Dry","Not Raining","Daylight","Roll Over","01","Driver Rider","1: PDO","No Control","","",711345.47,2045952.24,"07113452045952"
"2016-3807-27/05/2021","1 City","ADELAIDE","5000","CITY OF ADELAIDE",2,1,0,0,1,2016,"January","Saturday","03:00 pm","025","Not Divided","Straight road","Level","Roadworks","Sealed","Dry","Not Raining","Daylight","Hit Pedestrian","02","Driver Rider","2: MI","No Control","","",1329699.61,1671017.5,"13297001671018"
"2016-3808-27/05/2021","2 Metropolitan","HALLETT COVE","5158","CC MARION.                    ",2,0,0,0,0,2016,"January","Friday","10:50 am","050","Divided Road","Straight road","Level","Driveway or Entrance","Sealed","Dry","Not Raining","Daylight","Right Angle","01","Driver Rider","1: PDO","No Control","","",1320237.39,1653978.48,"13202371653978"
"2016-3809-27/05/2021","2 Metropolitan","PLYMPTON","5038","CITY OF WEST TORRENS",2,0,0,0,0,2016,"January","Saturday","04:40 pm","060","Cross Road","Straight road","Level","Not Applicable","Sealed","Dry","Not Raining","Daylight","Right Angle","02","Driver Rider","1: PDO","Give Way Sign","","",1323609.56,1667029.66,"13236101667030"
"2016-3810-27/05/2021","3 Country","LYRUP","5343","DC RENMARK PARINGA            ",2,0,0,0,0,2016,"January","Saturday","04:50 pm","110","Not Divided","Straight road","Level","Not Applicable","Sealed","Dry","Not Raining","Daylight","Hit Animal","01","Driver Rider","1: PDO","No Control","","",1523359.26,1732916.79,"15233591732917"
"2016-3811-27/05/2021","2 Metropolitan","WINGFIELD","5013","CITY OF PORT ADELAIDE ENFIELD",2,2,0,0,2,2016,"January","Saturday","03:35 pm","090","Freeway","Straight road","Level","Not Applicable","Sealed","Dry","Not Raining","Daylight","Hit Fixed Object","01","Driver Rider","2: MI","No Control","","",1326067.69,1681082.5,"13260681681083"
"2016-3812-27/05/2021","2 Metropolitan","VALLEY VIEW","5093","CITY OF PORT ADELAIDE ENFIELD",2,0,0,0,0,2016,"January","Saturday","05:00 am","060","Divided Road","Straight road","Level","Not Applicable","Sealed","Dry","Not Raining","Night","Hit Fixed Object","01","Driver Rider","1: PDO","No Control","","",1333545.61,1679343.31,"13335461679343"
"2016-3813-27/05/2021","2 Metropolitan","SALISBURY","5108","CITY OF SALISBURY",3,0,0,0,0,2016,"January","Saturday","09:10 pm","060","Not Divided","Straight road","Level","Not Applicable","Sealed","Dry","Not Raining","Night","Hit Parked Vehicle","01","Driver Rider","1: PDO","No Control","","",1332563.38,1688782.49,"13325631688782"
"2016-3814-27/05/2021","2 Metropolitan","SALISBURY NORTH","5108","CITY OF SALISBURY",2,0,0,0,0,2016,"January","Wednesday","11:15 pm","050","Not Divided","CURVED, VIEW OPEN","Level","Not Applicable","Sealed","Dry","Not Raining","Night","Hit Fixed Object","01","Driver Rider","1: PDO","No Control","","",1331868.27,1691060.68,"13318681691061"
"2016-3815-27/05/2021","2 Metropolitan","DUDLEY PARK","5008","CITY OF PORT ADELAIDE ENFIELD",2,1,0,0,1,2016,"January","Saturday","11:00 pm","050","Not Divided","Straight road","Level","Not Applicable","Sealed","Dry","Not Raining","Night","Hit Pedestrian","01","Pedestrian","2: MI","No Control","","",1326993.74,1675228.48,"13269941675228"
"2016-3816-27/05/2021","2 Metropolitan","WOODSIDE","5244","THE ADELAIDE HILLS COUNCIL",2,0,0,0,0,2016,"January","Sunday","12:05 am","080","Not Divided","CURVED, VIEW OBSCURED","Level","Not Applicable","Sealed","Dry","Not Raining","Night","Hit Fixed Object","01","Driver Rider","1: PDO","No Control","","",1353801.81,1665114.99,"13538021665115"
"2016-3817-27/05/2021","2 Metropolitan","KESWICK","5035","CITY OF WEST TORRENS",2,1,0,0,1,2016,"January","Sunday","01:45 am","060","Cross Road","Straight road","Level","Not Applicable","Sealed","Dry","Not Raining","Night","Rear End","02","Driver Rider","2: MI","Traffic Signals","","",1325798.69,1668947.66,"13257991668948"
"2016-3818-27/05/2021","2 Metropolitan","TEA TREE GULLY","5091","CITY OF TEA TREE GULLY",2,0,0,0,0,2016,"January","Saturday","12:25 pm","050","Not Divided","Straight road","Level","Driveway or Entrance","Sealed","Dry","Not Raining","Daylight","Hit Fixed Object","01","Driver Rider","1: PDO","No Control","","",1340208.37,1680896.96,"13402081680897"
"2016-3819-27/05/2021","2 Metropolitan","BURTON","5110","CITY OF SALISBURY",2,1,0,0,1,2016,"January","Sunday","02:15 am","050","T-Junction","Straight road","Level","Not Applicable","Sealed","Dry","Not Raining","Night","Hit Fixed Object","01","Driver Rider","2: MI","No Control","","",1330608.48,1691396.31,"13306081691396"
"2016-3820-27/05/2021","3 Country","SPALDING","5454","NORTHERN AREAS DISTRICT COUNCIL",1,1,0,0,1,2016,"January","Saturday","04:45 pm","080","T-Junction","Straight road","Bottom of Hill","Not Applicable","Unsealed","Dry","Not Raining","Daylight","Roll Over","01","Driver Rider","2: MI","No Control","","",1339397.55,1827987.08,"13393981827987"
"2016-3821-27/05/2021","3 Country","WHYALLA STUART","5608","CC WHYALLA.                   ",1,0,0,0,0,2016,"January","Saturday","04:40 pm","060","Not Divided","Straight road","Level","Not Applicable","Sealed","Dry","Not Raining","Daylight","Left Road - Out of Control","09","Other","1: PDO","No Control","","",1235827.3,1883576.57,"12358271883577"
"2016-3822-27/05/2021","2 Metropolitan","MAGILL","5072","CC CAMPBELLTOWN.              ",2,1,0,0,1,2016,"January","Sunday","09:30 am","060","T-Junction","Straight road","Slope","Not Applicable","Sealed","Dry","Not Raining","Daylight","Right Turn","01","Driver Rider","2: MI","No Control","","",1336241.64,1672091.56,"13362421672092"
"2016-3823-27/05/2021","2 Metropolitan","MAGILL","5072","CC CAMPBELLTOWN.              ",2,0,0,0,0,2016,"January","Sunday","12:00 pm","060","Cross Road","Straight road","Level","Not Applicable","Sealed","Dry","Not Raining","Daylight","Right Angle","01","Driver Rider","1: PDO","Give Way Sign","","",1334724.72,1671827.57,"13347251671828"
"2016-3824-27/05/2021","3 Country","COOBOWIE","5583","YORKE PENINSULA COUNCIL",2,2,1,0,1,2016,"January","Sunday","03:10 am","100","Not Divided","Straight road","Level","Not Applicable","Sealed","Dry","Not Raining","Night","Head On","01","Driver Rider","4: Fatal","No Control","","Y",1248791.18,1661920.89,"12487911661921"
"2016-3825-27/05/2021","1 City","NORTH ADELAIDE","5006","CITY OF ADELAIDE",2,0,0,0,0,2016,"January","Sunday","02:00 pm","050","Cross Road","Straight road","Level","Not Applicable","Sealed","Dry","Not Raining","Daylight","Right Turn","02","Driver Rider","1: PDO","Traffic Signals","","",1328673.37,1672674.12,"13286731672674"
"2016-3826-27/05/2021","3 Country","WIRRAMINNA","5719",,1,0,0,0,0,2016,"January","Saturday","09:00 pm","110","Not Divided","Straight road","Level","Not Applicable","Sealed","Dry","Not Raining","Night","Roll Over","01","Driver Rider","1: PDO","No Control","","",1119875.62,2088924.49,"11198762088924"
"2016-3827-27/05/2021","3 Country","BAGOT WELL","5373","LIGHT REGIONAL COUNCIL",2,1,0,0,1,2016,"January","Friday","01:30 pm","100","Not Divided","CURVED, VIEW OBSCURED","Slope","Not Applicable","Sealed","Dry","Not Raining","Daylight","Hit Fixed Object","09","Other","2: MI","No Control","","",1363638.8,1738138.05,"13636391738138"
"2016-3828-27/05/2021","1 City","ADELAIDE","5000","CITY OF ADELAIDE",2,0,0,0,0,2016,"January","Sunday","03:10 pm","050","T-Junction","CURVED, VIEW OPEN","Level","Not Applicable","Sealed","Dry","Not Raining","Daylight","Rear End","02","Driver Rider","1: PDO","Traffic Signals","","",1329511.85,1670859.19,"13295121670859"
"2016-3829-27/05/2021","2 Metropolitan","BROOKLYN PARK","5032","CITY OF WEST TORRENS",2,0,0,0,0,2016,"January","Sunday","02:50 pm","060","T-Junction","Straight road","Level","Not Applicable","Sealed","Dry","Not Raining","Daylight","Side Swipe","01","Driver Rider","1: PDO","No Control","","",1324141.55,1669861.03,"13241421669861"
"2016-3830-27/05/2021","2 Metropolitan","ELIZABETH EAST","5112","CITY OF PLAYFORD.",2,1,0,0,1,2016,"January","Sunday","05:30 pm","060","Not Divided","Straight road","Level","Driveway or Entrance","Sealed","Dry","Not Raining","Daylight","Rear End","02","Driver Rider","2: MI","No Control","","",1336656.57,1692694.35,"13366571692694"
"2016-3831-27/05/2021","2 Metropolitan","MODBURY NORTH","5092","CITY OF TEA TREE GULLY",1,1,0,0,1,2016,"January","Saturday","07:30 pm","060","Divided Road","Straight road","Level","Not Applicable","Sealed","Dry","Not Raining","Daylight","Roll Over","01","Driver Rider","2: MI","No Control","","",1335608.18,1681178.06,"13356081681178"
"2016-3832-27/05/2021","1 City","ADELAIDE","5000","CITY OF ADELAIDE",2,0,0,0,0,2016,"January","Sunday","03:00 pm","050","Cross Road","Straight road","Level","Not Applicable","Sealed","Dry","Not Raining","Daylight","Hit Fixed Object","01","Driver Rider","1: PDO","No Control","","",1328843.8,1670839.63,"13288441670840"
"2016-3833-27/05/2021","1 City","ADELAIDE","5000","CITY OF ADELAIDE",2,0,0,0,0,2016,"January","Sunday","05:58 pm","060","Divided Road","Straight road","Level","Not Applicable","Sealed","Dry","Not Raining","Daylight","Hit Fixed Object","01","Driver Rider","1: PDO","No Control","","",1329301.19,1669436.36,"13293011669436"
"2016-3834-27/05/2021","2 Metropolitan","BROMPTON","5007","CITY OF CHARLES STURT",3,0,0,0,0,2016,"January","Sunday","05:15 pm","060","T-Junction","Straight road","Level","Not Applicable","Sealed","Dry","Not Raining","Daylight","Rear End","02","Driver Rider","1: PDO","Traffic Signals","","",1326963.8,1674068.64,"13269641674069"
"2016-3835-27/05/2021","2 Metropolitan","BRIGHTON","5048","CITY OF HOLDFAST BAY",2,0,0,0,0,2016,"January","Saturday","12:50 pm","060","Divided Road","Straight road","Level","Not Applicable","Sealed","Dry","Not Raining","Daylight","Rear End","02","Driver Rider","1: PDO","No Control","","",1321146.93,1660603.18,"13211471660603"
"2016-3836-27/05/2021","2 Metropolitan","TENNYSON","5022","CITY OF CHARLES STURT",2,0,0,0,0,2016,"January","Sunday","05:55 pm","060","Not Divided","Straight road","Level","Not Applicable","Sealed","Dry","Not Raining","Daylight","Hit Parked Vehicle","01","Driver Rider","1: PDO","No Control","Y","",1318368.37,1674890.54,"13183681674891"
"2016-3837-27/05/2021","2 Metropolitan","PROSPECT","5082","CITY OF PROSPECT",3,0,0,0,0,2016,"January","Sunday","04:30 pm","040","Not Divided","Straight road","Level","Not Applicable","Sealed","Dry","Not Raining","Daylight","Hit Fixed Object","01","Driver Rider","1: PDO","No Control","Y","",1327560.32,1676344.91,"13275601676345"
"2016-3838-27/05/2021","2 Metropolitan","PARADISE","5075","CC CAMPBELLTOWN.              ",2,0,0,0,0,2016,"January","Saturday","07:30 pm","060","Not Divided","Straight road","Level","Not Applicable","Sealed","Dry","Not Raining","Daylight","Hit Parked Vehicle","02","Driver Rider","1: PDO","No Control","","",1335807.41,1676644.12,"13358071676644"
"2016-3839-27/05/2021","3 Country","TANTANOOLA","5280","WATTLE RANGE COUNCIL",2,0,0,0,0,2016,"January","Sunday","09:30 pm","110","Not Divided","CURVED, VIEW OBSCURED","Level","Not Applicable","Sealed","Wet","Raining","Night","Hit Animal","02","Animal","1: PDO","No Control","","",1485635.59,1355862.6,"14856361355863"
"2016-3840-27/05/2021","1 City","ADELAIDE","5000","CITY OF ADELAIDE",2,1,0,1,0,2016,"January","Sunday","10:05 pm","050","Cross Road","Straight road","Level","Not Applicable","Sealed","Dry","Not Raining","Night","Hit Pedestrian","02","Pedestrian","3: SI","No Control","Y","",1327737.68,1670959.44,"13277381670959"
"2016-3841-27/05/2021","2 Metropolitan","INGLE FARM","5098","CITY OF SALISBURY",2,0,0,0,0,2016,"January","Sunday","08:52 pm","050","T-Junction","CURVED, VIEW OPEN","Level","Not Applicable","Sealed","Dry","Not Raining","Night","Hit Fixed Object","01","Driver Rider","1: PDO","No Control","","",1333763,1682104.64,"13337631682105"
"2016-3842-27/05/2021","3 Country","THRINGTON","5552","COPPER COAST DISTRICT COUNCIL",2,1,0,0,1,2016,"February","Monday","05:20 am","100","Not Divided","Straight road","Level","Not Applicable","Sealed","Dry","Not Raining","Night","Hit Fixed Object","01","Driver Rider","2: MI","No Control","","Y",1257806.09,1776034.85,"12578061776035"
"2016-3843-27/05/2021","3 Country","BARMERA","5345","THE BERRI BARMERA COUNCIL",2,1,0,0,1,2016,"February","Monday","09:10 am","080","Cross Road","Straight road","Level","Not Applicable","Sealed","Dry","Not Raining","Daylight","Right Angle","02","Driver Rider","2: MI","Stop Sign","","",1501968.6,1737655.04,"15019691737655"
"2016-3844-27/05/2021","1 City","ADELAIDE","5000","CITY OF ADELAIDE",1,1,0,0,1,2016,"February","Monday","08:15 am","050","Cross Road","Straight road","Level","Not Applicable","Sealed","Dry","Not Raining","Daylight","Other","01","Driver Rider","2: MI","Traffic Signals","","",1329244.29,1670538.33,"13292441670538"
"2016-3845-27/05/2021","2 Metropolitan","LOCKLEYS","5032","CITY OF WEST TORRENS",2,1,0,0,1,2016,"February","Monday","08:58 am","060","Cross Road","Straight road","Level","Not Applicable","Sealed","Dry","Not Raining","Daylight","Rear End","02","Driver Rider","2: MI","Traffic Signals","","",1320926.91,1669968.19,"13209271669968"
"2016-3846-27/05/2021","1 City","ADELAIDE","5000","CITY OF ADELAIDE",2,0,0,0,0,2016,"January","Friday","11:17 am","025","Not Divided","Straight road","Level","Not Applicable","Sealed","Dry","Not Raining","Daylight","Hit Fixed Object","01","Driver Rider","1: PDO","No Control","","",1328285.05,1670899.45,"13282851670899"
"2016-3847-27/05/2021","2 Metropolitan","TORRENSVILLE","5031","CITY OF WEST TORRENS",2,0,0,0,0,2016,"January","Saturday","04:00 pm","060","Divided Road","CURVED, VIEW OPEN","Level","Driveway or Entrance","Sealed","Dry","Not Raining","Daylight","Right Angle","01","Driver Rider","1: PDO","No Control","","",1324922.76,1670968.43,"13249231670968"
"2016-3848-27/05/2021","2 Metropolitan","GLYNDE","5070","CC OF NORWOOD,PAYNEHAM & ST PETERS",2,0,0,0,0,2016,"February","Monday","11:08 am","050","Cross Road","Straight road","Level","Not Applicable","Sealed","Dry","Not Raining","Daylight","Right Angle","01","Driver Rider","1: PDO","Give Way Sign","","",1333604.62,1673348.3,"13336051673348"
"2016-3849-27/05/2021","2 Metropolitan","CRAFERS WEST","5152","THE ADELAIDE HILLS COUNCIL",3,0,0,0,0,2016,"February","Monday","08:10 am","090","Freeway","CURVED, VIEW OPEN","Slope","Not Applicable","Sealed","Dry","Not Raining","Daylight","Hit Fixed Object","01","Driver Rider","1: PDO","No Control","","",1335967.37,1664391.28,"13359671664391"
"2016-3850-27/05/2021","1 City","ADELAIDE","5000","CITY OF ADELAIDE",2,1,0,0,1,2016,"February","Monday","11:10 am","050","Not Divided","Straight road","Level","Not Applicable","Sealed","Dry","Not Raining","Daylight","Hit Parked Vehicle","02","Driver Rider","2: MI","No Control","","",1328535.72,1670518.38,"13285361670518"
"2016-3851-27/05/2021","2 Metropolitan","FINDON","5023","CITY OF CHARLES STURT",2,1,0,1,0,2016,"February","Monday","09:40 am","060","T-Junction","Straight road","Level","Not Applicable","Sealed","Dry","Not Raining","Daylight","Hit Pedestrian","02","Pedestrian","3: SI","Give Way Sign","","",1322319.37,1674725.4,"13223191674725"
"2016-3852-27/05/2021","2 Metropolitan","THEBARTON","5031","CITY OF WEST TORRENS",2,0,0,0,0,2016,"February","Monday","08:20 am","050","Cross Road","Straight road","Level","Not Applicable","Sealed","Dry","Not Raining","Daylight","Right Angle","02","Driver Rider","1: PDO","Stop Sign","","",1326065.46,1671516.41,"13260651671516"
"2016-3853-27/05/2021","2 Metropolitan","ST MARYS","5042","CC MITCHAM.                   ",2,0,0,0,0,2016,"January","Sunday","03:30 pm","060","Cross Road","Straight road","Level","Not Applicable","Sealed","Dry","Not Raining","Daylight","Right Angle","02","Driver Rider","1: PDO","Traffic Signals","","",1325962.44,1663322.78,"13259621663323"
"2016-3854-27/05/2021","3 Country","ANGASTON","5353","THE BAROSSA COUNCIL.",2,0,0,0,0,2016,"January","Saturday","09:00 pm","100","Not Divided","CURVED, VIEW OPEN","Level","Not Applicable","Sealed","Dry","Not Raining","Night","Hit Animal","02","Animal","1: PDO","No Control","","",1370263,1712551.15,"13702631712551"
"2016-3855-27/05/2021","2 Metropolitan","PROSPECT","5082","CITY OF PROSPECT",2,0,0,0,0,2016,"February","Monday","11:45 am","060","Cross Road","Straight road","Level","Not Applicable","Sealed","Dry","Not Raining","Daylight","Rear End","01","Driver Rider","1: PDO","Traffic Signals","","",1328862.6,1676432.75,"13288631676433"
"2016-3856-27/05/2021","3 Country","BRIMBAGO","5267","DC TATIARA.                   ",2,0,0,0,0,2016,"February","Monday","12:30 pm","110","Not Divided","CURVED, VIEW OBSCURED","Bottom of Hill","Not Applicable","Sealed","Dry","Not Raining","Daylight","Hit Fixed Object","01","Driver Rider","1: PDO","No Control","","",1492793.82,1525466.24,"14927941525466"
"2016-3857-27/05/2021","2 Metropolitan","ALDINGA","5173","CITY OF ONKAPARINGA",2,0,0,0,0,2016,"January","Sunday","01:45 pm","080","T-Junction","Straight road","Level","Not Applicable","Sealed","Dry","Not Raining","Daylight","Right Angle","01","Driver Rider","1: PDO","No Control","","",1316654.77,1632928.18,"13166551632928"
"2016-3858-27/05/2021","2 Metropolitan","UNDERDALE","5032","CITY OF WEST TORRENS",2,0,0,0,0,2016,"February","Monday","03:10 pm","050","Not Divided","Straight road","Level","Driveway or Entrance","Sealed","Dry","Not Raining","Daylight","Right Angle","01","Driver Rider","1: PDO","No Control","","",1324309.76,1671654.11,"13243101671654"
"2016-3859-27/05/2021","2 Metropolitan","HILTON","5033","CITY OF WEST TORRENS",2,0,0,0,0,2016,"February","Monday","01:55 pm","060","Cross Road","Straight road","Level","Not Applicable","Sealed","Dry","Not Raining","Daylight","Right Turn","02","Driver Rider","1: PDO","Traffic Signals","","",1325771.37,1670085.26,"13257711670085"