"REPORT_ID","Stats Area","Suburb","Postcode","LGA Name","Total Units","Total Cas","Total Fats","Total SI","Total MI","Year","Month","Day","Time","Area Speed","Position Type","Horizontal Align","Vertical Align","Other Feat","Road Surface","Moisture Cond","Weather Cond","DayNight","Crash Type","Unit Resp","Entity Code","CSEF Severity","Traffic Ctrls","DUI Involved","Drugs Involved","ACCLOC_X","ACCLOC_Y","UNIQUE_LOC"
"2016-3860-27/05/2021","1 City","ADELAIDE","5000","CITY OF ADELAIDE",2,0,0,0,0,2016,"February","Monday","09:15 am","040","Cross Road","Straight road","Level","Roadworks","Sealed","Dry","Not Raining","Daylight","Right Angle","02","Driver Rider","1: PDO","Give Way Sign","","",1327395.92,1670003.03,"13273961670003"
"2016-3861-27/05/2021","2 Metropolitan","SMITHFIELD","5114","CITY OF PLAYFORD.",2,0,0,0,0,2016,"February","Monday","05:05 pm","080","Divided Road","Straight road","Level","Not Applicable","Sealed","Dry","Not Raining","Daylight","Rear End","02","Driver Rider","1: PDO","No Control","","",1338142.85,1697592.52,"13381431697593"
"2016-3862-27/05/2021","1 City","ADELAIDE","5000","CITY OF ADELAIDE",2,0,0,0,0,2016,"February","Monday","05:45 pm","050","Cross Road","Straight road","Level","Not Applicable","Sealed","Dry","Not Raining","Daylight","Rear End","01","Driver Rider","1: PDO","Traffic Signals","","",1328475.2,1670187.2,"13284751670187"
"2016-3863-27/05/2021","2 Metropolitan","FINDON","5023","CITY OF CHARLES STURT",3,1,0,0,1,2016,"February","Monday","04:00 pm","060","T-Junction","Straight road","Level","Not Applicable","Sealed","Dry","Not Raining","Daylight","Rear End","01","Driver Rider","2: MI","No Control","","",1322636.45,1673126.85,"13226361673127"
"2016-3864-27/05/2021","2 Metropolitan","HAMPSTEAD GARDENS","5086","CITY OF PORT ADELAIDE ENFIELD",2,1,0,0,1,2016,"February","Monday","05:45 pm","060","Cross Road","Straight road","Level","Not Applicable","Sealed","Dry","Not Raining","Daylight","Right Angle","02","Driver Rider","2: MI","Stop Sign","","",1331618.46,1676337.3,"13316181676337"
"2016-3865-27/05/2021","3 Country","YAHL","5291","DISTRICT COUNCIL OF GRANT",3,1,0,0,1,2016,"February","Monday","06:20 pm","100","Not Divided","Straight road","Slope","Not Applicable","Sealed","Dry","Not Raining","Daylight","Hit Fixed Object","01","Driver Rider","2: MI","No Control","","",1515179.54,1337884.42,"15151801337884"
"2016-3866-27/05/2021","1 City","ADELAIDE","5000","CITY OF ADELAIDE",2,0,0,0,0,2016,"February","Monday","05:20 pm","050","Divided Road","Straight road","Level","Not Applicable","Sealed","Dry","Not Raining","Daylight","Rear End","02","Driver Rider","1: PDO","No Control","","",1327746.11,1669550.69,"13277461669551"
"2016-3867-27/05/2021","2 Metropolitan","CUDLEE CREEK","5232","THE ADELAIDE HILLS COUNCIL",2,0,0,0,0,2016,"February","Monday","04:20 pm","080","Not Divided","CURVED, VIEW OBSCURED","Level","Not Applicable","Sealed","Dry","Not Raining","Daylight","Head On","02","Driver Rider","1: PDO","No Control","","",1347362.8,1679521.72,"13473631679522"
"2016-3868-27/05/2021","2 Metropolitan","GLENELG","5045","CITY OF HOLDFAST BAY",2,1,0,0,1,2016,"February","Monday","06:35 pm","050","T-Junction","Straight road","Level","Not Applicable","Sealed","Dry","Not Raining","Daylight","Right Angle","01","Driver Rider","2: MI","No Control","","",1320384.92,1664506.7,"13203851664507"
"2016-3869-27/05/2021","2 Metropolitan","SALISBURY","5108","CITY OF SALISBURY",2,0,0,0,0,2016,"February","Monday","04:00 pm","060","T-Junction","Straight road","Level","Not Applicable","Sealed","Dry","Not Raining","Daylight","Hit Fixed Object","01","Driver Rider","1: PDO","No Control","","",1332629.92,1688699.9,"13326301688700"
"2016-3870-27/05/2021","1 City","ADELAIDE","5000","CITY OF ADELAIDE",2,0,0,0,0,2016,"February","Monday","08:00 am","060","Divided Road","Straight road","Level","Not Applicable","Sealed","Dry","Not Raining","Daylight","Side Swipe","02","Driver Rider","1: PDO","No Control","","",1327401.69,1669770.22,"13274021669770"
"2016-3871-27/05/2021","2 Metropolitan","WESTBOURNE PARK","5041","CC MITCHAM.                   ",2,0,0,0,0,2016,"February","Monday","05:00 pm","060","Cross Road","Straight road","Level","Not Applicable","Sealed","Dry","Not Raining","Daylight","Right Angle","02","Driver Rider","1: PDO","Traffic Signals","","",1327507.88,1666202.96,"13275081666203"
"2016-3872-27/05/2021","3 Country","PORT PIRIE SOUTH","5540","PT.PIRIE CITY & DIST. COUNCIL ",2,1,0,0,1,2016,"February","Monday","10:00 pm","050","Not Divided","Straight road","Level","Not Applicable","Sealed","Dry","Not Raining","Night","Hit Fixed Object","01","Driver Rider","2: MI","No Control","","",1280003.35,1862895.53,"12800031862896"
"2016-3873-27/05/2021","2 Metropolitan","HAWTHORN","5062","CC MITCHAM.                   ",1,1,0,0,1,2016,"February","Monday","08:35 pm","060","T-Junction","Straight road","Level","Not Applicable","Sealed","Dry","Not Raining","Night","Roll Over","09","Other","2: MI","Traffic Signals","","",1328309.41,1666226.27,"13283091666226"
"2016-3874-27/05/2021","3 Country","KEITH","5267","DC TATIARA.                   ",1,2,0,2,0,2016,"February","Monday","10:00 pm","110","Not Divided","Straight road","Level","Not Applicable","Sealed","Dry","Not Raining","Night","Roll Over","01","Driver Rider","3: SI","No Control","","",1480144.15,1519576.5,"14801441519577"
"2016-3875-27/05/2021","2 Metropolitan","FIRLE","5070","CC OF NORWOOD,PAYNEHAM & ST PETERS",2,0,0,0,0,2016,"February","Tuesday","03:35 am","050","Not Divided","Straight road","Level","Not Applicable","Sealed","Dry","Not Raining","Night","Hit Parked Vehicle","02","Driver Rider","1: PDO","No Control","","",1333099.91,1672875.05,"13331001672875"
"2016-3876-27/05/2021","2 Metropolitan","PROSPECT","5082","CITY OF PROSPECT",2,0,0,0,0,2016,"February","Tuesday","06:45 am","060","T-Junction","Straight road","Level","Not Applicable","Sealed","Dry","Not Raining","Daylight","Rear End","02","Driver Rider","1: PDO","No Control","","",1328869.68,1676555.33,"13288701676555"
"2016-3877-27/05/2021","2 Metropolitan","GILLES PLAINS","5086","CITY OF PORT ADELAIDE ENFIELD",3,0,0,0,0,2016,"February","Monday","05:10 pm","060","T-Junction","Straight road","Level","Not Applicable","Sealed","Dry","Not Raining","Daylight","Rear End","01","Driver Rider","1: PDO","Traffic Signals","","",1333714.24,1678206.55,"13337141678207"
"2016-3878-27/05/2021","2 Metropolitan","VALLEY VIEW","5093","CITY OF PORT ADELAIDE ENFIELD",2,0,0,0,0,2016,"February","Tuesday","08:20 am","060","T-Junction","Straight road","Level","Not Applicable","Sealed","Wet","Raining","Daylight","Rear End","02","Driver Rider","1: PDO","Traffic Signals","","",1334550.31,1679374.64,"13345501679375"
"2016-3879-27/05/2021","2 Metropolitan","MELROSE PARK","5039","CC MITCHAM.                   ",3,0,0,0,0,2016,"February","Monday","02:40 pm","060","Divided Road","Straight road","Level","Not Applicable","Sealed","Dry","Not Raining","Daylight","Rear End","01","Driver Rider","1: PDO","No Control","","",1325927.77,1664569.58,"13259281664570"
"2016-3880-27/05/2021","2 Metropolitan","MILLSWOOD","5034","CITY OF UNLEY",2,2,0,0,2,2016,"February","Monday","01:08 pm","050","T-Junction","Straight road","Level","Not Applicable","Sealed","Dry","Not Raining","Daylight","Right Angle","01","Driver Rider","2: MI","Stop Sign","","",1327473.12,1667380.9,"13274731667381"
"2016-3881-27/05/2021","2 Metropolitan","SALISBURY","5108","CITY OF SALISBURY",2,0,0,0,0,2016,"February","Tuesday","09:30 am","060","Divided Road","Straight road","Level","Not Applicable","Sealed","Wet","Raining","Daylight","Rear End","02","Driver Rider","1: PDO","No Control","","",1333337.94,1689225,"13333381689225"
"2016-3882-27/05/2021","2 Metropolitan","HECTORVILLE","5073","CC CAMPBELLTOWN.              ",2,1,0,0,1,2016,"February","Tuesday","08:10 am","050","Cross Road","Straight road","Level","Not Applicable","Sealed","Wet","Raining","Daylight","Right Angle","02","Driver Rider","2: MI","Give Way Sign","","",1335013.46,1674350.85,"13350131674351"
"2016-3883-27/05/2021","2 Metropolitan","WALKLEY HEIGHTS","5098","CITY OF SALISBURY",2,1,0,0,1,2016,"February","Tuesday","07:05 am","070","Cross Road","Straight road","Level","Not Applicable","Sealed","Wet","Raining","Daylight","Right Angle","01","Driver Rider","2: MI","Traffic Signals","","",1332971.13,1680497.42,"13329711680497"
"2016-3884-27/05/2021","2 Metropolitan","MILE END","5031","CITY OF WEST TORRENS",2,0,0,0,0,2016,"February","Tuesday","09:30 am","060","T-Junction","Straight road","Level","Not Applicable","Sealed","Wet","Not Raining","Daylight","Right Angle","02","Driver Rider","1: PDO","No Control","","",1326280,1670992.57,"13262801670993"
"2016-3885-27/05/2021","3 Country","PORT LINCOLN","5606","CC PT.LINCOLN.                ",2,0,0,0,0,2016,"February","Tuesday","06:45 am","060","Not Divided","CURVED, VIEW OBSCURED","Slope","Not Applicable","Sealed","Wet","Raining","Daylight","Hit Fixed Object","01","Driver Rider","1: PDO","No Control","","",1077058.49,1697705.22,"10770581697705"
"2016-3886-27/05/2021","2 Metropolitan","WASLEYS","5400","LIGHT REGIONAL COUNCIL",2,0,0,0,0,2016,"February","Tuesday","09:30 am","080","Not Divided","Straight road","Level","Not Applicable","Unsealed","Dry","Not Raining","Daylight","Hit Fixed Object","01","Driver Rider","1: PDO","No Control","","",1340576.82,1713469.98,"13405771713470"
"2016-3887-27/05/2021","1 City","NORTH ADELAIDE","5006","CITY OF ADELAIDE",2,0,0,0,0,2016,"February","Monday","02:45 pm","050","Not Divided","Straight road","Level","Not Applicable","Sealed","Dry","Not Raining","Daylight","Side Swipe","02","Driver Rider","1: PDO","No Control","","",1328604.6,1672410.87,"13286051672411"
"2016-3888-27/05/2021","2 Metropolitan","HENDON","5014","CITY OF CHARLES STURT",2,0,0,0,0,2016,"February","Tuesday","08:25 am","060","T-Junction","Straight road","Level","Not Applicable","Sealed","Wet","Not Raining","Daylight","Right Turn","01","Driver Rider","1: PDO","No Control","","",1320706.64,1676335.42,"13207071676335"
"2016-3889-27/05/2021","2 Metropolitan","LEAWOOD GARDENS","5150","CITY OF BURNSIDE",5,0,0,0,0,2016,"February","Tuesday","07:40 am","090","Freeway","Straight road","Slope","Not Applicable","Sealed","Wet","Raining","Daylight","Rear End","02","Driver Rider","1: PDO","No Control","","",1335280.72,1665225.2,"13352811665225"
"2016-3890-27/05/2021","2 Metropolitan","MAWSON LAKES","5095","CITY OF SALISBURY",3,0,0,0,0,2016,"February","Tuesday","07:30 am","070","Interchange","Straight road","Level","Not Applicable","Sealed","Wet","Raining","Daylight","Rear End","02","Driver Rider","1: PDO","No Control","","",1328921.34,1683637.96,"13289211683638"
"2016-3891-27/05/2021","2 Metropolitan","GLOBE DERBY PARK","5110","CITY OF SALISBURY",2,0,0,0,0,2016,"February","Tuesday","07:55 am","090","Divided Road","Straight road","Level","Not Applicable","Sealed","Wet","Raining","Daylight","Side Swipe","02","Driver Rider","1: PDO","No Control","","",1328673.51,1685933.82,"13286741685934"
"2016-3892-27/05/2021","2 Metropolitan","WINDSOR GARDENS","5087","CITY OF PORT ADELAIDE ENFIELD",2,1,0,0,1,2016,"February","Tuesday","09:40 am","060","Divided Road","Straight road","Level","Not Applicable","Sealed","Wet","Raining","Daylight","Rear End","01","Driver Rider","2: MI","No Control","","",1332866.08,1677265.23,"13328661677265"
"2016-3893-27/05/2021","3 Country","WAIKERIE","5330","LOXTON WAIKERIE DISTRICT COUNCIL",2,0,0,0,0,2016,"February","Monday","02:15 pm","080","T-Junction","Straight road","Level","Not Applicable","Sealed","Dry","Not Raining","Daylight","Rear End","02","Driver Rider","1: PDO","No Control","","",1459997.32,1747156.42,"14599971747156"
"2016-3894-27/05/2021","1 City","NORTH ADELAIDE","5006","CITY OF ADELAIDE",2,1,0,0,1,2016,"February","Monday","09:00 pm","050","Cross Road","Straight road","Level","Not Applicable","Sealed","Dry","Not Raining","Night","Rear End","02","Driver Rider","2: MI","Traffic Signals","","",1327899.7,1671597.52,"13279001671598"
"2016-3895-27/05/2021","3 Country","WAIKERIE","5330","LOXTON WAIKERIE DISTRICT COUNCIL",2,1,0,0,1,2016,"February","Tuesday","07:15 am","080","Cross Road","Straight road","Level","Not Applicable","Sealed","Dry","Not Raining","Daylight","Right Angle","01","Driver Rider","2: MI","Give Way Sign","","",1455084.25,1745896.93,"14550841745897"
"2016-3896-27/05/2021","2 Metropolitan","HINDMARSH","5007","CITY OF CHARLES STURT",2,0,0,0,0,2016,"February","Tuesday","09:40 am","060","Cross Road","Straight road","Level","Not Applicable","Sealed","Dry","Not Raining","Daylight","Side Swipe","02","Driver Rider","1: PDO","Traffic Signals","","",1326440.45,1672631.13,"13264401672631"
"2016-3897-27/05/2021","2 Metropolitan","HOLDEN HILL","5088","CITY OF PORT ADELAIDE ENFIELD",3,0,0,0,0,2016,"February","Tuesday","11:58 am","060","T-Junction","Straight road","Level","Not Applicable","Sealed","Wet","Raining","Daylight","Rear End","01","Driver Rider","1: PDO","Traffic Signals","","",1333963.39,1677962.96,"13339631677963"
"2016-3898-27/05/2021","2 Metropolitan","COROMANDEL VALLEY","5051","CITY OF ONKAPARINGA",2,1,0,0,1,2016,"February","Tuesday","12:35 pm","060","Not Divided","Straight road","Level","Not Applicable","Sealed","Wet","Raining","Daylight","Side Swipe","01","Driver Rider","2: MI","No Control","","",1329923.4,1656602.38,"13299231656602"
"2016-3899-27/05/2021","3 Country","RENMARK","5341","DC RENMARK PARINGA            ",2,0,0,0,0,2016,"February","Monday","03:45 pm","050","Not Divided","Straight road","Level","Driveway or Entrance","Sealed","Dry","Not Raining","Daylight","Side Swipe","01","Driver Rider","1: PDO","No Control","","",1527411.85,1744859.67,"15274121744860"
"2016-3900-27/05/2021","2 Metropolitan","GLENGOWRIE","5044","CC MARION.                    ",2,0,0,0,0,2016,"February","Tuesday","11:55 am","060","Cross Road","Straight road","Level","Not Applicable","Sealed","Wet","Raining","Daylight","Right Angle","02","Driver Rider","1: PDO","Give Way Sign","","",1321388.33,1663960.76,"13213881663961"
"2016-3901-27/05/2021","3 Country","NANGWARRY","5277","WATTLE RANGE COUNCIL",1,1,0,1,0,2016,"February","Tuesday","10:20 am","100","Not Divided","Straight road","Level","Not Applicable","Unsealed","Dry","Not Raining","Daylight","Roll Over","01","Driver Rider","3: SI","No Control","","",1523586.88,1373806.15,"15235871373806"
"2016-3902-27/05/2021","1 City","NORTH ADELAIDE","5006","CITY OF ADELAIDE",2,0,0,0,0,2016,"February","Monday","03:45 pm","050","Cross Road","Straight road","Level","Not Applicable","Sealed","Dry","Not Raining","Daylight","Side Swipe","01","Driver Rider","1: PDO","Traffic Signals","","",1328121.77,1673175.51,"13281221673176"
"2016-3903-27/05/2021","2 Metropolitan","KILBURN","5084","CITY OF PORT ADELAIDE ENFIELD",2,1,0,0,1,2016,"February","Monday","09:15 pm","050","T-Junction","Straight road","Level","Not Applicable","Sealed","Dry","Not Raining","Night","Right Angle","02","Driver Rider","2: MI","No Control","","",1328024.59,1677904.83,"13280251677905"
"2016-3904-27/05/2021","2 Metropolitan","ST AGNES","5097","CITY OF TEA TREE GULLY",2,1,0,0,1,2016,"February","Tuesday","08:20 am","060","Divided Road","Straight road","Slope","Driveway or Entrance","Sealed","Wet","Raining","Daylight","Rear End","01","Driver Rider","2: MI","No Control","","",1339227.88,1680698.82,"13392281680699"
"2016-3905-27/05/2021","3 Country","KULPARA","5552","BARUNGA WEST DISTRICT COUNCIL",1,2,0,0,2,2016,"February","Tuesday","10:15 am","100","Not Divided","CURVED, VIEW OBSCURED","Slope","Not Applicable","Sealed","Dry","Not Raining","Daylight","Roll Over","01","Driver Rider","2: MI","No Control","","",1281189.38,1767521.02,"12811891767521"
"2016-3906-27/05/2021","3 Country","VICTOR HARBOR","5211","DC VICTOR HARBOR.             ",2,0,0,0,0,2016,"February","Tuesday","12:23 pm","050","Cross Road","Straight road","Level","Not Applicable","Sealed","Wet","Not Raining","Daylight","Hit Fixed Object","01","Driver Rider","1: PDO","Give Way Sign","","",1327977.89,1601256.05,"13279781601256"
"2016-3907-27/05/2021","2 Metropolitan","INGLE FARM","5098","CITY OF SALISBURY",2,0,0,0,0,2016,"February","Tuesday","08:25 am","060","T-Junction","Straight road","Level","Not Applicable","Sealed","Wet","Raining","Daylight","Rear End","02","Driver Rider","1: PDO","Traffic Signals","","",1333095.45,1681419.02,"13330951681419"
"2016-3908-27/05/2021","2 Metropolitan","HOLDEN HILL","5088","CITY OF PORT ADELAIDE ENFIELD",2,1,0,0,1,2016,"February","Tuesday","12:35 pm","060","Divided Road","Straight road","Level","Not Applicable","Sealed","Wet","Raining","Daylight","Side Swipe","01","Driver Rider","2: MI","No Control","","",1334432.65,1678389.77,"13344331678390"
"2016-3909-27/05/2021","2 Metropolitan","DULWICH","5065","CITY OF BURNSIDE",3,2,0,0,2,2016,"February","Tuesday","10:00 am","025","Not Divided","Straight road","Level","Roadworks","Sealed","Wet","Raining","Daylight","Rear End","02","Driver Rider","2: MI","No Control","","",1330655,1669228.97,"13306551669229"
"2016-3910-27/05/2021","3 Country","MALLALA","5502","DC MALLALA.                   ",2,1,0,0,1,2016,"January","Thursday","10:30 am","100","Not Divided","Straight road","Level","Driveway or Entrance","Sealed","Dry","Not Raining","Daylight","Right Angle","01","Driver Rider","2: MI","No Control","","",1321508.16,1724976.68,"13215081724977"
"2016-3911-27/05/2021","2 Metropolitan","ENFIELD","5085","CITY OF PORT ADELAIDE ENFIELD",2,1,0,0,1,2016,"February","Tuesday","02:04 pm","060","Divided Road","Straight road","Level","Not Applicable","Sealed","Wet","Raining","Daylight","Hit Pedestrian","01","Pedestrian","2: MI","No Control","","",1328842.01,1677781.88,"13288421677782"
"2016-3912-27/05/2021","2 Metropolitan","PARA HILLS WEST","5096","CITY OF SALISBURY",2,0,0,0,0,2016,"February","Tuesday","12:15 pm","060","T-Junction","Straight road","Level","Driveway or Entrance","Sealed","Wet","Raining","Daylight","Right Angle","01","Driver Rider","1: PDO","No Control","","",1334060.45,1684475.47,"13340601684475"
"2016-3913-27/05/2021","2 Metropolitan","ALDINGA BEACH","5173","CITY OF ONKAPARINGA",3,3,0,0,3,2016,"February","Tuesday","03:20 pm","050","Not Divided","Straight road","Level","Not Applicable","Sealed","Dry","Not Raining","Daylight","Rear End","01","Driver Rider","2: MI","No Control","","",1315245.21,1631981.18,"13152451631981"
"2016-3914-27/05/2021","2 Metropolitan","CHELTENHAM","5014","CITY OF CHARLES STURT",2,0,0,0,0,2016,"February","Tuesday","12:27 pm","060","T-Junction","Straight road","Level","Not Applicable","Sealed","Wet","Not Raining","Daylight","Right Angle","02","Driver Rider","1: PDO","Give Way Sign","","",1321457.27,1676998.96,"13214571676999"
"2016-3915-27/05/2021","2 Metropolitan","PARADISE","5075","CC CAMPBELLTOWN.              ",2,0,0,0,0,2016,"February","Tuesday","04:40 pm","060","T-Junction","Straight road","Level","Not Applicable","Sealed","Dry","Not Raining","Daylight","Right Turn","02","Driver Rider","1: PDO","Traffic Signals","","",1334567.97,1675903.26,"13345681675903"
"2016-3916-27/05/2021","2 Metropolitan","ELIZABETH VALE","5112","CITY OF PLAYFORD.",2,0,0,0,0,2016,"February","Tuesday","04:00 pm","060","Cross Road","Straight road","Level","Not Applicable","Sealed","Dry","Not Raining","Daylight","Side Swipe","02","Driver Rider","1: PDO","Roundabout","","",1334411.13,1689802.11,"13344111689802"
"2016-3917-27/05/2021","2 Metropolitan","CLELAND","5152","THE ADELAIDE HILLS COUNCIL",1,0,0,0,0,2016,"February","Monday","04:23 pm","080","Not Divided","CURVED, VIEW OPEN","Slope","Not Applicable","Unsealed","Dry","Not Raining","Daylight","Left Road - Out of Control","01","Driver Rider","1: PDO","No Control","Y","",1338867.68,1665949,"13388681665949"
"2016-3918-27/05/2021","3 Country","CALLINGTON","5254","RC MURRAY BRIDGE.             ",3,2,0,0,2,2016,"February","Tuesday","03:08 pm","040","Freeway","Straight road","Level","Roadworks","Sealed","Wet","Raining","Daylight","Rear End","01","Driver Rider","2: MI","No Control","","",1369458.57,1646329.71,"13694591646330"
"2016-3919-27/05/2021","2 Metropolitan","SALISBURY","5108","CITY OF SALISBURY",2,0,0,0,0,2016,"February","Tuesday","06:45 am","060","Divided Road","Straight road","Level","Not Applicable","Sealed","Wet","Raining","Daylight","Side Swipe","02","Driver Rider","1: PDO","No Control","","",1333234.65,1689111.87,"13332351689112"
"2016-3920-27/05/2021","2 Metropolitan","WOODVILLE NORTH","5012","CITY OF CHARLES STURT",2,1,0,0,1,2016,"February","Tuesday","06:00 pm","050","Not Divided","Straight road","Level","Driveway or Entrance","Sealed","Dry","Not Raining","Daylight","Hit Pedestrian","01","Driver Rider","2: MI","No Control","","",1323885.29,1676841.27,"13238851676841"
"2016-3921-27/05/2021","2 Metropolitan","ST MARYS","5042","CC MITCHAM.                   ",2,0,0,0,0,2016,"February","Tuesday","05:30 pm","060","Divided Road","Straight road","Level","Not Applicable","Sealed","Dry","Not Raining","Daylight","Side Swipe","02","Driver Rider","1: PDO","No Control","","",1326006.56,1661778.76,"13260071661779"
"2016-3922-27/05/2021","2 Metropolitan","INGLE FARM","5098","CITY OF SALISBURY",2,3,0,0,3,2016,"February","Tuesday","04:50 pm","060","Cross Road","Straight road","Level","Not Applicable","Sealed","Dry","Not Raining","Daylight","Right Angle","02","Driver Rider","2: MI","Stop Sign","","",1331807.38,1681390.84,"13318071681391"
"2016-3923-27/05/2021","2 Metropolitan","MORPHETT VALE","5162","CITY OF ONKAPARINGA",2,0,0,0,0,2016,"February","Tuesday","05:40 pm","060","T-Junction","Straight road","Level","Not Applicable","Sealed","Dry","Not Raining","Daylight","Hit Fixed Object","01","Driver Rider","1: PDO","No Control","","",1321970.08,1648607.14,"13219701648607"
"2016-3924-27/05/2021","2 Metropolitan","GLENELG NORTH","5045","CITY OF WEST TORRENS",2,0,0,0,0,2016,"February","Tuesday","07:40 pm","060","T-Junction","Straight road","Level","Not Applicable","Sealed","Dry","Not Raining","Daylight","Rear End","02","Driver Rider","1: PDO","Traffic Signals","","",1320761.6,1666833.07,"13207621666833"
"2016-3925-27/05/2021","2 Metropolitan","WOODCROFT","5162","CITY OF ONKAPARINGA",2,2,0,0,2,2016,"February","Tuesday","03:55 pm","080","Divided Road","Straight road","Level","Not Applicable","Sealed","Dry","Not Raining","Daylight","Rear End","01","Driver Rider","2: MI","No Control","","",1323115.99,1648821.02,"13231161648821"
"2016-3926-27/05/2021","2 Metropolitan","PORT ADELAIDE","5015","CITY OF PORT ADELAIDE ENFIELD",2,0,0,0,0,2016,"February","Tuesday","10:05 pm","060","T-Junction","Straight road","Level","Not Applicable","Sealed","Dry","Not Raining","Night","Right Turn","01","Driver Rider","1: PDO","Stop Sign","","",1320479.91,1679175.96,"13204801679176"
"2016-3927-27/05/2021","2 Metropolitan","REYNELLA","5161","CITY OF ONKAPARINGA",4,0,0,0,0,2016,"February","Tuesday","08:40 pm","100","Freeway","CURVED, VIEW OPEN","Slope","Bridge, Culvert, Causeway","Sealed","Dry","Not Raining","Night","Rear End","02","Driver Rider","1: PDO","No Control","","",1320818.79,1652334.45,"13208191652334"
"2016-3928-27/05/2021","2 Metropolitan","TEA TREE GULLY","5091","CITY OF TEA TREE GULLY",2,0,0,0,0,2016,"February","Tuesday","09:35 pm","080","Not Divided","Straight road","Slope","Not Applicable","Sealed","Wet","Raining","Night","Hit Fixed Object","01","Driver Rider","1: PDO","No Control","","",1341797.92,1681468.06,"13417981681468"
"2016-3929-27/05/2021","2 Metropolitan","ADELAIDE AIRPORT","5950","CITY OF WEST TORRENS",2,0,0,0,0,2016,"February","Tuesday","06:30 pm","050","Cross Road","CURVED, VIEW OPEN","Level","Not Applicable","Sealed","Dry","Not Raining","Daylight","Side Swipe","01","Driver Rider","1: PDO","Roundabout","","",1322516.26,1669812.8,"13225161669813"
"2016-3930-27/05/2021","2 Metropolitan","LARGS NORTH","5016","CITY OF PORT ADELAIDE ENFIELD",2,4,1,1,2,2016,"February","Tuesday","08:05 pm","060","Divided Road","Straight road","Level","Not Applicable","Sealed","Dry","Not Raining","Daylight","Hit Pedestrian","02","Pedestrian","4: Fatal","No Control","Y","Y",1319904.64,1683377.39,"13199051683377"
"2016-3931-27/05/2021","2 Metropolitan","MARION","5043","CC MARION.                    ",2,0,0,0,0,2016,"February","Wednesday","07:30 am","060","T-Junction","Straight road","Level","Not Applicable","Sealed","Dry","Not Raining","Daylight","Side Swipe","02","Driver Rider","1: PDO","No Control","","",1324348.81,1662443.15,"13243491662443"
"2016-3932-27/05/2021","2 Metropolitan","EDINBURGH","5111","CITY OF SALISBURY",2,0,0,0,0,2016,"February","Wednesday","08:00 am","080","Cross Road","Straight road","Level","Not Applicable","Sealed","Dry","Not Raining","Daylight","Rear End","02","Driver Rider","1: PDO","Roundabout","","",1332506.81,1691943.52,"13325071691944"
"2016-3933-27/05/2021","2 Metropolitan","ATHELSTONE","5076","CC CAMPBELLTOWN.              ",2,0,0,0,0,2016,"February","Tuesday","12:36 pm","060","Cross Road","Straight road","Level","Not Applicable","Sealed","Wet","Raining","Daylight","Right Angle","02","Driver Rider","1: PDO","Roundabout","","",1337033.54,1674736.87,"13370341674737"
"2016-3934-27/05/2021","2 Metropolitan","ELIZABETH PARK","5113","CITY OF PLAYFORD.",2,0,0,0,0,2016,"February","Wednesday","08:50 am","080","Cross Road","Straight road","Level","Not Applicable","Sealed","Dry","Not Raining","Daylight","Rear End","01","Driver Rider","1: PDO","Traffic Signals","","",1335939.12,1693257.92,"13359391693258"
"2016-3935-27/05/2021","2 Metropolitan","FLINDERS PARK","5025","CITY OF CHARLES STURT",3,2,0,0,2,2016,"February","Wednesday","08:20 am","060","Divided Road","Straight road","Level","Not Applicable","Sealed","Dry","Not Raining","Daylight","Rear End","02","Driver Rider","2: MI","No Control","","",1324247.23,1673175.84,"13242471673176"
"2016-3936-27/05/2021","2 Metropolitan","PARA HILLS WEST","5096","CITY OF SALISBURY",2,0,0,0,0,2016,"February","Tuesday","11:25 am","060","Not Divided","Straight road","Level","Not Applicable","Sealed","Wet","Raining","Daylight","Rear End","01","Driver Rider","1: PDO","No Control","","",1333991.49,1684404.88,"13339911684405"
"2016-3937-27/05/2021","3 Country","KOONAMORE","5440",,1,1,0,0,1,2016,"January","Friday","09:00 am","100","Not Divided","CURVED, VIEW OPEN","Level","Not Applicable","Unsealed","Dry","Not Raining","Daylight","Left Road - Out of Control","01","Driver Rider","2: MI","No Control","","",1420367.25,1997476.59,"14203671997477"
"2016-3938-27/05/2021","2 Metropolitan","GEPPS CROSS","5094","CITY OF PORT ADELAIDE ENFIELD",2,0,0,0,0,2016,"February","Wednesday","08:30 am","060","Cross Road","Straight road","Level","Not Applicable","Sealed","Dry","Not Raining","Daylight","Rear End","02","Driver Rider","1: PDO","Traffic Signals","","",1327182.14,1679208.39,"13271821679208"
"2016-3939-27/05/2021","1 City","ADELAIDE","5000","CITY OF ADELAIDE",1,1,0,0,1,2016,"February","Wednesday","09:35 am","050","Not Divided","Straight road","Level","Not Applicable","Sealed","Dry","Not Raining","Daylight","Roll Over","01","Driver Rider","2: MI","No Control","","",1329016.91,1670970.15,"13290171670970"