"REPORT_ID","Stats Area","Suburb","Postcode","LGA Name","Total Units","Total Cas","Total Fats","Total SI","Total MI","Year","Month","Day","Time","Area Speed","Position Type","Horizontal Align","Vertical Align","Other Feat","Road Surface","Moisture Cond","Weather Cond","DayNight","Crash Type","Unit Resp","Entity Code","CSEF Severity","Traffic Ctrls","DUI Involved","Drugs Involved","ACCLOC_X","ACCLOC_Y","UNIQUE_LOC"
"2016-5305-27/05/2021","2 Metropolitan","ASCOT PARK","5043","CC MARION.                    ",2,0,0,0,0,2016,"March","Sunday","11:15 am","050","Cross Road","Straight road","Level","Not Applicable","Sealed","Dry","Not Raining","Daylight","Hit Fixed Object","01","Driver Rider","1: PDO","Stop Sign","","",1325094.28,1664007.99,"13250941664008"
"2016-5306-27/05/2021","2 Metropolitan","ROSTREVOR","5073","CC CAMPBELLTOWN.              ",2,0,0,0,0,2016,"March","Sunday","10:30 am","050","Not Divided","Straight road","Level","Driveway or Entrance","Sealed","Dry","Not Raining","Daylight","Side Swipe","02","Driver Rider","1: PDO","No Control","","",1336501.33,1674507.68,"13365011674508"
"2016-5307-27/05/2021","3 Country","MENINGIE","5264","COORONG DISTRICT COUNCIL",2,1,0,1,0,2016,"March","Sunday","07:00 am","060","T-Junction","Straight road","Level","Not Applicable","Sealed","Dry","Not Raining","Night","Rear End","02","Driver Rider","3: SI","Give Way Sign","","",1392635.33,1584218.51,"13926351584219"
"2016-5308-27/05/2021","2 Metropolitan","GLENSIDE","5065","CITY OF BURNSIDE",2,0,0,0,0,2016,"March","Sunday","03:00 pm","060","T-Junction","Straight road","Level","Not Applicable","Sealed","Dry","Not Raining","Daylight","Rear End","02","Driver Rider","1: PDO","Traffic Signals","","",1332322.98,1668698.73,"13323231668699"
"2016-5309-27/05/2021","2 Metropolitan","PENFIELD","5121","CITY OF PLAYFORD.",2,0,0,0,0,2016,"March","Sunday","03:25 pm","060","Cross Road","Straight road","Level","Not Applicable","Sealed","Wet","Not Raining","Daylight","Hit Fixed Object","01","Driver Rider","1: PDO","Stop Sign","","",1334450.71,1695787.2,"13344511695787"
"2016-5310-27/05/2021","3 Country","BORDERTOWN","5268","DC TATIARA.                   ",2,0,0,0,0,2016,"March","Sunday","11:50 am","050","Not Divided","Straight road","Level","Additional Control Operating","Sealed","Dry","Not Raining","Daylight","Side Swipe","01","Driver Rider","1: PDO","No Control","","",1517970.78,1508911.78,"15179711508912"
"2016-5311-27/05/2021","3 Country","KIMBA","5641","DC KIMBA.                     ",4,0,0,0,0,2016,"March","Sunday","02:15 am","050","Cross Road","Straight road","Level","Not Applicable","Sealed","Dry","Not Raining","Night","Hit Fixed Object","01","Driver Rider","1: PDO","Roundabout","","",1132192.82,1873097.04,"11321931873097"
"2016-5312-27/05/2021","2 Metropolitan","WINGFIELD","5013","CITY OF PORT ADELAIDE ENFIELD",2,0,0,0,0,2016,"March","Saturday","02:30 pm","060","Cross Road","Straight road","Level","Not Applicable","Sealed","Dry","Not Raining","Daylight","Rear End","01","Driver Rider","1: PDO","Traffic Signals","","",1325526.91,1679186.68,"13255271679187"
"2016-5313-27/05/2021","3 Country","BUTE","5560","BARUNGA WEST DISTRICT COUNCIL",2,0,0,0,0,2016,"March","Sunday","04:20 pm","100","Not Divided","Straight road","Level","Not Applicable","Sealed","Dry","Not Raining","Daylight","Hit Fixed Object","01","Driver Rider","1: PDO","No Control","","",1270761.55,1788368.61,"12707621788369"
"2016-5314-27/05/2021","2 Metropolitan","GUMERACHA","5233","THE ADELAIDE HILLS COUNCIL",2,0,0,0,0,2016,"March","Sunday","04:59 pm","080","Not Divided","CURVED, VIEW OBSCURED","Slope","Not Applicable","Sealed","Wet","Raining","Daylight","Hit Fixed Object","01","Driver Rider","1: PDO","No Control","","",1356938.08,1681266.01,"13569381681266"
"2016-5315-27/05/2021","2 Metropolitan","TOTNESS","5250","DC MT.BARKER.                 ",2,0,0,0,0,2016,"March","Sunday","05:45 pm","080","Cross Road","CURVED, VIEW OPEN","Level","Not Applicable","Sealed","Wet","Raining","Daylight","Hit Fixed Object","01","Driver Rider","1: PDO","Traffic Signals","","",1350979.54,1655304.8,"13509801655305"
"2016-5316-27/05/2021","2 Metropolitan","SALISBURY EAST","5109","CITY OF SALISBURY",2,0,0,0,0,2016,"March","Sunday","04:50 pm","060","Cross Road","Straight road","Slope","Additional Control Operating","Sealed","Wet","Raining","Daylight","Right Angle","02","Driver Rider","1: PDO","Traffic Signals","","",1334182.03,1684642.83,"13341821684643"
"2016-5317-27/05/2021","2 Metropolitan","SMITHFIELD","5114","CITY OF PLAYFORD.",2,0,0,0,0,2016,"March","Sunday","04:20 pm","080","Cross Road","Straight road","Level","Not Applicable","Sealed","Wet","Raining","Daylight","Right Angle","02","Driver Rider","1: PDO","Traffic Signals","","",1337639.53,1696642.01,"13376401696642"
"2016-5318-27/05/2021","3 Country","WOLSELEY","5269","DC TATIARA.                   ",2,0,0,0,0,2016,"March","Sunday","02:20 pm","100","Not Divided","Straight road","Level","Not Applicable","Sealed","Dry","Not Raining","Daylight","Hit Fixed Object","01","Driver Rider","1: PDO","No Control","","",1526696.83,1507206.29,"15266971507206"
"2016-5319-27/05/2021","3 Country","COOMUNGA","5607","DC LOWER EYRE PENINSULA       ",2,0,0,0,0,2016,"March","Sunday","05:45 pm","110","Not Divided","Straight road","Level","Not Applicable","Sealed","Wet","Raining","Daylight","Hit Fixed Object","01","Driver Rider","1: PDO","No Control","","",1068577.34,1704150,"10685771704150"
"2016-5320-27/05/2021","2 Metropolitan","SALISBURY PLAIN","5109","CITY OF SALISBURY",2,0,0,0,0,2016,"March","Sunday","05:45 pm","060","Cross Road","Straight road","Level","Not Applicable","Sealed","Wet","Raining","Daylight","Hit Fixed Object","01","Driver Rider","1: PDO","Traffic Signals","","",1335434.47,1688134.74,"13354341688135"
"2016-5321-27/05/2021","2 Metropolitan","TORRENS PARK","5062","CC MITCHAM.                   ",2,0,0,0,0,2016,"March","Thursday","04:25 pm","060","Not Divided","Straight road","Level","Not Applicable","Sealed","Dry","Not Raining","Daylight","Side Swipe","02","Driver Rider","1: PDO","No Control","","",1329331.53,1664254.71,"13293321664255"
"2016-5322-27/05/2021","2 Metropolitan","KURRALTA PARK","5037","CITY OF WEST TORRENS",2,0,0,0,0,2016,"March","Sunday","05:00 pm","060","Divided Road","Straight road","Level","Not Applicable","Sealed","Dry","Not Raining","Daylight","Rear End","01","Driver Rider","1: PDO","No Control","","",1325512.45,1667519.66,"13255121667520"
"2016-5323-27/05/2021","2 Metropolitan","PARALOWIE","5108","CITY OF SALISBURY",2,0,0,0,0,2016,"March","Sunday","07:18 pm","050","Not Divided","CURVED, VIEW OPEN","Level","Not Applicable","Sealed","Wet","Raining","Daylight","Hit Parked Vehicle","02","Driver Rider","1: PDO","No Control","","",1330693.39,1689247.8,"13306931689248"
"2016-5324-27/05/2021","2 Metropolitan","GOODWOOD","5034","CITY OF UNLEY",2,1,0,0,1,2016,"March","Friday","06:40 pm","050","T-Junction","Straight road","Level","Not Applicable","Sealed","Dry","Not Raining","Daylight","Rear End","02","Driver Rider","2: MI","Stop Sign","","",1327461.02,1667778.18,"13274611667778"
"2016-5325-27/05/2021","2 Metropolitan","SMITHFIELD","5114","CITY OF PLAYFORD.",2,0,0,0,0,2016,"March","Sunday","07:55 pm","050","T-Junction","Straight road","Level","Not Applicable","Sealed","Wet","Raining","Night","Hit Fixed Object","01","Driver Rider","1: PDO","No Control","","",1338067.2,1697749.82,"13380671697750"
"2016-5326-27/05/2021","2 Metropolitan","HECTORVILLE","5073","CC CAMPBELLTOWN.              ",2,0,0,0,0,2016,"February","Monday","01:20 pm","060","T-Junction","Straight road","Level","Not Applicable","Sealed","Dry","Not Raining","Daylight","Right Angle","02","Driver Rider","1: PDO","No Control","","",1334297.61,1674292.17,"13342981674292"
"2016-5327-27/05/2021","3 Country","PATA","5333","LOXTON WAIKERIE DISTRICT COUNCIL",2,0,0,0,0,2016,"March","Friday","08:30 pm","100","T-Junction","Straight road","Level","Not Applicable","Unsealed","Dry","Not Raining","Night","Hit Fixed Object","01","Driver Rider","1: PDO","No Control","","",1514714.28,1702311.74,"15147141702312"
"2016-5328-27/05/2021","3 Country","WILMINGTON","5485","DC MT.REMARKABLE.             ",3,1,0,0,1,2016,"March","Sunday","03:50 pm","110","Not Divided","Straight road","Slope","Not Applicable","Sealed","Dry","Not Raining","Daylight","Hit Fixed Object","01","Driver Rider","2: MI","No Control","","",1297110.6,1921919.3,"12971111921919"
"2016-5329-27/05/2021","2 Metropolitan","GLENELG","5045","CITY OF HOLDFAST BAY",2,1,0,0,1,2016,"March","Sunday","07:15 pm","040","Cross Road","Straight road","Level","Not Applicable","Sealed","Wet","Raining","Daylight","Right Angle","01","Driver Rider","2: MI","Traffic Signals","","",1320797.13,1664894.03,"13207971664894"
"2016-5330-27/05/2021","2 Metropolitan","MAYLANDS","5069","CC OF NORWOOD,PAYNEHAM & ST PETERS",3,0,0,0,0,2016,"March","Wednesday","06:40 pm","060","T-Junction","Straight road","Level","Not Applicable","Sealed","Dry","Not Raining","Daylight","Right Turn","02","Driver Rider","1: PDO","No Control","","",1331812.95,1671751.27,"13318131671751"
"2016-5331-27/05/2021","2 Metropolitan","CHELTENHAM","5014","CITY OF CHARLES STURT",2,0,0,0,0,2016,"March","Sunday","05:00 pm","060","Not Divided","Straight road","Level","Not Applicable","Sealed","Wet","Raining","Daylight","Rear End","02","Driver Rider","1: PDO","No Control","","",1322193.56,1676992.13,"13221941676992"
"2016-5332-27/05/2021","1 City","ADELAIDE","5000","CITY OF ADELAIDE",2,1,0,0,1,2016,"March","Wednesday","09:00 pm","050","Cross Road","Straight road","Level","Not Applicable","Sealed","Dry","Not Raining","Night","Hit Pedestrian","02","Driver Rider","2: MI","Traffic Signals","","",1329038.86,1670203.05,"13290391670203"
"2016-5333-27/05/2021","2 Metropolitan","PLYMPTON","5038","CITY OF WEST TORRENS",2,1,0,1,0,2016,"March","Friday","08:00 pm","060","Not Divided","Straight road","Level","Driveway or Entrance","Sealed","Dry","Not Raining","Night","Right Angle","01","Driver Rider","3: SI","No Control","","",1324230.32,1666444.04,"13242301666444"
"2016-5334-27/05/2021","2 Metropolitan","MILE END","5031","CITY OF WEST TORRENS",2,1,0,0,1,2016,"March","Saturday","03:00 pm","060","Divided Road","Straight road","Level","Not Applicable","Sealed","Dry","Not Raining","Daylight","Rear End","01","Driver Rider","2: MI","No Control","Y","Y",1325755.82,1670950.58,"13257561670951"
"2016-5335-27/05/2021","2 Metropolitan","WALKLEY HEIGHTS","5098","CITY OF SALISBURY",2,2,0,2,0,2016,"March","Sunday","09:02 pm","060","Not Divided","CURVED, VIEW OPEN","Slope","Not Applicable","Sealed","Wet","Not Raining","Night","Head On","02","Driver Rider","3: SI","No Control","","",1331731.43,1680398.31,"13317311680398"
"2016-5336-27/05/2021","2 Metropolitan","GREENWITH","5125","CITY OF TEA TREE GULLY",2,0,0,0,0,2016,"March","Sunday","05:15 pm","060","Divided Road","CURVED, VIEW OPEN","Slope","Not Applicable","Sealed","Wet","Raining","Daylight","Hit Fixed Object","01","Driver Rider","1: PDO","No Control","Y","",1339022.97,1687721.71,"13390231687722"
"2016-5337-27/05/2021","3 Country","FARINA STATION","5733",,2,0,0,0,0,2016,"March","Sunday","07:15 pm","100","Not Divided","CURVED, VIEW OBSCURED","Slope","Not Applicable","Unsealed","Dry","Not Raining","Daylight","Hit Fixed Object","01","Driver Rider","1: PDO","No Control","","",1316322.35,2202409.12,"13163222202409"
"2016-5338-27/05/2021","2 Metropolitan","GOLDEN GROVE","5125","CITY OF TEA TREE GULLY",2,0,0,0,0,2016,"March","Sunday","05:00 pm","060","Not Divided","CURVED, VIEW OPEN","Slope","Not Applicable","Sealed","Wet","Raining","Daylight","Hit Fixed Object","01","Driver Rider","1: PDO","No Control","","",1339427.03,1685958.29,"13394271685958"
"2016-5339-27/05/2021","2 Metropolitan","ELIZABETH NORTH","5113","CITY OF PLAYFORD.",2,0,0,0,0,2016,"March","Monday","05:36 am","060","Not Divided","Straight road","Level","Not Applicable","Sealed","Dry","Not Raining","Night","Rear End","01","Driver Rider","1: PDO","No Control","","",1335953.93,1694934.37,"13359541694934"
"2016-5340-27/05/2021","2 Metropolitan","SOUTH PLYMPTON","5038","CC MARION.                    ",3,0,0,0,0,2016,"March","Monday","06:40 am","060","Divided Road","Straight road","Level","Not Applicable","Sealed","Dry","Not Raining","Night","Rear End","01","Driver Rider","1: PDO","No Control","","",1324236.83,1666150.65,"13242371666151"
"2016-5341-27/05/2021","2 Metropolitan","WEST RICHMOND","5033","CITY OF WEST TORRENS",3,0,0,0,0,2016,"March","Sunday","02:00 pm","060","Cross Road","Straight road","Level","Not Applicable","Sealed","Dry","Not Raining","Daylight","Other","01","Driver Rider","1: PDO","Give Way Sign","","",1324146.49,1669666.33,"13241461669666"
"2016-5342-27/05/2021","2 Metropolitan","LOCKLEYS","5032","CITY OF WEST TORRENS",2,2,0,1,1,2016,"March","Sunday","12:25 pm","060","T-Junction","Straight road","Level","Not Applicable","Sealed","Dry","Not Raining","Daylight","Right Turn","02","Driver Rider","3: SI","Traffic Signals","","",1321886.95,1669998.55,"13218871669999"
"2016-5343-27/05/2021","2 Metropolitan","TOTNESS","5250","DC MT.BARKER.                 ",2,0,0,0,0,2016,"March","Sunday","12:42 pm","060","Divided Road","CURVED, VIEW OPEN","Slope","Not Applicable","Sealed","Dry","Not Raining","Daylight","Side Swipe","01","Driver Rider","1: PDO","No Control","","",1350519.37,1655753.59,"13505191655754"
"2016-5344-27/05/2021","2 Metropolitan","HAWTHORN","5062","CC MITCHAM.                   ",2,0,0,0,0,2016,"March","Monday","08:30 am","050","Cross Road","Straight road","Level","Not Applicable","Sealed","Dry","Not Raining","Daylight","Right Angle","02","Driver Rider","1: PDO","Roundabout","","",1328293.47,1665031.89,"13282931665032"
"2016-5345-27/05/2021","2 Metropolitan","TROTT PARK","5158","CC MARION.                    ",4,1,0,0,1,2016,"March","Monday","07:51 am","080","T-Junction","Straight road","Crest of Hill","Not Applicable","Sealed","Dry","Not Raining","Daylight","Right Turn","01","Driver Rider","2: MI","Traffic Signals","","",1322110.13,1656550.09,"13221101656550"
"2016-5346-27/05/2021","2 Metropolitan","UNDERDALE","5032","CITY OF WEST TORRENS",3,1,0,0,1,2016,"March","Monday","09:49 am","050","Not Divided","Straight road","Level","Not Applicable","Sealed","Dry","Not Raining","Daylight","Hit Parked Vehicle","01","Driver Rider","2: MI","No Control","","",1323482.96,1671067.02,"13234831671067"
"2016-5347-27/05/2021","3 Country","JAMESTOWN","5491","NORTHERN AREAS DISTRICT COUNCIL",2,1,0,0,1,2016,"March","Monday","08:35 am","060","Cross Road","Straight road","Level","Not Applicable","Sealed","Dry","Not Raining","Daylight","Right Angle","01","Driver Rider","2: MI","Give Way Sign","","",1335188.72,1861360.63,"13351891861361"
"2016-5348-27/05/2021","1 City","ADELAIDE","5000","CITY OF ADELAIDE",2,0,0,0,0,2016,"March","Monday","12:20 pm","050","T-Junction","Straight road","Level","Not Applicable","Sealed","Dry","Not Raining","Daylight","Rear End","02","Driver Rider","1: PDO","Traffic Signals","","",1329069.63,1671643.37,"13290701671643"
"2016-5349-27/05/2021","3 Country","MOUNT GAMBIER","5290","CC MT.GAMBIER.                ",2,0,0,0,0,2016,"March","Monday","12:40 pm","050","Cross Road","Straight road","Level","Not Applicable","Sealed","Dry","Not Raining","Daylight","Right Turn","02","Driver Rider","1: PDO","Stop Sign","","",1510044.14,1340095.65,"15100441340096"
"2016-5350-27/05/2021","2 Metropolitan","O'HALLORAN HILL","5158","CITY OF ONKAPARINGA",1,1,0,0,1,2016,"March","Friday","02:40 pm","080","Divided Road","Straight road","Level","Not Applicable","Sealed","Dry","Not Raining","Daylight","Other","01","Driver Rider","2: MI","No Control","","",1323585.4,1654428.42,"13235851654428"
"2016-5351-27/05/2021","3 Country","YALATA","5690",,2,0,0,0,0,2016,"March","Monday","07:00 am","110","Not Divided","Straight road","Level","Not Applicable","Sealed","Wet","Raining","Night","Hit Animal","02","Animal","1: PDO","No Control","","",720771.96,2038572.17,"07207722038572"
"2016-5352-27/05/2021","2 Metropolitan","CRAFERS WEST","5152","THE ADELAIDE HILLS COUNCIL",2,0,0,0,0,2016,"March","Thursday","10:45 am","060","T-Junction","Straight road","Level","Not Applicable","Sealed","Dry","Not Raining","Daylight","Right Angle","02","Driver Rider","1: PDO","Give Way Sign","","",1337161.76,1661353.61,"13371621661354"
"2016-5353-27/05/2021","2 Metropolitan","PORT ADELAIDE","5015","CITY OF PORT ADELAIDE ENFIELD",2,0,0,0,0,2016,"March","Thursday","07:35 am","060","Cross Road","Straight road","Level","Not Applicable","Sealed","Dry","Not Raining","Daylight","Rear End","02","Driver Rider","1: PDO","Traffic Signals","","",1319839.14,1679085.47,"13198391679085"
"2016-5354-27/05/2021","2 Metropolitan","MANNINGHAM","5086","CITY OF PORT ADELAIDE ENFIELD",2,0,0,0,0,2016,"March","Friday","02:50 am","060","Divided Road","Straight road","Level","Not Applicable","Sealed","Dry","Not Raining","Night","Hit Fixed Object","01","Driver Rider","1: PDO","No Control","","",1330595.8,1675317.47,"13305961675317"
"2016-5355-27/05/2021","2 Metropolitan","KLEMZIG","5087","CITY OF PORT ADELAIDE ENFIELD",2,0,0,0,0,2016,"March","Monday","07:25 am","060","T-Junction","Straight road","Level","Not Applicable","Sealed","Dry","Not Raining","Daylight","Rear End","01","Driver Rider","1: PDO","No Control","","",1332442.93,1676900.08,"13324431676900"
"2016-5356-27/05/2021","3 Country","BERRI","5343","THE BERRI BARMERA COUNCIL",2,2,0,1,1,2016,"March","Monday","03:14 pm","060","T-Junction","CURVED, VIEW OPEN","Bottom of Hill","Not Applicable","Sealed","Dry","Not Raining","Daylight","Right Angle","02","Driver Rider","3: SI","No Control","","",1514505.68,1734169.04,"15145061734169"
"2016-5357-27/05/2021","2 Metropolitan","POORAKA","5095","CITY OF SALISBURY",2,0,0,0,0,2016,"March","Friday","02:00 pm","050","Not Divided","Straight road","Level","Not Applicable","Sealed","Dry","Not Raining","Daylight","Hit Object on Road","01","Driver Rider","1: PDO","No Control","","",1332052.81,1682337.74,"13320531682338"
"2016-5358-27/05/2021","2 Metropolitan","WOODCROFT","5162","CITY OF ONKAPARINGA",2,0,0,0,0,2016,"March","Friday","07:50 pm","050","T-Junction","Straight road","Slope","Not Applicable","Sealed","Dry","Not Raining","Night","Side Swipe","01","Driver Rider","1: PDO","No Control","","",1323362.5,1651721.61,"13233631651722"
"2016-5359-27/05/2021","3 Country","PORT ELLIOT","5212","ALEXANDRINA COUNCIL",1,0,0,0,0,2016,"March","Monday","03:30 pm","080","Not Divided","CURVED, VIEW OPEN","Slope","Not Applicable","Sealed","Dry","Not Raining","Daylight","Left Road - Out of Control","01","Driver Rider","1: PDO","No Control","","",1332804.2,1606331.32,"13328041606331"
"2016-5360-27/05/2021","2 Metropolitan","CROYDON PARK","5008","CITY OF PORT ADELAIDE ENFIELD",2,0,0,0,0,2016,"March","Sunday","05:00 pm","050","Not Divided","Straight road","Level","Not Applicable","Sealed","Wet","Raining","Daylight","Hit Parked Vehicle","01","Driver Rider","1: PDO","No Control","","",1325267.19,1675795.21,"13252671675795"
"2016-5361-27/05/2021","2 Metropolitan","FULHAM GARDENS","5024","CITY OF CHARLES STURT",2,0,0,0,0,2016,"March","Monday","03:00 pm","060","Divided Road","Straight road","Level","Not Applicable","Sealed","Dry","Not Raining","Daylight","Hit Parked Vehicle","01","Driver Rider","1: PDO","No Control","","",1320712.84,1671627.04,"13207131671627"
"2016-5362-27/05/2021","2 Metropolitan","SALISBURY EAST","5109","CITY OF SALISBURY",2,0,0,0,0,2016,"March","Monday","03:25 pm","060","T-Junction","Straight road","Slope","Not Applicable","Sealed","Dry","Not Raining","Daylight","Right Angle","01","Driver Rider","1: PDO","No Control","","",1334840.7,1685488.91,"13348411685489"
"2016-5363-27/05/2021","2 Metropolitan","SEATON","5023","CITY OF CHARLES STURT",2,1,0,0,1,2016,"March","Monday","05:37 pm","060","T-Junction","Straight road","Level","Not Applicable","Sealed","Dry","Not Raining","Daylight","Rear End","02","Driver Rider","2: MI","Give Way Sign","","Y",1321229.16,1674696.4,"13212291674696"
"2016-5364-27/05/2021","2 Metropolitan","PORT ADELAIDE","5015","CITY OF PORT ADELAIDE ENFIELD",3,0,0,0,0,2016,"March","Monday","04:08 pm","060","T-Junction","Straight road","Level","Driveway or Entrance","Sealed","Dry","Not Raining","Daylight","Right Angle","01","Driver Rider","1: PDO","Stop Sign","","",1320505.18,1679177.44,"13205051679177"
"2016-5365-27/05/2021","2 Metropolitan","SEMAPHORE PARK","5019","CITY OF CHARLES STURT",2,0,0,0,0,2016,"March","Monday","06:15 pm","060","T-Junction","Straight road","Level","Not Applicable","Sealed","Dry","Not Raining","Daylight","Right Angle","02","Driver Rider","1: PDO","Give Way Sign","","",1318596.19,1679248.55,"13185961679249"
"2016-5366-27/05/2021","2 Metropolitan","GREEN FIELDS","5107","CITY OF SALISBURY",2,0,0,0,0,2016,"March","Sunday","04:45 pm","050","Not Divided","Straight road","Level","Not Applicable","Sealed","Wet","Raining","Daylight","Hit Fixed Object","01","Driver Rider","1: PDO","No Control","","",1329025.13,1684940.23,"13290251684940"
"2016-5367-27/05/2021","2 Metropolitan","ALLENBY GARDENS","5009","CITY OF CHARLES STURT",3,1,0,0,1,2016,"March","Thursday","08:45 am","060","T-Junction","Straight road","Level","Not Applicable","Sealed","Dry","Not Raining","Daylight","Rear End","01","Driver Rider","2: MI","No Control","","",1324484.75,1673182.65,"13244851673183"
"2016-5368-27/05/2021","2 Metropolitan","HILLCREST","5086","CITY OF PORT ADELAIDE ENFIELD",1,1,0,0,1,2016,"March","Monday","06:44 pm","050","Not Divided","Straight road","Level","Not Applicable","Sealed","Dry","Not Raining","Daylight","Other","01","Passenger","2: MI","No Control","","",1332105.18,1677763.57,"13321051677764"
"2016-5369-27/05/2021","3 Country","CLIFTON HILLS STATION","5733",,1,2,0,2,0,2016,"March","Monday","08:10 am","100","Not Divided","Straight road","Level","Not Applicable","Unsealed","Dry","Not Raining","Daylight","Roll Over","01","Driver Rider","3: SI","No Control","","",1390863.52,2543956.44,"13908642543956"
"2016-5370-27/05/2021","2 Metropolitan","FORESTVILLE","5035","CITY OF UNLEY",2,1,0,0,1,2016,"March","Monday","05:25 pm","060","T-Junction","Straight road","Level","Not Applicable","Sealed","Dry","Not Raining","Daylight","Right Turn","01","Driver Rider","2: MI","No Control","","",1326423.1,1668286.76,"13264231668287"
"2016-5371-27/05/2021","2 Metropolitan","NORWOOD","5067","CC OF NORWOOD,PAYNEHAM & ST PETERS",2,0,0,0,0,2016,"March","Monday","09:00 pm","050","Not Divided","Straight road","Level","Not Applicable","Sealed","Dry","Not Raining","Night","Hit Parked Vehicle","01","Driver Rider","1: PDO","No Control","","",1331015.7,1671533.7,"13310161671534"
"2016-5372-27/05/2021","2 Metropolitan","GAWLER","5118","CT GAWLER.                    ",2,1,0,0,1,2016,"March","Friday","02:20 pm","050","Not Divided","Straight road","Level","Not Applicable","Sealed","Dry","Not Raining","Daylight","Rear End","01","Driver Rider","2: MI","No Control","","",1343361.99,1706289.96,"13433621706290"
"2016-5373-27/05/2021","2 Metropolitan","FULHAM GARDENS","5024","CITY OF CHARLES STURT",3,0,0,0,0,2016,"March","Monday","09:40 pm","060","Divided Road","Straight road","Level","Not Applicable","Sealed","Dry","Not Raining","Night","Rear End","01","Driver Rider","1: PDO","No Control","","",1320639.8,1672263.74,"13206401672264"
"2016-5374-27/05/2021","2 Metropolitan","PENFIELD GARDENS","5121","CITY OF PLAYFORD.",2,0,0,0,0,2016,"March","Tuesday","01:20 am","080","Not Divided","Straight road","Level","Not Applicable","Sealed","Dry","Not Raining","Night","Hit Fixed Object","01","Driver Rider","1: PDO","No Control","","",1329757.09,1698438.49,"13297571698438"
"2016-5375-27/05/2021","2 Metropolitan","BEDFORD PARK","5042","CC MITCHAM.                   ",2,0,0,0,0,2016,"March","Tuesday","07:15 am","070","T-Junction","Straight road","Level","Not Applicable","Sealed","Dry","Not Raining","Daylight","Rear End","01","Driver Rider","1: PDO","No Control","","",1325708.1,1661010.47,"13257081661010"
"2016-5376-27/05/2021","3 Country","MOSELEY","5641","DC KIMBA.                     ",1,1,0,0,1,2016,"March","Monday","12:30 pm","040","Not Divided","Straight road","Level","Roadworks","Unsealed","Wet","Raining","Daylight","Roll Over","01","Driver Rider","2: MI","No Control","","",1135906.61,1877241.35,"11359071877241"
"2016-5377-27/05/2021","3 Country","ROXBY DOWNS","5725","MC ROXBY DOWNS                ",2,0,0,0,0,2016,"March","Monday","07:00 am","110","Not Divided","Straight road","Level","Not Applicable","Sealed","Dry","Not Raining","Night","Hit Animal","02","Animal","1: PDO","No Control","","",1183635.29,2156669.74,"11836352156670"
"2016-5378-27/05/2021","2 Metropolitan","ATHELSTONE","5076","CC CAMPBELLTOWN.              ",3,0,0,0,0,2016,"March","Tuesday","07:20 am","060","Not Divided","Straight road","Level","Not Applicable","Sealed","Dry","Not Raining","Daylight","Hit Parked Vehicle","02","Driver Rider","1: PDO","No Control","","",1337012.65,1675541.68,"13370131675542"
"2016-5379-27/05/2021","2 Metropolitan","NORWOOD","5067","CC OF NORWOOD,PAYNEHAM & ST PETERS",2,1,0,0,1,2016,"February","Wednesday","09:00 am","050","Cross Road","Straight road","Level","Not Applicable","Sealed","Dry","Not Raining","Daylight","Right Angle","02","Driver Rider","2: MI","Roundabout","","",1331864.56,1670732.76,"13318651670733"
"2016-5380-27/05/2021","2 Metropolitan","MCLAREN FLAT","5171","CITY OF ONKAPARINGA",2,1,0,0,1,2016,"March","Monday","02:18 pm","050","Cross Road","Straight road","Level","Not Applicable","Sealed","Dry","Not Raining","Daylight","Right Angle","02","Driver Rider","2: MI","Give Way Sign","","",1326919.69,1639611.17,"13269201639611"
"2016-5381-27/05/2021","2 Metropolitan","NORTH HAVEN","5018","CITY OF PORT ADELAIDE ENFIELD",2,1,0,0,1,2016,"February","Saturday","08:00 pm","060","T-Junction","Straight road","Level","Not Applicable","Sealed","Dry","Not Raining","Night","Right Angle","02","Driver Rider","2: MI","No Control","","",1318939.21,1686503.31,"13189391686503"
"2016-5382-27/05/2021","2 Metropolitan","TORRENSVILLE","5031","CITY OF WEST TORRENS",3,0,0,0,0,2016,"March","Tuesday","09:15 am","060","Divided Road","Straight road","Level","Not Applicable","Sealed","Dry","Not Raining","Daylight","Rear End","01","Driver Rider","1: PDO","No Control","","",1325473.36,1671915.33,"13254731671915"
"2016-5383-27/05/2021","3 Country","WOOLPUNDA","5330","LOXTON WAIKERIE DISTRICT COUNCIL",2,0,0,0,0,2016,"March","Tuesday","09:00 am","100","Not Divided","Straight road","Level","Not Applicable","Unsealed","Dry","Not Raining","Daylight","Hit Fixed Object","01","Driver Rider","1: PDO","No Control","","",1474731.87,1732658.38,"14747321732658"
"2016-5384-27/05/2021","2 Metropolitan","BEULAH PARK","5067","CITY OF BURNSIDE",2,1,0,0,1,2016,"March","Tuesday","08:15 am","060","T-Junction","Straight road","Level","Not Applicable","Sealed","Dry","Not Raining","Daylight","Right Turn","02","Driver Rider","2: MI","No Control","","",1332393.94,1671766.08,"13323941671766"
"2016-5385-27/05/2021","2 Metropolitan","EDWARDSTOWN","5039","CC MARION.                    ",2,1,0,0,1,2016,"March","Tuesday","10:15 am","050","Cross Road","Straight road","Level","Not Applicable","Sealed","Dry","Not Raining","Daylight","Rear End","02","Driver Rider","2: MI","Roundabout","","",1325096.66,1664766.8,"13250971664767"