"REPORT_ID","Stats Area","Suburb","Postcode","LGA Name","Total Units","Total Cas","Total Fats","Total SI","Total MI","Year","Month","Day","Time","Area Speed","Position Type","Horizontal Align","Vertical Align","Other Feat","Road Surface","Moisture Cond","Weather Cond","DayNight","Crash Type","Unit Resp","Entity Code","CSEF Severity","Traffic Ctrls","DUI Involved","Drugs Involved","ACCLOC_X","ACCLOC_Y","UNIQUE_LOC"
"2016-6437-27/05/2021","2 Metropolitan","WEST HINDMARSH","5007","CITY OF CHARLES STURT",2,0,0,0,0,2016,"April","Friday","09:25 am","060","Cross Road","Straight road","Level","Roadworks","Sealed","Dry","Not Raining","Daylight","Rear End","02","Driver Rider","1: PDO","Traffic Signals","","",1325423.2,1673149.42,"13254231673149"
"2016-6438-27/05/2021","2 Metropolitan","NORWOOD","5067","CC OF NORWOOD,PAYNEHAM & ST PETERS",3,0,0,0,0,2016,"April","Friday","10:05 pm","050","Divided Road","Straight road","Level","Not Applicable","Sealed","Dry","Not Raining","Night","Hit Parked Vehicle","01","Driver Rider","1: PDO","No Control","","",1331012.54,1671628.29,"13310131671628"
"2016-6439-27/05/2021","2 Metropolitan","KILBURN","5084","CITY OF PORT ADELAIDE ENFIELD",2,1,0,0,1,2016,"April","Friday","02:00 pm","050","Cross Road","CURVED, VIEW OPEN","Level","Not Applicable","Sealed","Dry","Not Raining","Daylight","Hit Fixed Object","01","Driver Rider","2: MI","No Control","","",1327508.64,1678359.82,"13275091678360"
"2016-6440-27/05/2021","2 Metropolitan","NORWOOD","5067","CC OF NORWOOD,PAYNEHAM & ST PETERS",2,0,0,0,0,2016,"March","Thursday","06:00 pm","060","Cross Road","Straight road","Level","Not Applicable","Sealed","Dry","Not Raining","Daylight","Right Turn","01","Driver Rider","1: PDO","Traffic Signals","","",1331460.58,1670389.39,"13314611670389"
"2016-6441-27/05/2021","3 Country","WHYALLA JENKINS","5609","CC WHYALLA.                   ",2,0,0,0,0,2016,"April","Saturday","02:20 pm","050","Not Divided","Straight road","Level","Not Applicable","Sealed","Dry","Not Raining","Daylight","Hit Parked Vehicle","01","Driver Rider","1: PDO","No Control","","",1233927.95,1884424.25,"12339281884424"
"2016-6442-27/05/2021","2 Metropolitan","KILBURN","5084","CITY OF PORT ADELAIDE ENFIELD",2,0,0,0,0,2016,"April","Saturday","01:00 pm","060","Divided Road","Straight road","Level","Not Applicable","Sealed","Dry","Not Raining","Daylight","Rear End","01","Driver Rider","1: PDO","No Control","","",1327203.72,1677935.84,"13272041677936"
"2016-6443-27/05/2021","2 Metropolitan","BROOKLYN PARK","5032","CITY OF WEST TORRENS",2,0,0,0,0,2016,"April","Friday","04:40 pm","060","T-Junction","Straight road","Level","Not Applicable","Sealed","Dry","Not Raining","Daylight","Rear End","02","Driver Rider","1: PDO","Traffic Signals","","",1323377.21,1670919.96,"13233771670920"
"2016-6444-27/05/2021","2 Metropolitan","BLAIR ATHOL","5084","CITY OF PORT ADELAIDE ENFIELD",2,0,0,0,0,2016,"March","Thursday","04:00 pm","060","T-Junction","Straight road","Level","Not Applicable","Sealed","Dry","Not Raining","Daylight","Rear End","02","Driver Rider","1: PDO","No Control","","",1328820.2,1678260.17,"13288201678260"
"2016-6445-27/05/2021","2 Metropolitan","PETWOOD","5254","DC MT.BARKER.                 ",2,1,0,0,1,2016,"April","Saturday","02:20 pm","100","Not Divided","CURVED, VIEW OPEN","Slope","Not Applicable","Unsealed","Dry","Not Raining","Daylight","Hit Fixed Object","01","Driver Rider","2: MI","No Control","","",1359862.66,1651239.39,"13598631651239"
"2016-6446-27/05/2021","2 Metropolitan","PARAFIELD GARDENS","5107","CITY OF SALISBURY",4,0,0,0,0,2016,"April","Saturday","03:40 pm","050","Not Divided","Straight road","Level","Not Applicable","Sealed","Dry","Not Raining","Daylight","Hit Parked Vehicle","01","Driver Rider","1: PDO","No Control","","",1328939.24,1686923.92,"13289391686924"
"2016-6447-27/05/2021","2 Metropolitan","SALISBURY NORTH","5108","CITY OF SALISBURY",2,0,0,0,0,2016,"April","Saturday","04:55 pm","060","Pedestrian Crossing","Straight road","Level","Not Applicable","Sealed","Dry","Not Raining","Daylight","Rear End","01","Driver Rider","1: PDO","Traffic Signals","","",1331352.46,1689875.51,"13313521689876"
"2016-6448-27/05/2021","2 Metropolitan","WOODVILLE NORTH","5012","CITY OF CHARLES STURT",3,0,0,0,0,2016,"April","Saturday","05:20 pm","060","Cross Road","Straight road","Level","Not Applicable","Sealed","Dry","Not Raining","Daylight","Right Angle","01","Driver Rider","1: PDO","Traffic Signals","","",1323967.22,1676738.63,"13239671676739"
"2016-6449-27/05/2021","2 Metropolitan","CLARENCE GARDENS","5039","CC MITCHAM.                   ",4,0,0,0,0,2016,"April","Saturday","01:30 pm","060","Divided Road","Straight road","Level","Not Applicable","Sealed","Dry","Not Raining","Daylight","Rear End","02","Driver Rider","1: PDO","No Control","","",1325887.75,1665670.79,"13258881665671"
"2016-6450-27/05/2021","2 Metropolitan","SUMMERTOWN","5141","THE ADELAIDE HILLS COUNCIL",1,0,0,0,0,2016,"April","Friday","11:10 pm","080","Not Divided","CURVED, VIEW OBSCURED","Level","Not Applicable","Sealed","Dry","Not Raining","Night","Left Road - Out of Control","01","Driver Rider","1: PDO","No Control","","",1339346.1,1667326.79,"13393461667327"
"2016-6451-27/05/2021","2 Metropolitan","HINDMARSH","5007","CITY OF CHARLES STURT",2,0,0,0,0,2016,"April","Friday","03:20 pm","060","T-Junction","Straight road","Level","Not Applicable","Sealed","Dry","Not Raining","Daylight","Right Angle","01","Driver Rider","1: PDO","No Control","","",1325614.35,1673022.21,"13256141673022"
"2016-6452-27/05/2021","2 Metropolitan","SEMAPHORE PARK","5019","CITY OF CHARLES STURT",2,0,0,0,0,2016,"April","Saturday","04:40 pm","050","T-Junction","Straight road","Level","Not Applicable","Sealed","Dry","Not Raining","Daylight","Side Swipe","01","Driver Rider","1: PDO","No Control","","",1319003.85,1679079.86,"13190041679080"
"2016-6453-27/05/2021","2 Metropolitan","TEA TREE GULLY","5091","CITY OF TEA TREE GULLY",2,2,0,0,2,2016,"April","Saturday","04:40 pm","080","Not Divided","Straight road","Slope","Not Applicable","Sealed","Dry","Not Raining","Daylight","Head On","02","Driver Rider","2: MI","No Control","","Y",1342234.8,1681273.38,"13422351681273"
"2016-6454-27/05/2021","2 Metropolitan","MONTACUTE","5134","THE ADELAIDE HILLS COUNCIL",2,0,0,0,0,2016,"April","Saturday","03:45 pm","080","Not Divided","CURVED, VIEW OBSCURED","Slope","Not Applicable","Sealed","Dry","Not Raining","Daylight","Head On","02","Driver Rider","1: PDO","No Control","","",1339592.54,1674385.77,"13395931674386"
"2016-6455-27/05/2021","2 Metropolitan","SALISBURY PLAIN","5109","CITY OF SALISBURY",2,0,0,0,0,2016,"April","Saturday","10:25 pm","080","Divided Road","Straight road","Level","Not Applicable","Sealed","Dry","Not Raining","Night","Side Swipe","02","Driver Rider","1: PDO","No Control","","",1334760.22,1687283.4,"13347601687283"
"2016-6456-27/05/2021","2 Metropolitan","GLENGOWRIE","5044","CC MARION.                    ",2,0,0,0,0,2016,"April","Sunday","02:25 am","060","Divided Road","Straight road","Level","Not Applicable","Sealed","Dry","Not Raining","Night","Hit Parked Vehicle","01","Driver Rider","1: PDO","No Control","","",1321403.62,1663922.4,"13214041663922"
"2016-6457-27/05/2021","2 Metropolitan","CLARENCE PARK","5034","CITY OF UNLEY",2,0,0,0,0,2016,"April","Sunday","02:04 am","060","T-Junction","Straight road","Level","Not Applicable","Sealed","Dry","Not Raining","Night","Rear End","02","Driver Rider","1: PDO","No Control","","",1327503.72,1666342.92,"13275041666343"
"2016-6458-27/05/2021","2 Metropolitan","HUNTFIELD HEIGHTS","5163","CITY OF ONKAPARINGA",2,0,0,0,0,2016,"April","Sunday","02:30 am","050","Not Divided","CURVED, VIEW OPEN","Level","Not Applicable","Sealed","Dry","Not Raining","Night","Hit Fixed Object","01","Driver Rider","1: PDO","No Control","Y","",1320051.06,1645656.94,"13200511645657"
"2016-6459-27/05/2021","2 Metropolitan","ELIZABETH PARK","5113","CITY OF PLAYFORD.",2,1,0,0,1,2016,"April","Sunday","01:14 am","060","Divided Road","Straight road","Level","Not Applicable","Sealed","Dry","Not Raining","Night","Hit Pedestrian","02","Pedestrian","2: MI","No Control","Y","",1337016.59,1694407.95,"13370171694408"
"2016-6460-27/05/2021","2 Metropolitan","PARKSIDE","5063","CITY OF UNLEY",2,0,0,0,0,2016,"April","Sunday","04:00 am","060","Not Divided","Straight road","Level","Not Applicable","Sealed","Dry","Not Raining","Night","Hit Fixed Object","01","Driver Rider","1: PDO","No Control","Y","",1330299.1,1668643.58,"13302991668644"
"2016-6461-27/05/2021","2 Metropolitan","ALDINGA BEACH","5173","CITY OF ONKAPARINGA",3,1,0,0,1,2016,"April","Sunday","04:10 am","050","Not Divided","Straight road","Level","Not Applicable","Sealed","Dry","Not Raining","Night","Hit Parked Vehicle","01","Driver Rider","2: MI","No Control","Y","",1314514.14,1632889.36,"13145141632889"
"2016-6462-27/05/2021","2 Metropolitan","GOLDEN GROVE","5125","CITY OF TEA TREE GULLY",1,0,0,0,0,2016,"April","Sunday","02:10 am","050","T-Junction","CURVED, VIEW OPEN","Level","Not Applicable","Sealed","Dry","Not Raining","Night","Left Road - Out of Control","01","Driver Rider","1: PDO","Roundabout","","",1337399.42,1685588.24,"13373991685588"
"2016-6463-27/05/2021","3 Country","TANUNDA","5352","THE BAROSSA COUNCIL.",2,0,0,0,0,2016,"April","Sunday","02:15 am","050","Cross Road","Straight road","Level","Not Applicable","Sealed","Dry","Not Raining","Night","Hit Fixed Object","01","Driver Rider","1: PDO","Give Way Sign","","",1363467.8,1714425.35,"13634681714425"
"2016-6464-27/05/2021","2 Metropolitan","MANSFIELD PARK","5012","CITY OF PORT ADELAIDE ENFIELD",5,0,0,0,0,2016,"April","Sunday","02:15 am","050","T-Junction","Straight road","Level","Not Applicable","Sealed","Dry","Not Raining","Night","Hit Parked Vehicle","01","Driver Rider","1: PDO","No Control","Y","",1324610.85,1678305.58,"13246111678306"
"2016-6465-27/05/2021","1 City","ADELAIDE","5000","CITY OF ADELAIDE",2,0,0,0,0,2016,"April","Saturday","01:30 pm","060","T-Junction","Straight road","Level","Not Applicable","Sealed","Dry","Not Raining","Daylight","Right Angle","02","Driver Rider","1: PDO","Give Way Sign","","",1327355.12,1670639.37,"13273551670639"
"2016-6466-27/05/2021","2 Metropolitan","TRANMERE","5073","CC CAMPBELLTOWN.              ",1,1,0,0,1,2016,"April","Saturday","02:40 pm","060","Divided Road","Straight road","Level","Not Applicable","Sealed","Dry","Not Raining","Daylight","Roll Over","09","Other","2: MI","No Control","","",1333826.16,1673224.9,"13338261673225"
"2016-6467-27/05/2021","2 Metropolitan","WOODVILLE PARK","5011","CITY OF CHARLES STURT",2,1,0,0,1,2016,"April","Saturday","12:15 pm","060","Divided Road","Straight road","Level","Driveway or Entrance","Sealed","Dry","Not Raining","Daylight","Right Angle","01","Driver Rider","2: MI","No Control","","",1324075.88,1676349.2,"13240761676349"
"2016-6468-27/05/2021","2 Metropolitan","ELIZABETH PARK","5113","CITY OF PLAYFORD.",2,0,0,0,0,2016,"April","Saturday","10:40 pm","060","Cross Road","Straight road","Level","Not Applicable","Sealed","Dry","Not Raining","Night","Rear End","02","Driver Rider","1: PDO","Traffic Signals","","",1335978.95,1693741.6,"13359791693742"
"2016-6469-27/05/2021","2 Metropolitan","SALISBURY SOUTH","5106","CITY OF SALISBURY",2,0,0,0,0,2016,"April","Saturday","10:20 pm","070","Cross Road","Straight road","Level","Not Applicable","Sealed","Dry","Not Raining","Night","Rear End","02","Driver Rider","1: PDO","Traffic Signals","","",1332370.05,1686105.3,"13323701686105"
"2016-6470-27/05/2021","3 Country","PORT WAKEFIELD","5550","WAKEFIELD REGIONAL COUNCIL",2,5,0,1,4,2016,"April","Saturday","05:30 pm","110","T-Junction","CURVED, VIEW OPEN","Level","Not Applicable","Sealed","Dry","Not Raining","Daylight","Right Angle","02","Driver Rider","3: SI","Give Way Sign","","",1290533.44,1756462.12,"12905331756462"
"2016-6471-27/05/2021","2 Metropolitan","MARINO","5049","CC MARION.                    ",2,0,0,0,0,2016,"April","Sunday","10:53 am","050","T-Junction","Straight road","Level","Not Applicable","Sealed","Dry","Not Raining","Daylight","Right Angle","01","Driver Rider","1: PDO","No Control","","",1320400.66,1657917.58,"13204011657918"
"2016-6472-27/05/2021","2 Metropolitan","SHEIDOW PARK","5158","CC MARION.                    ",2,0,0,0,0,2016,"April","Saturday","05:45 pm","080","Cross Road","Straight road","Level","Not Applicable","Sealed","Dry","Not Raining","Daylight","Rear End","02","Driver Rider","1: PDO","Traffic Signals","","",1320327.05,1653912.35,"13203271653912"
"2016-6473-27/05/2021","2 Metropolitan","DARLINGTON","5042","CITY OF ONKAPARINGA",2,0,0,0,0,2016,"April","Sunday","12:00 pm","070","Cross Road","Straight road","Level","Not Applicable","Sealed","Dry","Not Raining","Daylight","Right Angle","01","Driver Rider","1: PDO","Traffic Signals","","",1324428.24,1659710.67,"13244281659711"
"2016-6474-27/05/2021","2 Metropolitan","TEA TREE GULLY","5091","CITY OF TEA TREE GULLY",2,0,0,0,0,2016,"April","Saturday","06:05 pm","060","T-Junction","Straight road","Slope","Not Applicable","Sealed","Dry","Not Raining","Daylight","Rear End","02","Driver Rider","1: PDO","Stop Sign","","",1340767.91,1681833.74,"13407681681834"
"2016-6475-27/05/2021","2 Metropolitan","CHRISTIE DOWNS","5164","CITY OF ONKAPARINGA",2,0,0,0,0,2016,"April","Sunday","12:50 pm","050","Not Divided","Straight road","Level","Not Applicable","Sealed","Dry","Not Raining","Daylight","Hit Fixed Object","01","Driver Rider","1: PDO","No Control","","",1317629.62,1648871.51,"13176301648872"
"2016-6476-27/05/2021","2 Metropolitan","MARION","5043","CC MARION.                    ",2,0,0,0,0,2016,"April","Saturday","06:30 pm","060","T-Junction","Straight road","Level","Not Applicable","Sealed","Dry","Not Raining","Daylight","Side Swipe","01","Driver Rider","1: PDO","No Control","","",1323637.31,1663115,"13236371663115"
"2016-6477-27/05/2021","1 City","NORTH ADELAIDE","5006","CITY OF ADELAIDE",2,0,0,0,0,2016,"April","Sunday","10:45 am","050","Cross Road","CURVED, VIEW OPEN","Level","Not Applicable","Sealed","Dry","Not Raining","Daylight","Rear End","01","Driver Rider","1: PDO","Traffic Signals","","",1328428.41,1671809.75,"13284281671810"
"2016-6478-27/05/2021","2 Metropolitan","COWANDILLA","5033","CITY OF WEST TORRENS",2,0,0,0,0,2016,"April","Sunday","01:15 pm","060","Cross Road","Straight road","Level","Not Applicable","Sealed","Dry","Not Raining","Daylight","Rear End","02","Driver Rider","1: PDO","Traffic Signals","","",1324135.56,1670033.53,"13241361670034"
"2016-6479-27/05/2021","2 Metropolitan","WALKERVILLE","5081","WALKERVILLE TOWN COUNCIL",2,0,0,0,0,2016,"April","Sunday","12:45 pm","060","T-Junction","Straight road","Level","Not Applicable","Sealed","Dry","Not Raining","Daylight","Right Angle","02","Driver Rider","1: PDO","No Control","","",1329715.62,1674036.85,"13297161674037"
"2016-6480-27/05/2021","3 Country","LOWER LIGHT","5501","DC MALLALA.                   ",2,1,0,1,0,2016,"April","Sunday","12:25 am","110","Divided Road","Straight road","Level","Not Applicable","Sealed","Dry","Not Raining","Night","Hit Fixed Object","01","Driver Rider","3: SI","No Control","Y","Y",1315254.54,1714480.18,"13152551714480"
"2016-6481-27/05/2021","2 Metropolitan","GULFVIEW HEIGHTS","5096","CITY OF SALISBURY",2,0,0,0,0,2016,"April","Sunday","12:30 pm","060","T-Junction","Straight road","Level","Not Applicable","Sealed","Dry","Not Raining","Daylight","Right Turn","01","Driver Rider","1: PDO","Stop Sign","","",1334497.15,1685053.83,"13344971685054"
"2016-6482-27/05/2021","2 Metropolitan","SEMAPHORE","5019","CITY OF PORT ADELAIDE ENFIELD",2,1,0,0,1,2016,"April","Saturday","08:00 pm","050","T-Junction","Straight road","Level","Not Applicable","Sealed","Dry","Not Raining","Night","Right Angle","01","Driver Rider","2: MI","Stop Sign","","",1318689.53,1680519.25,"13186901680519"
"2016-6483-27/05/2021","2 Metropolitan","WEST RICHMOND","5033","CITY OF WEST TORRENS",2,1,0,0,1,2016,"April","Sunday","02:45 pm","060","Cross Road","Straight road","Level","Not Applicable","Sealed","Dry","Not Raining","Daylight","Right Turn","01","Driver Rider","2: MI","Give Way Sign","","",1324146.44,1669672.51,"13241461669673"
"2016-6484-27/05/2021","2 Metropolitan","WATERLOO CORNER","5110","CITY OF SALISBURY",2,1,0,0,1,2016,"April","Sunday","03:30 pm","090","T-Junction","Straight road","Level","Not Applicable","Sealed","Dry","Not Raining","Daylight","Hit Fixed Object","01","Driver Rider","2: MI","Traffic Signals","","",1327645.93,1692118.06,"13276461692118"
"2016-6485-27/05/2021","2 Metropolitan","MILLBROOK","5231","THE ADELAIDE HILLS COUNCIL",3,1,0,1,0,2016,"April","Sunday","03:30 pm","080","T-Junction","CURVED, VIEW OPEN","Slope","Not Applicable","Sealed","Dry","Not Raining","Daylight","Hit Fixed Object","01","Driver Rider","3: SI","No Control","","",1348123.25,1682323.59,"13481231682324"
"2016-6486-27/05/2021","2 Metropolitan","CLARENDON","5157","CITY OF ONKAPARINGA",2,0,0,0,0,2016,"April","Sunday","03:30 pm","050","Divided Road","Straight road","Slope","Not Applicable","Sealed","Dry","Not Raining","Daylight","Side Swipe","02","Driver Rider","1: PDO","No Control","","",1330630.01,1650129.2,"13306301650129"
"2016-6487-27/05/2021","2 Metropolitan","HECTORVILLE","5073","CC CAMPBELLTOWN.              ",2,0,0,0,0,2016,"April","Saturday","08:30 am","050","T-Junction","Straight road","Level","Not Applicable","Sealed","Dry","Not Raining","Daylight","Hit Fixed Object","01","Driver Rider","1: PDO","No Control","","",1334618.22,1673844.86,"13346181673845"
"2016-6488-27/05/2021","2 Metropolitan","BRAHMA LODGE","5109","CITY OF SALISBURY",1,0,0,0,0,2016,"April","Sunday","05:00 pm","050","Not Divided","Straight road","Level","Not Applicable","Sealed","Dry","Not Raining","Daylight","Left Road - Out of Control","01","Driver Rider","1: PDO","No Control","","",1333128.25,1686974.68,"13331281686975"
"2016-6489-27/05/2021","2 Metropolitan","NOARLUNGA DOWNS","5168","CITY OF ONKAPARINGA",2,0,0,0,0,2016,"April","Sunday","03:40 pm","080","Not Divided","Straight road","Slope","Not Applicable","Sealed","Dry","Not Raining","Daylight","Rear End","01","Driver Rider","1: PDO","No Control","","",1318768.29,1643867.25,"13187681643867"
"2016-6490-27/05/2021","2 Metropolitan","CUDLEE CREEK","5232","THE ADELAIDE HILLS COUNCIL",2,1,0,0,1,2016,"April","Sunday","03:48 pm","080","Not Divided","CURVED, VIEW OBSCURED","Level","Not Applicable","Sealed","Dry","Not Raining","Daylight","Hit Fixed Object","01","Driver Rider","2: MI","No Control","","",1349103.47,1679747.03,"13491031679747"
"2016-6491-27/05/2021","3 Country","MONARTO SOUTH","5254","RC MURRAY BRIDGE.             ",2,3,0,0,3,2016,"April","Saturday","05:30 pm","110","Freeway","Straight road","Level","Not Applicable","Sealed","Dry","Not Raining","Daylight","Rear End","02","Driver Rider","2: MI","No Control","","",1380040.3,1644083.16,"13800401644083"
"2016-6492-27/05/2021","3 Country","VICTOR HARBOR","5211","DC VICTOR HARBOR.             ",3,4,0,1,3,2016,"April","Sunday","05:25 pm","060","Cross Road","Straight road","Level","Not Applicable","Sealed","Dry","Not Raining","Daylight","Right Angle","01","Driver Rider","3: SI","Give Way Sign","","",1328086.29,1601415.55,"13280861601416"
"2016-6493-27/05/2021","2 Metropolitan","HOLDEN HILL","5088","CITY OF TEA TREE GULLY",2,1,0,0,1,2016,"April","Sunday","09:07 pm","060","Divided Road","Straight road","Level","Not Applicable","Sealed","Dry","Not Raining","Night","Hit Fixed Object","01","Driver Rider","2: MI","No Control","","",1335160.57,1679089.63,"13351611679090"
"2016-6494-27/05/2021","2 Metropolitan","OAKBANK","5243","THE ADELAIDE HILLS COUNCIL",2,1,0,0,1,2016,"April","Sunday","08:40 pm","080","Not Divided","Straight road","Crest of Hill","Not Applicable","Sealed","Dry","Not Raining","Night","Rear End","02","Driver Rider","2: MI","No Control","","",1352352.19,1664931.46,"13523521664931"
"2016-6495-27/05/2021","2 Metropolitan","BIRKENHEAD","5015","CITY OF PORT ADELAIDE ENFIELD",2,0,0,0,0,2016,"April","Monday","06:00 am","060","Not Divided","CURVED, VIEW OPEN","Level","Not Applicable","Sealed","Dry","Not Raining","Night","Rear End","02","Driver Rider","1: PDO","No Control","","",1319888.89,1680746.55,"13198891680747"
"2016-6496-27/05/2021","3 Country","MOUNT COMPASS","5210","ALEXANDRINA COUNCIL",2,0,0,0,0,2016,"April","Sunday","03:40 pm","100","Not Divided","Straight road","Level","Not Applicable","Sealed","Dry","Not Raining","Daylight","Rear End","01","Driver Rider","1: PDO","No Control","","",1329080.64,1622379.16,"13290811622379"
"2016-6497-27/05/2021","2 Metropolitan","BEULAH PARK","5067","CITY OF BURNSIDE",4,0,0,0,0,2016,"April","Monday","08:15 am","050","Cross Road","Straight road","Level","Not Applicable","Sealed","Dry","Not Raining","Daylight","Head On","02","Driver Rider","1: PDO","Roundabout","","",1332842.83,1671439.46,"13328431671439"
"2016-6498-27/05/2021","2 Metropolitan","REGENCY PARK","5010","CITY OF PORT ADELAIDE ENFIELD",2,0,0,0,0,2016,"April","Monday","08:00 am","060","Cross Road","Straight road","Level","Not Applicable","Sealed","Dry","Not Raining","Daylight","Rear End","02","Driver Rider","1: PDO","Traffic Signals","","",1326061.02,1676376.98,"13260611676377"
"2016-6499-27/05/2021","2 Metropolitan","GLENELG NORTH","5045","CITY OF HOLDFAST BAY",2,0,0,0,0,2016,"April","Sunday","06:00 pm","050","Cross Road","Straight road","Level","Not Applicable","Sealed","Dry","Not Raining","Daylight","Right Turn","02","Driver Rider","1: PDO","Traffic Signals","","",1321009.59,1665321.55,"13210101665322"
"2016-6500-27/05/2021","2 Metropolitan","EDWARDSTOWN","5039","CC MARION.                    ",2,1,0,1,0,2016,"April","Sunday","01:55 pm","060","T-Junction","Straight road","Level","Not Applicable","Sealed","Dry","Not Raining","Daylight","Right Angle","01","Driver Rider","3: SI","Stop Sign","","",1325903.75,1665276.31,"13259041665276"
"2016-6501-27/05/2021","1 City","ADELAIDE","5000","CITY OF ADELAIDE",2,1,0,0,1,2016,"April","Monday","08:45 am","060","Divided Road","Straight road","Level","Not Applicable","Sealed","Dry","Not Raining","Daylight","Side Swipe","02","Passenger","2: MI","No Control","","",1326928.57,1670276.22,"13269291670276"
"2016-6502-27/05/2021","3 Country","MOUNT GAMBIER","5290","CC MT.GAMBIER.                ",2,1,0,0,1,2016,"April","Monday","09:40 am","050","Not Divided","CURVED, VIEW OBSCURED","Crest of Hill","Not Applicable","Sealed","Dry","Not Raining","Daylight","Hit Fixed Object","01","Driver Rider","2: MI","No Control","","",1509616.28,1339062.96,"15096161339063"
"2016-6503-27/05/2021","2 Metropolitan","MILLSWOOD","5034","CITY OF UNLEY",3,0,0,0,0,2016,"April","Monday","09:45 am","060","Divided Road","Straight road","Bottom of Hill","Not Applicable","Sealed","Dry","Not Raining","Daylight","Rear End","01","Driver Rider","1: PDO","No Control","","",1327462.29,1667196.56,"13274621667197"
"2016-6504-27/05/2021","2 Metropolitan","PARADISE","5075","CC CAMPBELLTOWN.              ",2,0,0,0,0,2016,"April","Monday","09:00 am","060","T-Junction","Straight road","Level","Not Applicable","Sealed","Dry","Not Raining","Daylight","Right Turn","02","Driver Rider","1: PDO","No Control","","",1334812.09,1676500.53,"13348121676501"
"2016-6505-27/05/2021","2 Metropolitan","CHAPEL HILL","5153","DC MT.BARKER.                 ",1,1,0,0,1,2016,"April","Friday","03:00 pm","080","Not Divided","Straight road","Level","Not Applicable","Sealed","Dry","Not Raining","Daylight","Roll Over","01","Driver Rider","2: MI","No Control","","",1343829.82,1651929.29,"13438301651929"
"2016-6506-27/05/2021","2 Metropolitan","WOODVILLE SOUTH","5011","CITY OF CHARLES STURT",2,0,0,0,0,2016,"April","Monday","10:30 am","050","Divided Road","Straight road","Level","Driveway or Entrance","Unsealed","Dry","Not Raining","Daylight","Right Angle","01","Driver Rider","1: PDO","No Control","","",1322564.06,1675608.86,"13225641675609"
"2016-6507-27/05/2021","2 Metropolitan","ST MARYS","5042","CC MITCHAM.                   ",3,0,0,0,0,2016,"March","Thursday","09:25 pm","060","Cross Road","Straight road","Level","Not Applicable","Sealed","Dry","Not Raining","Night","Right Angle","02","Driver Rider","1: PDO","Traffic Signals","","",1325962.44,1663322.78,"13259621663323"
"2016-6508-27/05/2021","2 Metropolitan","PAYNEHAM","5070","CC OF NORWOOD,PAYNEHAM & ST PETERS",2,0,0,0,0,2016,"April","Monday","07:35 am","060","Cross Road","Straight road","Level","Not Applicable","Sealed","Dry","Not Raining","Daylight","Rear End","02","Driver Rider","1: PDO","Traffic Signals","","",1332162.99,1673774.81,"13321631673775"
"2016-6509-27/05/2021","2 Metropolitan","EVANSTON GARDENS","5116","CT GAWLER.                    ",2,1,0,0,1,2016,"April","Monday","10:40 am","080","Cross Road","Straight road","Level","Not Applicable","Sealed","Dry","Not Raining","Daylight","Rear End","02","Driver Rider","2: MI","No Control","","",1340024.68,1702676.46,"13400251702676"
"2016-6510-27/05/2021","2 Metropolitan","PENFIELD GARDENS","5121","CITY OF PLAYFORD.",2,2,0,0,2,2016,"April","Monday","10:00 am","110","Freeway","Straight road","Level","Not Applicable","Sealed","Dry","Not Raining","Daylight","Side Swipe","01","Driver Rider","2: MI","No Control","","",1329152.2,1697178.26,"13291521697178"
"2016-6511-27/05/2021","2 Metropolitan","GLENELG SOUTH","5045","CITY OF HOLDFAST BAY",3,0,0,0,0,2016,"March","Tuesday","08:00 am","040","Not Divided","Straight road","Level","Not Applicable","Sealed","Dry","Not Raining","Daylight","Hit Fixed Object","01","Driver Rider","1: PDO","No Control","","",1320554.42,1664061.76,"13205541664062"
"2016-6512-27/05/2021","2 Metropolitan","NOARLUNGA CENTRE","5168","CITY OF ONKAPARINGA",2,1,0,0,1,2016,"April","Monday","08:35 am","060","T-Junction","Straight road","Level","Not Applicable","Sealed","Dry","Not Raining","Daylight","Right Turn","02","Driver Rider","2: MI","Traffic Signals","","",1318788.81,1647471.6,"13187891647472"
"2016-6513-27/05/2021","2 Metropolitan","DERNANCOURT","5075","CITY OF TEA TREE GULLY",2,1,0,0,1,2016,"April","Sunday","11:35 am","050","T-Junction","CURVED, VIEW OPEN","Slope","Not Applicable","Sealed","Dry","Not Raining","Daylight","Hit Fixed Object","01","Driver Rider","2: MI","No Control","","",1335536.04,1677873.44,"13355361677873"
"2016-6514-27/05/2021","2 Metropolitan","FULHAM GARDENS","5024","CITY OF CHARLES STURT",3,0,0,0,0,2016,"April","Monday","12:05 pm","060","Divided Road","Straight road","Level","Not Applicable","Sealed","Dry","Not Raining","Daylight","Rear End","01","Driver Rider","1: PDO","No Control","","",1320762.97,1672972.6,"13207631672973"
"2016-6515-27/05/2021","3 Country","LOWER INMAN VALLEY","5211","DC VICTOR HARBOR.             ",2,0,0,0,0,2016,"April","Sunday","09:45 pm","100","Not Divided","CURVED, VIEW OPEN","Level","Not Applicable","Sealed","Dry","Not Raining","Night","Hit Fixed Object","09","Other","1: PDO","No Control","","",1325170.12,1602061.3,"13251701602061"
"2016-6516-27/05/2021","2 Metropolitan","WINGFIELD","5013","CITY OF PORT ADELAIDE ENFIELD",2,1,0,0,1,2016,"April","Monday","11:45 am","060","Not Divided","Straight road","Level","Not Applicable","Sealed","Dry","Not Raining","Daylight","Hit Parked Vehicle","01","Driver Rider","2: MI","No Control","","",1324415.81,1680193.48,"13244161680193"
"2016-6517-27/05/2021","2 Metropolitan","MAWSON LAKES","5095","CITY OF SALISBURY",2,0,0,0,0,2016,"April","Saturday","09:20 am","070","Cross Road","Straight road","Level","Not Applicable","Sealed","Dry","Not Raining","Daylight","Rear End","02","Driver Rider","1: PDO","Traffic Signals","","",1330496.32,1683916.41,"13304961683916"