"REPORT_ID","Stats Area","Suburb","Postcode","LGA Name","Total Units","Total Cas","Total Fats","Total SI","Total MI","Year","Month","Day","Time","Area Speed","Position Type","Horizontal Align","Vertical Align","Other Feat","Road Surface","Moisture Cond","Weather Cond","DayNight","Crash Type","Unit Resp","Entity Code","CSEF Severity","Traffic Ctrls","DUI Involved","Drugs Involved","ACCLOC_X","ACCLOC_Y","UNIQUE_LOC"
"2016-7085-27/05/2021","2 Metropolitan","CHRISTIES BEACH","5165","CITY OF ONKAPARINGA",2,0,0,0,0,2016,"April","Sunday","03:10 pm","070","Cross Road","Straight road","Level","Not Applicable","Sealed","Dry","Not Raining","Daylight","Right Angle","02","Driver Rider","1: PDO","Roundabout","","",1317355.86,1648343.09,"13173561648343"
"2016-7086-27/05/2021","2 Metropolitan","MITCHELL PARK","5043","CC MARION.                    ",2,0,0,0,0,2016,"April","Tuesday","03:00 pm","060","Divided Road","Straight road","Level","Not Applicable","Sealed","Dry","Not Raining","Daylight","Hit Pedestrian","02","Driver Rider","1: PDO","No Control","","",1324369.33,1661899.09,"13243691661899"
"2016-7087-27/05/2021","2 Metropolitan","VALLEY VIEW","5093","CITY OF SALISBURY",2,1,0,0,1,2016,"April","Monday","07:30 am","060","Cross Road","Straight road","Slope","Not Applicable","Sealed","Dry","Not Raining","Daylight","Right Angle","02","Driver Rider","2: MI","Roundabout","","",1334522.88,1680533.71,"13345231680534"
"2016-7088-27/05/2021","2 Metropolitan","PROSPECT","5082","CITY OF PROSPECT",3,1,0,0,1,2016,"April","Monday","08:15 am","060","Divided Road","Straight road","Level","Not Applicable","Sealed","Dry","Not Raining","Daylight","Rear End","02","Driver Rider","2: MI","No Control","","",1328928.43,1674320.4,"13289281674320"
"2016-7089-27/05/2021","1 City","ADELAIDE","5000","CITY OF ADELAIDE",2,0,0,0,0,2016,"April","Monday","09:50 am","050","Divided Road","Straight road","Level","Not Applicable","Sealed","Dry","Not Raining","Daylight","Right Angle","02","Driver Rider","1: PDO","Give Way Sign","","",1328496.6,1669557.06,"13284971669557"
"2016-7090-27/05/2021","3 Country","MYPONGA","5202","DC YANKALILLA.                ",2,1,0,1,0,2016,"April","Sunday","05:30 pm","100","Not Divided","CURVED, VIEW OPEN","Slope","Not Applicable","Unsealed","Dry","Not Raining","Daylight","Hit Fixed Object","01","Driver Rider","3: SI","No Control","","",1316596.69,1621889.53,"13165971621890"
"2016-7091-27/05/2021","3 Country","SWANPORT","5253","RC MURRAY BRIDGE.             ",2,0,0,0,0,2016,"April","Monday","07:15 am","110","Freeway","Straight road","Level","Not Applicable","Sealed","Dry","Not Raining","Daylight","Hit Animal","02","Animal","1: PDO","No Control","","",1391509.95,1643640.97,"13915101643641"
"2016-7092-27/05/2021","2 Metropolitan","PARA HILLS","5096","CITY OF SALISBURY",3,0,0,0,0,2016,"April","Monday","07:00 am","050","Not Divided","Straight road","Slope","Not Applicable","Sealed","Dry","Not Raining","Daylight","Hit Parked Vehicle","01","Driver Rider","1: PDO","No Control","","",1334374.72,1683862.34,"13343751683862"
"2016-7093-27/05/2021","2 Metropolitan","HINDMARSH","5007","CITY OF CHARLES STURT",2,1,0,0,1,2016,"April","Sunday","01:20 pm","060","Cross Road","Straight road","Level","Not Applicable","Sealed","Dry","Not Raining","Daylight","Side Swipe","02","Driver Rider","2: MI","Traffic Signals","","",1326440.45,1672631.13,"13264401672631"
"2016-7094-27/05/2021","2 Metropolitan","WILLUNGA","5172","CITY OF ONKAPARINGA",2,2,0,0,2,2016,"April","Monday","07:30 am","080","Not Divided","CURVED, VIEW OPEN","Slope","Not Applicable","Sealed","Dry","Not Raining","Daylight","Head On","02","Driver Rider","2: MI","No Control","","",1323812.39,1631791.8,"13238121631792"
"2016-7095-27/05/2021","2 Metropolitan","EXETER","5019","CITY OF PORT ADELAIDE ENFIELD",2,1,0,0,1,2016,"April","Sunday","07:00 pm","060","Divided Road","Straight road","Level","Not Applicable","Sealed","Dry","Not Raining","Night","Rear End","02","Driver Rider","2: MI","No Control","","",1319010.93,1680361.96,"13190111680362"
"2016-7096-27/05/2021","2 Metropolitan","CROYDON","5008","CITY OF CHARLES STURT",2,0,0,0,0,2016,"April","Monday","06:20 am","060","Not Divided","Straight road","Level","Roadworks","Sealed","Dry","Not Raining","Night","Hit Fixed Object","01","Driver Rider","1: PDO","No Control","","",1325597.4,1673634.91,"13255971673635"
"2016-7097-27/05/2021","2 Metropolitan","NORWOOD","5067","CC OF NORWOOD,PAYNEHAM & ST PETERS",2,0,0,0,0,2016,"April","Sunday","10:10 pm","050","Cross Road","Straight road","Level","Not Applicable","Sealed","Dry","Not Raining","Night","Right Turn","01","Driver Rider","1: PDO","Traffic Signals","","",1331854.23,1671077.71,"13318541671078"
"2016-7098-27/05/2021","3 Country","VICTOR HARBOR","5211","DC VICTOR HARBOR.             ",3,0,0,0,0,2016,"April","Monday","12:25 pm","050","Divided Road","Straight road","Level","Not Applicable","Sealed","Dry","Not Raining","Daylight","Right Angle","02","Driver Rider","1: PDO","No Control","","",1327655.36,1600652.33,"13276551600652"
"2016-7099-27/05/2021","3 Country","HAMPDEN","5374","REGIONAL COUNCIL OF GOYDER",1,0,0,0,0,2016,"April","Monday","10:15 am","100","Not Divided","Straight road","Level","Not Applicable","Sealed","Dry","Not Raining","Daylight","Roll Over","01","Driver Rider","1: PDO","No Control","","",1368567.39,1751685.21,"13685671751685"
"2016-7100-27/05/2021","2 Metropolitan","PROSPECT","5082","CITY OF PROSPECT",4,1,0,0,1,2016,"April","Monday","01:10 pm","060","Divided Road","Straight road","Level","Not Applicable","Sealed","Dry","Not Raining","Daylight","Rear End","01","Driver Rider","2: MI","No Control","","",1328928.11,1674265.07,"13289281674265"
"2016-7101-27/05/2021","3 Country","STREAKY BAY","5680","DC STREAKY BAY.               ",2,0,0,0,0,2016,"April","Monday","01:00 pm","110","Not Divided","Straight road","Level","Unknown","Sealed","Dry","Not Raining","Daylight","Side Swipe","02","Driver Rider","1: PDO","No Control","","",929540.49,1909273.61,"09295401909274"
"2016-7102-27/05/2021","2 Metropolitan","GLYNDE","5070","CC OF NORWOOD,PAYNEHAM & ST PETERS",2,0,0,0,0,2016,"April","Sunday","03:30 pm","060","T-Junction","Straight road","Level","Not Applicable","Sealed","Dry","Not Raining","Daylight","Right Angle","02","Driver Rider","1: PDO","No Control","","",1333810.42,1673453.67,"13338101673454"
"2016-7103-27/05/2021","2 Metropolitan","BROMPTON","5007","CITY OF CHARLES STURT",2,0,0,0,0,2016,"April","Friday","05:35 pm","050","Not Divided","Straight road","Level","Not Applicable","Sealed","Dry","Not Raining","Daylight","Hit Fixed Object","01","Driver Rider","1: PDO","No Control","","",1326075.75,1673257.18,"13260761673257"
"2016-7104-27/05/2021","2 Metropolitan","GEPPS CROSS","5095","CITY OF PORT ADELAIDE ENFIELD",2,0,0,0,0,2016,"April","Monday","02:45 pm","060","Divided Road","Straight road","Level","Roadworks","Sealed","Dry","Not Raining","Daylight","Side Swipe","02","Driver Rider","1: PDO","No Control","","",1330744.82,1679890.33,"13307451679890"
"2016-7105-27/05/2021","3 Country","LOCK","5633","DC ELLISTON.                  ",2,0,0,0,0,2016,"April","Friday","10:15 pm","110","Not Divided","Straight road","Level","Not Applicable","Sealed","Dry","Not Raining","Night","Hit Animal","02","Animal","1: PDO","No Control","","",1068199.76,1820816.74,"10682001820817"
"2016-7106-27/05/2021","3 Country","GERMAN CREEK","5291","DISTRICT COUNCIL OF GRANT",1,1,0,1,0,2016,"April","Sunday","01:00 pm","110","Cross Road","Straight road","Level","Not Applicable","Sealed","Dry","Not Raining","Daylight","Roll Over","01","Driver Rider","3: SI","Give Way Sign","","",1483465.21,1346401.62,"14834651346402"
"2016-7107-27/05/2021","2 Metropolitan","SALISBURY EAST","5109","CITY OF SALISBURY",2,1,0,0,1,2016,"April","Monday","11:10 am","060","T-Junction","Straight road","Bottom of Hill","Not Applicable","Sealed","Dry","Not Raining","Daylight","Rear End","02","Driver Rider","2: MI","Traffic Signals","","",1336485.48,1687419.78,"13364851687420"
"2016-7108-27/05/2021","2 Metropolitan","CLEARVIEW","5085","CITY OF PORT ADELAIDE ENFIELD",2,0,0,0,0,2016,"April","Friday","07:00 am","050","Cross Road","Straight road","Level","Not Applicable","Sealed","Dry","Not Raining","Daylight","Hit Fixed Object","01","Driver Rider","1: PDO","Roundabout","","",1329821,1677102.19,"13298211677102"
"2016-7109-27/05/2021","2 Metropolitan","HAWTHORNDENE","5051","CC MITCHAM.                   ",2,0,0,0,0,2016,"April","Monday","02:40 pm","060","T-Junction","Straight road","Level","Not Applicable","Sealed","Dry","Not Raining","Daylight","Right Angle","02","Driver Rider","1: PDO","Stop Sign","","",1330046.87,1659778.22,"13300471659778"
"2016-7110-27/05/2021","2 Metropolitan","PARACOMBE","5132","CITY OF TEA TREE GULLY",2,1,0,0,1,2016,"April","Friday","12:40 pm","080","Not Divided","CURVED, VIEW OBSCURED","Slope","Not Applicable","Sealed","Dry","Not Raining","Daylight","Head On","01","Driver Rider","2: MI","No Control","","",1341890.36,1679597.54,"13418901679598"
"2016-7111-27/05/2021","2 Metropolitan","SOUTH PLYMPTON","5038","CC MARION.                    ",2,1,0,0,1,2016,"April","Monday","03:30 pm","060","Cross Road","Straight road","Level","Not Applicable","Sealed","Dry","Not Raining","Daylight","Rear End","02","Driver Rider","2: MI","Traffic Signals","","",1324291.75,1664735.62,"13242921664736"
"2016-7112-27/05/2021","3 Country","MALLALA","5502","DC MALLALA.                   ",2,0,0,0,0,2016,"April","Monday","03:35 pm","100","T-Junction","CURVED, VIEW OPEN","Level","Not Applicable","Sealed","Dry","Not Raining","Daylight","Rear End","02","Driver Rider","1: PDO","No Control","","",1320500.38,1725962.31,"13205001725962"
"2016-7113-27/05/2021","2 Metropolitan","ST GEORGES","5064","CITY OF BURNSIDE",2,0,0,0,0,2016,"April","Monday","02:11 pm","060","T-Junction","Straight road","Level","Not Applicable","Sealed","Dry","Not Raining","Daylight","Rear End","02","Driver Rider","1: PDO","No Control","","",1332355.65,1667749.32,"13323561667749"
"2016-7114-27/05/2021","2 Metropolitan","BLAIR ATHOL","5084","CITY OF PORT ADELAIDE ENFIELD",2,0,0,0,0,2016,"April","Sunday","07:45 pm","050","Not Divided","Straight road","Level","Driveway or Entrance","Sealed","Dry","Not Raining","Night","Right Angle","01","Driver Rider","1: PDO","No Control","","",1328668.08,1677348.8,"13286681677349"
"2016-7115-27/05/2021","2 Metropolitan","SALISBURY","5108","CITY OF SALISBURY",3,2,0,2,0,2016,"April","Monday","04:42 pm","060","Divided Road","Straight road","Level","Not Applicable","Sealed","Dry","Not Raining","Daylight","Hit Fixed Object","01","Driver Rider","3: SI","No Control","","",1332604.15,1688283.21,"13326041688283"
"2016-7116-27/05/2021","2 Metropolitan","SALISBURY NORTH","5108","CITY OF SALISBURY",2,1,0,0,1,2016,"April","Monday","12:20 pm","050","T-Junction","Straight road","Level","Not Applicable","Sealed","Dry","Not Raining","Daylight","Hit Fixed Object","01","Driver Rider","2: MI","No Control","","",1331839.16,1689744.36,"13318391689744"
"2016-7117-27/05/2021","3 Country","LOWER LIGHT","5501","DC MALLALA.                   ",1,0,0,0,0,2016,"April","Monday","04:45 pm","100","Not Divided","CURVED, VIEW OPEN","Level","Not Applicable","Sealed","Dry","Not Raining","Daylight","Roll Over","01","Driver Rider","1: PDO","No Control","","",1315000.5,1715283.14,"13150011715283"
"2016-7118-27/05/2021","2 Metropolitan","ELIZABETH","5112","CITY OF PLAYFORD.",1,1,0,0,1,2016,"April","Monday","07:15 pm","050","T-Junction","Straight road","Level","Not Applicable","Sealed","Dry","Not Raining","Night","Roll Over","01","Driver Rider","2: MI","No Control","","Y",1335976.33,1693982.17,"13359761693982"
"2016-7119-27/05/2021","2 Metropolitan","SURREY DOWNS","5126","CITY OF TEA TREE GULLY",2,0,0,0,0,2016,"April","Monday","06:50 pm","060","T-Junction","Straight road","Slope","Not Applicable","Sealed","Dry","Not Raining","Night","Right Angle","02","Driver Rider","1: PDO","No Control","","",1339307.64,1683602.35,"13393081683602"
"2016-7120-27/05/2021","2 Metropolitan","VIRGINIA","5120","CITY OF PLAYFORD.",2,1,0,0,1,2016,"April","Saturday","05:30 pm","080","T-Junction","Straight road","Level","Not Applicable","Sealed","Dry","Not Raining","Daylight","Rear End","02","Driver Rider","2: MI","Give Way Sign","","",1326421.71,1696569.21,"13264221696569"
"2016-7121-27/05/2021","2 Metropolitan","LOWER MITCHAM","5062","CC MITCHAM.                   ",2,0,0,0,0,2016,"April","Monday","03:00 pm","060","T-Junction","Straight road","Level","Not Applicable","Sealed","Dry","Not Raining","Daylight","Rear End","02","Driver Rider","1: PDO","Traffic Signals","","",1329170.96,1665061.71,"13291711665062"
"2016-7122-27/05/2021","2 Metropolitan","HILLCREST","5086","CITY OF PORT ADELAIDE ENFIELD",2,1,0,1,0,2016,"April","Monday","07:26 pm","060","Not Divided","Straight road","Level","Not Applicable","Sealed","Dry","Not Raining","Night","Hit Pedestrian","02","Pedestrian","3: SI","No Control","Y","",1332077.9,1677081.64,"13320781677082"
"2016-7123-27/05/2021","2 Metropolitan","PARA HILLS","5096","CITY OF SALISBURY",1,0,0,0,0,2016,"April","Monday","06:20 pm","060","Divided Road","Straight road","Level","Not Applicable","Sealed","Dry","Not Raining","Night","Left Road - Out of Control","01","Driver Rider","1: PDO","No Control","","",1334317.81,1684498.89,"13343181684499"
"2016-7124-27/05/2021","2 Metropolitan","BUGLE RANGES","5251","DC MT.BARKER.                 ",2,0,0,0,0,2016,"April","Monday","09:48 pm","100","Not Divided","CURVED, VIEW OPEN","Slope","Not Applicable","Sealed","Dry","Not Raining","Night","Hit Animal","02","Animal","1: PDO","No Control","","",1353558.65,1644680.78,"13535591644681"
"2016-7125-27/05/2021","2 Metropolitan","WOODVILLE NORTH","5012","CITY OF CHARLES STURT",2,0,0,0,0,2016,"April","Monday","10:45 pm","060","Divided Road","Straight road","Level","Not Applicable","Sealed","Dry","Not Raining","Night","Hit Fixed Object","01","Driver Rider","1: PDO","No Control","","",1323401.26,1676871.54,"13234011676872"
"2016-7126-27/05/2021","2 Metropolitan","COWANDILLA","5033","CITY OF WEST TORRENS",2,0,0,0,0,2016,"April","Monday","11:05 pm","060","Divided Road","Straight road","Level","Not Applicable","Sealed","Dry","Not Raining","Night","Hit Parked Vehicle","01","Driver Rider","1: PDO","No Control","Y","",1324748.14,1670068.32,"13247481670068"
"2016-7127-27/05/2021","2 Metropolitan","HILLBANK","5112","CITY OF PLAYFORD.",2,0,0,0,0,2016,"April","Tuesday","02:30 am","050","T-Junction","Straight road","Bottom of Hill","Not Applicable","Sealed","Dry","Not Raining","Night","Hit Fixed Object","01","Driver Rider","1: PDO","No Control","","",1337385.98,1692167.74,"13373861692168"
"2016-7128-27/05/2021","2 Metropolitan","CLEARVIEW","5085","CITY OF PORT ADELAIDE ENFIELD",2,1,0,0,1,2016,"April","Tuesday","12:20 am","050","Cross Road","Straight road","Level","Not Applicable","Sealed","Dry","Not Raining","Night","Right Angle","01","Driver Rider","2: MI","Give Way Sign","","",1329788.25,1677595.34,"13297881677595"
"2016-7129-27/05/2021","2 Metropolitan","ROSTREVOR","5073","CC CAMPBELLTOWN.              ",2,0,0,0,0,2016,"April","Monday","01:50 pm","060","Not Divided","Straight road","Level","Not Applicable","Sealed","Dry","Not Raining","Daylight","Side Swipe","02","Driver Rider","1: PDO","No Control","","",1335803.34,1674568.01,"13358031674568"
"2016-7130-27/05/2021","2 Metropolitan","KIDMAN PARK","5025","CITY OF CHARLES STURT",2,0,0,0,0,2016,"April","Tuesday","06:15 am","060","Not Divided","Straight road","Level","Not Applicable","Sealed","Dry","Not Raining","Night","Hit Parked Vehicle","01","Driver Rider","1: PDO","No Control","","",1322468.24,1672750.48,"13224681672750"
"2016-7131-27/05/2021","2 Metropolitan","MITCHELL PARK","5043","CC MARION.                    ",2,1,0,0,1,2016,"April","Monday","07:50 am","060","Divided Road","Straight road","Level","Driveway or Entrance","Sealed","Dry","Not Raining","Daylight","Side Swipe","01","Driver Rider","2: MI","No Control","","",1324388.18,1661282,"13243881661282"
"2016-7132-27/05/2021","2 Metropolitan","PENNINGTON","5013","CITY OF CHARLES STURT",2,0,0,0,0,2016,"April","Monday","08:41 am","050","Cross Road","Straight road","Level","Not Applicable","Sealed","Dry","Not Raining","Daylight","Right Angle","02","Driver Rider","1: PDO","Give Way Sign","","",1322417.6,1678818.76,"13224181678819"
"2016-7133-27/05/2021","2 Metropolitan","PORT NOARLUNGA","5167","CITY OF ONKAPARINGA",2,0,0,0,0,2016,"April","Monday","12:30 pm","050","T-Junction","Straight road","Level","Not Applicable","Sealed","Dry","Not Raining","Daylight","Hit Fixed Object","01","Driver Rider","1: PDO","Roundabout","","",1317218.65,1645919.07,"13172191645919"
"2016-7134-27/05/2021","2 Metropolitan","PAYNEHAM","5070","CC OF NORWOOD,PAYNEHAM & ST PETERS",3,0,0,0,0,2016,"April","Tuesday","09:15 am","060","Cross Road","Straight road","Level","Not Applicable","Sealed","Dry","Not Raining","Daylight","Rear End","01","Driver Rider","1: PDO","Traffic Signals","","",1332172.02,1673790.11,"13321721673790"
"2016-7135-27/05/2021","2 Metropolitan","PROSPECT","5082","CITY OF PROSPECT",2,0,0,0,0,2016,"April","Monday","02:30 pm","060","Cross Road","Straight road","Level","Not Applicable","Sealed","Dry","Not Raining","Daylight","Rear End","02","Driver Rider","1: PDO","Traffic Signals","","",1327235.97,1676403.16,"13272361676403"
"2016-7136-27/05/2021","1 City","ADELAIDE","5000","CITY OF ADELAIDE",2,0,0,0,0,2016,"April","Tuesday","07:10 am","050","Not Divided","Straight road","Level","Not Applicable","Sealed","Dry","Not Raining","Daylight","Side Swipe","02","Driver Rider","1: PDO","No Control","","",1329518.95,1669753.34,"13295191669753"
"2016-7137-27/05/2021","2 Metropolitan","MORPHETT VALE","5162","CITY OF ONKAPARINGA",2,0,0,0,0,2016,"April","Tuesday","10:45 am","060","Not Divided","Straight road","Slope","Not Applicable","Sealed","Dry","Not Raining","Daylight","Hit Parked Vehicle","01","Driver Rider","1: PDO","No Control","","",1321944.19,1649613.05,"13219441649613"
"2016-7138-27/05/2021","2 Metropolitan","BOLIVAR","5110","CITY OF SALISBURY",2,0,0,0,0,2016,"April","Monday","03:15 pm","090","T-Junction","Straight road","Level","Not Applicable","Sealed","Dry","Not Raining","Daylight","Rear End","02","Driver Rider","1: PDO","Traffic Signals","","",1328457.27,1688613.24,"13284571688613"
"2016-7139-27/05/2021","2 Metropolitan","GLENELG SOUTH","5045","CITY OF HOLDFAST BAY",2,1,0,0,1,2016,"April","Tuesday","11:00 am","050","Cross Road","Straight road","Level","Not Applicable","Sealed","Dry","Not Raining","Daylight","Right Angle","01","Driver Rider","2: MI","Roundabout","","",1320389.07,1664329.24,"13203891664329"
"2016-7140-27/05/2021","2 Metropolitan","OAKLANDS PARK","5046","CC MARION.                    ",2,1,0,0,1,2016,"April","Tuesday","08:50 am","060","T-Junction","Straight road","Slope","Not Applicable","Sealed","Dry","Not Raining","Daylight","Side Swipe","02","Driver Rider","2: MI","No Control","","",1323424.43,1660789.37,"13234241660789"
"2016-7141-27/05/2021","2 Metropolitan","ST GEORGES","5064","CITY OF BURNSIDE",2,0,0,0,0,2016,"April","Tuesday","12:15 pm","060","Divided Road","Straight road","Level","Driveway or Entrance","Sealed","Dry","Not Raining","Daylight","Right Angle","01","Driver Rider","1: PDO","No Control","","",1332349.81,1667902.3,"13323501667902"
"2016-7142-27/05/2021","2 Metropolitan","GOODWOOD","5034","CITY OF UNLEY",2,0,0,0,0,2016,"April","Monday","04:00 pm","050","Divided Road","Straight road","Level","Not Applicable","Sealed","Dry","Not Raining","Daylight","Rear End","02","Driver Rider","1: PDO","No Control","","",1327452.15,1668108.91,"13274521668109"
"2016-7143-27/05/2021","2 Metropolitan","WYNN VALE","5127","CITY OF TEA TREE GULLY",2,0,0,0,0,2016,"April","Tuesday","07:40 am","070","T-Junction","Straight road","Level","Not Applicable","Sealed","Dry","Not Raining","Daylight","Right Angle","02","Driver Rider","1: PDO","No Control","","",1336316.01,1683630.76,"13363161683631"
"2016-7144-27/05/2021","2 Metropolitan","BRIGHTON","5048","CITY OF HOLDFAST BAY",4,0,0,0,0,2016,"April","Tuesday","12:30 pm","060","Divided Road","Straight road","Slope","Not Applicable","Sealed","Dry","Not Raining","Daylight","Rear End","01","Driver Rider","1: PDO","No Control","","",1321150.11,1660492.62,"13211501660493"
"2016-7145-27/05/2021","3 Country","MURRAY BRIDGE EAST","5253","RC MURRAY BRIDGE.             ",2,1,0,0,1,2016,"April","Monday","06:50 am","060","T-Junction","CURVED, VIEW OPEN","Bottom of Hill","Not Applicable","Sealed","Dry","Not Raining","Daylight","Right Angle","01","Driver Rider","2: MI","No Control","","Y",1390064.71,1647752.99,"13900651647753"
"2016-7146-27/05/2021","3 Country","PORT LINCOLN","5606","CC PT.LINCOLN.                ",2,0,0,0,0,2016,"April","Tuesday","12:30 pm","060","Not Divided","Straight road","Level","Not Applicable","Sealed","Dry","Not Raining","Daylight","Side Swipe","01","Driver Rider","1: PDO","No Control","","",1078090.25,1698910.79,"10780901698911"
"2016-7147-27/05/2021","2 Metropolitan","NORWOOD","5067","CC OF NORWOOD,PAYNEHAM & ST PETERS",2,1,0,0,1,2016,"April","Monday","02:20 pm","060","Cross Road","Straight road","Level","Not Applicable","Sealed","Dry","Not Raining","Daylight","Right Angle","02","Driver Rider","2: MI","Roundabout","","",1330623.32,1670361.88,"13306231670362"
"2016-7148-27/05/2021","3 Country","WHYALLA NORRIE","5608","CC WHYALLA.                   ",2,0,0,0,0,2016,"April","Tuesday","01:00 pm","060","T-Junction","Straight road","Level","Not Applicable","Sealed","Dry","Not Raining","Daylight","Right Angle","02","Driver Rider","1: PDO","Traffic Signals","","",1236312.41,1883609.89,"12363121883610"
"2016-7149-27/05/2021","2 Metropolitan","ST CLAIR","5011","CITY OF CHARLES STURT",2,2,0,0,2,2016,"April","Tuesday","01:05 pm","060","T-Junction","Straight road","Level","Not Applicable","Sealed","Dry","Not Raining","Daylight","Right Angle","02","Driver Rider","2: MI","No Control","","",1322804.05,1677348.68,"13228041677349"
"2016-7150-27/05/2021","3 Country","KYBYBOLITE","5262","DC NARACOORTE & LUCINDALE.",5,1,0,0,1,2016,"April","Tuesday","11:15 am","100","Not Divided","CURVED, VIEW OPEN","Level","Not Applicable","Sealed","Dry","Not Raining","Daylight","Hit Fixed Object","01","Driver Rider","2: MI","No Control","","",1527114.3,1444118.52,"15271141444119"
"2016-7151-27/05/2021","3 Country","STANLEY FLAT","5453","CLARE AND GILBERT VALLEYS DISTRICT COUNCIL",2,1,1,0,0,2016,"April","Tuesday","09:10 am","100","Not Divided","CURVED, VIEW OPEN","Level","Not Applicable","Sealed","Dry","Not Raining","Daylight","Roll Over","01","Driver Rider","4: Fatal","No Control","","Y",1331584.33,1798494.53,"13315841798495"
"2016-7152-27/05/2021","2 Metropolitan","MEDINDIE","5081","WALKERVILLE TOWN COUNCIL",2,1,0,0,1,2016,"April","Monday","03:45 pm","060","Multiple","CURVED, VIEW OPEN","Level","Not Applicable","Sealed","Dry","Not Raining","Daylight","Rear End","02","Driver Rider","2: MI","Traffic Signals","","",1329427.23,1673281.86,"13294271673282"
"2016-7153-27/05/2021","2 Metropolitan","DOVER GARDENS","5048","CC MARION.                    ",2,0,0,0,0,2016,"April","Tuesday","07:05 am","050","Cross Road","Straight road","Level","Not Applicable","Sealed","Dry","Not Raining","Daylight","Right Angle","02","Driver Rider","1: PDO","Give Way Sign","","",1322590.31,1659830.22,"13225901659830"
"2016-7154-27/05/2021","2 Metropolitan","ATHELSTONE","5076","CC CAMPBELLTOWN.              ",2,3,0,0,3,2016,"April","Monday","10:15 pm","060","T-Junction","Straight road","Level","Not Applicable","Sealed","Dry","Not Raining","Night","Right Angle","02","Driver Rider","2: MI","Stop Sign","","",1337850.41,1674764.6,"13378501674765"
"2016-7155-27/05/2021","3 Country","NARRUNG","5259","COORONG DISTRICT COUNCIL",2,0,0,0,0,2016,"April","Tuesday","06:15 am","100","Not Divided","CURVED, VIEW OPEN","Level","Not Applicable","Unsealed","Dry","Not Raining","Night","Hit Animal","02","Animal","1: PDO","No Control","","",1376511.37,1591468.63,"13765111591469"
"2016-7156-27/05/2021","1 City","ADELAIDE","5000","CITY OF ADELAIDE",2,0,0,0,0,2016,"April","Tuesday","01:50 pm","050","Divided Road","Straight road","Level","Not Applicable","Sealed","Dry","Not Raining","Daylight","Side Swipe","01","Driver Rider","1: PDO","No Control","","",1329170.02,1671153.79,"13291701671154"
"2016-7157-27/05/2021","2 Metropolitan","BROOKLYN PARK","5032","CITY OF WEST TORRENS",2,1,0,0,1,2016,"April","Friday","06:00 pm","060","T-Junction","Straight road","Level","Not Applicable","Sealed","Dry","Not Raining","Night","Right Angle","02","Driver Rider","2: MI","Traffic Signals","","",1322751.99,1670078.44,"13227521670078"
"2016-7158-27/05/2021","3 Country","NURIOOTPA","5355","THE BAROSSA COUNCIL.",2,0,0,0,0,2016,"April","Tuesday","03:45 pm","110","T-Junction","CURVED, VIEW OPEN","Level","Not Applicable","Sealed","Dry","Not Raining","Daylight","Rear End","02","Driver Rider","1: PDO","Give Way Sign","","",1365777.34,1720918.88,"13657771720919"
"2016-7159-27/05/2021","2 Metropolitan","FLAGSTAFF HILL","5159","CITY OF ONKAPARINGA",2,0,0,0,0,2016,"April","Friday","08:30 am","050","T-Junction","Straight road","Slope","Not Applicable","Sealed","Dry","Not Raining","Daylight","Right Angle","01","Driver Rider","1: PDO","No Control","","",1326590.85,1657173.23,"13265911657173"
"2016-7160-27/05/2021","3 Country","KADINA","5554","COPPER COAST DISTRICT COUNCIL",2,1,0,0,1,2016,"April","Tuesday","04:15 pm","060","Multiple","Straight road","Level","Not Applicable","Sealed","Dry","Not Raining","Daylight","Rear End","01","Driver Rider","2: MI","Roundabout","","",1249885.85,1779546.26,"12498861779546"
"2016-7161-27/05/2021","2 Metropolitan","MOUNT BARKER","5251","DC MT.BARKER.                 ",2,0,0,0,0,2016,"April","Tuesday","04:55 pm","060","Not Divided","Straight road","Level","Driveway or Entrance","Sealed","Dry","Not Raining","Daylight","Side Swipe","02","Driver Rider","1: PDO","No Control","","",1352106.04,1652862.62,"13521061652863"
"2016-7162-27/05/2021","2 Metropolitan","CAREY GULLY","5144","THE ADELAIDE HILLS COUNCIL",3,0,0,0,0,2016,"April","Tuesday","01:00 pm","080","Not Divided","CURVED, VIEW OBSCURED","Slope","Not Applicable","Sealed","Dry","Not Raining","Daylight","Hit Fixed Object","01","Driver Rider","1: PDO","No Control","","",1342522.5,1666076.3,"13425231666076"
"2016-7163-27/05/2021","2 Metropolitan","TOORAK GARDENS","5065","CITY OF BURNSIDE",3,0,0,0,0,2016,"April","Tuesday","06:15 pm","060","Divided Road","Straight road","Slope","Not Applicable","Sealed","Dry","Not Raining","Night","Rear End","01","Driver Rider","1: PDO","No Control","","",1331903.23,1669044.18,"13319031669044"
"2016-7164-27/05/2021","2 Metropolitan","CROYDON PARK","5008","CITY OF PORT ADELAIDE ENFIELD",2,0,0,0,0,2016,"April","Tuesday","04:40 pm","060","Divided Road","Straight road","Level","Not Applicable","Sealed","Dry","Not Raining","Daylight","Side Swipe","02","Driver Rider","1: PDO","No Control","","",1326056.41,1676285.56,"13260561676286"
"2016-7165-27/05/2021","2 Metropolitan","GOLDEN GROVE","5125","CITY OF TEA TREE GULLY",2,0,0,0,0,2016,"April","Tuesday","06:30 pm","060","Cross Road","Straight road","Slope","Not Applicable","Sealed","Dry","Not Raining","Night","Right Angle","02","Driver Rider","1: PDO","Traffic Signals","","",1337889.71,1685361.47,"13378901685361"