"REPORT_ID","Stats Area","Suburb","Postcode","LGA Name","Total Units","Total Cas","Total Fats","Total SI","Total MI","Year","Month","Day","Time","Area Speed","Position Type","Horizontal Align","Vertical Align","Other Feat","Road Surface","Moisture Cond","Weather Cond","DayNight","Crash Type","Unit Resp","Entity Code","CSEF Severity","Traffic Ctrls","DUI Involved","Drugs Involved","ACCLOC_X","ACCLOC_Y","UNIQUE_LOC"
"2016-7572-27/05/2021","3 Country","STRATHALBYN","5255","ALEXANDRINA COUNCIL",2,0,0,0,0,2016,"April","Thursday","05:20 pm","050","Not Divided","Straight road","Crest of Hill","Driveway or Entrance","Sealed","Dry","Not Raining","Daylight","Right Angle","01","Driver Rider","1: PDO","No Control","","",1354480.89,1633865.31,"13544811633865"
"2016-7573-27/05/2021","3 Country","WHYALLA NORRIE","5608","CC WHYALLA.                   ",2,0,0,0,0,2016,"April","Friday","09:00 am","060","T-Junction","Straight road","Level","Not Applicable","Sealed","Wet","Not Raining","Daylight","Right Turn","01","Driver Rider","1: PDO","Traffic Signals","","",1236312.41,1883609.89,"12363121883610"
"2016-7574-27/05/2021","2 Metropolitan","NAILSWORTH","5083","CITY OF PROSPECT",2,0,0,0,0,2016,"April","Thursday","01:30 pm","060","T-Junction","Straight road","Level","Not Applicable","Sealed","Dry","Not Raining","Daylight","Rear End","01","Driver Rider","1: PDO","No Control","","",1328886.19,1675625.85,"13288861675626"
"2016-7575-27/05/2021","2 Metropolitan","BLAKEVIEW","5114","CITY OF PLAYFORD.",1,1,0,0,1,2016,"April","Saturday","05:30 pm","080","Not Divided","CURVED, VIEW OBSCURED","Slope","Not Applicable","Sealed","Dry","Not Raining","Daylight","Left Road - Out of Control","09","Other","2: MI","No Control","","",1339845.41,1698674.68,"13398451698675"
"2016-7576-27/05/2021","2 Metropolitan","GEPPS CROSS","5094","CITY OF PORT ADELAIDE ENFIELD",2,1,0,0,1,2016,"April","Friday","07:20 am","060","Cross Road","Straight road","Level","Not Applicable","Sealed","Dry","Not Raining","Daylight","Rear End","02","Driver Rider","2: MI","Traffic Signals","","",1327996.61,1679256.59,"13279971679257"
"2016-7577-27/05/2021","2 Metropolitan","CROYDON","5008","CITY OF CHARLES STURT",2,0,0,0,0,2016,"April","Thursday","06:30 pm","060","Cross Road","Straight road","Level","Not Applicable","Sealed","Wet","Not Raining","Night","Rear End","01","Driver Rider","1: PDO","Traffic Signals","","",1325517.03,1673428.59,"13255171673429"
"2016-7578-27/05/2021","2 Metropolitan","SALISBURY HEIGHTS","5109","CITY OF SALISBURY",2,0,0,0,0,2016,"April","Friday","09:00 am","060","T-Junction","Straight road","Bottom of Hill","Not Applicable","Sealed","Wet","Raining","Daylight","Rear End","02","Driver Rider","1: PDO","No Control","","",1336258.37,1687698.86,"13362581687699"
"2016-7579-27/05/2021","2 Metropolitan","GLENELG EAST","5045","CITY OF HOLDFAST BAY",3,1,0,0,1,2016,"April","Friday","10:30 am","060","Cross Road","Straight road","Level","Not Applicable","Sealed","Dry","Not Raining","Daylight","Rear End","02","Driver Rider","2: MI","Traffic Signals","","",1322636.62,1665410.15,"13226371665410"
"2016-7580-27/05/2021","2 Metropolitan","MELROSE PARK","5039","CC MITCHAM.                   ",2,1,0,0,1,2016,"April","Wednesday","01:50 pm","060","Pedestrian Crossing","Straight road","Level","Not Applicable","Sealed","Dry","Not Raining","Daylight","Side Swipe","01","Driver Rider","2: MI","Traffic Signals","","",1325915.34,1664595.56,"13259151664596"
"2016-7581-27/05/2021","2 Metropolitan","NETLEY","5037","CITY OF WEST TORRENS",3,1,0,0,1,2016,"April","Friday","07:10 am","060","Cross Road","Straight road","Level","Not Applicable","Sealed","Wet","Not Raining","Daylight","Right Turn","01","Driver Rider","2: MI","Traffic Signals","","",1324175.25,1668909.78,"13241751668910"
"2016-7582-27/05/2021","2 Metropolitan","STURT","5047","CC MARION.                    ",2,1,0,0,1,2016,"April","Wednesday","10:50 am","060","Divided Road","Straight road","Level","Driveway or Entrance","Sealed","Dry","Not Raining","Daylight","Right Turn","01","Driver Rider","2: MI","No Control","","",1323786.92,1660656.43,"13237871660656"
"2016-7583-27/05/2021","2 Metropolitan","EVANSTON PARK","5116","CT GAWLER.                    ",2,0,0,0,0,2016,"April","Friday","10:00 am","060","T-Junction","Straight road","Level","Not Applicable","Sealed","Dry","Not Raining","Daylight","Right Angle","01","Driver Rider","1: PDO","No Control","","",1342351.67,1703859.93,"13423521703860"
"2016-7584-27/05/2021","2 Metropolitan","MORPHETT VALE","5162","CITY OF ONKAPARINGA",2,1,0,0,1,2016,"April","Friday","11:00 am","070","Cross Road","Straight road","Level","Not Applicable","Sealed","Dry","Not Raining","Daylight","Rear End","02","Driver Rider","2: MI","Traffic Signals","","",1319739.6,1650989.54,"13197401650990"
"2016-7585-27/05/2021","2 Metropolitan","SOMERTON PARK","5044","CITY OF HOLDFAST BAY",2,0,0,0,0,2016,"April","Friday","11:00 am","050","Cross Road","Straight road","Level","Not Applicable","Sealed","Dry","Not Raining","Daylight","Right Angle","02","Driver Rider","1: PDO","Stop Sign","","",1320675.85,1662777.63,"13206761662778"
"2016-7586-27/05/2021","2 Metropolitan","ALDINGA","5173","CITY OF ONKAPARINGA",4,1,0,0,1,2016,"April","Friday","09:45 am","100","Not Divided","CURVED, VIEW OPEN","Level","Not Applicable","Sealed","Dry","Not Raining","Daylight","Hit Fixed Object","01","Driver Rider","2: MI","No Control","","",1315554.67,1631159.89,"13155551631160"
"2016-7587-27/05/2021","2 Metropolitan","EXETER","5019","CITY OF PORT ADELAIDE ENFIELD",2,0,0,0,0,2016,"April","Thursday","09:30 pm","060","T-Junction","Straight road","Level","Not Applicable","Sealed","Dry","Not Raining","Night","Right Turn","01","Driver Rider","1: PDO","Traffic Signals","","",1319005.86,1680428.29,"13190061680428"
"2016-7588-27/05/2021","2 Metropolitan","MILE END","5031","CITY OF WEST TORRENS",2,0,0,0,0,2016,"April","Friday","09:35 am","060","T-Junction","Straight road","Level","Not Applicable","Sealed","Dry","Not Raining","Daylight","Hit Fixed Object","01","Driver Rider","1: PDO","No Control","","",1325750.52,1670701.76,"13257511670702"
"2016-7589-27/05/2021","2 Metropolitan","NORWOOD","5067","CC OF NORWOOD,PAYNEHAM & ST PETERS",2,0,0,0,0,2016,"April","Friday","12:45 pm","060","Cross Road","Straight road","Level","Not Applicable","Sealed","Dry","Not Raining","Daylight","Right Angle","02","Driver Rider","1: PDO","Roundabout","","",1330623.32,1670361.88,"13306231670362"
"2016-7590-27/05/2021","3 Country","PORT AUGUSTA","5700","CC PT.AUGUSTA.                ",2,0,0,0,0,2016,"April","Friday","12:00 pm","040","T-Junction","Straight road","Level","Not Applicable","Sealed","Dry","Not Raining","Daylight","Rear End","02","Driver Rider","1: PDO","Give Way Sign","","",1258876.89,1942427.86,"12588771942428"
"2016-7591-27/05/2021","2 Metropolitan","HAPPY VALLEY","5159","CITY OF ONKAPARINGA",2,0,0,0,0,2016,"April","Friday","08:00 am","060","T-Junction","Straight road","Level","Not Applicable","Sealed","Dry","Not Raining","Daylight","Rear End","02","Driver Rider","1: PDO","Stop Sign","","",1326281.49,1653498.68,"13262811653499"
"2016-7592-27/05/2021","2 Metropolitan","BRIDGEWATER","5155","THE ADELAIDE HILLS COUNCIL",2,0,0,0,0,2016,"April","Friday","01:10 pm","110","Freeway","Straight road","Slope","Not Applicable","Sealed","Wet","Not Raining","Daylight","Rear End","02","Driver Rider","1: PDO","No Control","","",1343823.72,1661266.29,"13438241661266"
"2016-7593-27/05/2021","2 Metropolitan","WOODVILLE NORTH","5012","CITY OF CHARLES STURT",2,1,0,0,1,2016,"April","Friday","01:30 pm","050","Not Divided","Straight road","Level","Not Applicable","Sealed","Dry","Not Raining","Daylight","Hit Parked Vehicle","01","Driver Rider","2: MI","No Control","","",1323880.14,1677058.45,"13238801677058"
"2016-7594-27/05/2021","2 Metropolitan","ELIZABETH SOUTH","5112","CITY OF PLAYFORD.",2,0,0,0,0,2016,"April","Friday","12:30 pm","060","Cross Road","Straight road","Level","Not Applicable","Sealed","Dry","Not Raining","Daylight","Right Turn","02","Driver Rider","1: PDO","Traffic Signals","","",1334852.25,1691772.94,"13348521691773"
"2016-7595-27/05/2021","2 Metropolitan","CAMPBELLTOWN","5074","CC CAMPBELLTOWN.              ",2,0,0,0,0,2016,"April","Friday","09:55 am","050","T-Junction","Straight road","Level","Not Applicable","Sealed","Wet","Raining","Daylight","Hit Fixed Object","01","Driver Rider","1: PDO","No Control","","",1333951.57,1675253.3,"13339521675253"
"2016-7596-27/05/2021","2 Metropolitan","ELIZABETH","5112","CITY OF PLAYFORD.",2,1,0,0,1,2016,"April","Friday","01:40 pm","060","T-Junction","Straight road","Level","Not Applicable","Sealed","Dry","Not Raining","Daylight","Side Swipe","02","Driver Rider","2: MI","No Control","","",1335514.96,1692940.38,"13355151692940"
"2016-7597-27/05/2021","2 Metropolitan","MARLESTON","5033","CITY OF WEST TORRENS",2,0,0,0,0,2016,"April","Friday","02:10 pm","060","T-Junction","Straight road","Level","Roadworks","Sealed","Dry","Not Raining","Daylight","Side Swipe","02","Driver Rider","1: PDO","No Control","","",1325303.91,1668932.25,"13253041668932"
"2016-7598-27/05/2021","2 Metropolitan","NORWOOD","5067","CC OF NORWOOD,PAYNEHAM & ST PETERS",2,0,0,0,0,2016,"April","Friday","07:50 am","060","Cross Road","Straight road","Level","Not Applicable","Sealed","Wet","Raining","Daylight","Right Turn","02","Driver Rider","1: PDO","Give Way Sign","","",1330847.9,1670368.13,"13308481670368"
"2016-7599-27/05/2021","2 Metropolitan","WINGFIELD","5013","CITY OF PORT ADELAIDE ENFIELD",2,0,0,0,0,2016,"April","Friday","01:15 pm","060","Cross Road","Straight road","Level","Not Applicable","Sealed","Dry","Not Raining","Daylight","Right Angle","02","Driver Rider","1: PDO","Traffic Signals","","",1325526.91,1679186.68,"13255271679187"
"2016-7600-27/05/2021","2 Metropolitan","SEMAPHORE PARK","5019","CITY OF CHARLES STURT",9,1,0,0,1,2016,"April","Tuesday","06:29 pm","060","T-Junction","Straight road","Level","Not Applicable","Sealed","Dry","Not Raining","Night","Hit Object on Road","01","Driver Rider","2: MI","No Control","","",1317718.19,1677952.59,"13177181677953"
"2016-7601-27/05/2021","2 Metropolitan","GULFVIEW HEIGHTS","5096","CITY OF SALISBURY",2,0,0,0,0,2016,"April","Friday","03:00 pm","050","T-Junction","Straight road","Level","Not Applicable","Sealed","Dry","Not Raining","Daylight","Side Swipe","02","Driver Rider","1: PDO","No Control","","",1334781.63,1685216.21,"13347821685216"
"2016-7602-27/05/2021","2 Metropolitan","HOUGHTON","5131","THE ADELAIDE HILLS COUNCIL",2,1,0,1,0,2016,"April","Friday","02:30 pm","080","Not Divided","CURVED, VIEW OBSCURED","Slope","Not Applicable","Sealed","Dry","Not Raining","Daylight","Head On","02","Driver Rider","3: SI","No Control","","",1344215.32,1681459.2,"13442151681459"
"2016-7603-27/05/2021","2 Metropolitan","WINGFIELD","5013","CITY OF PORT ADELAIDE ENFIELD",1,0,0,0,0,2016,"April","Thursday","09:50 pm","060","Not Divided","Straight road","Level","Not Applicable","Sealed","Dry","Not Raining","Night","Roll Over","01","Driver Rider","1: PDO","No Control","","Y",1325754.16,1679496.11,"13257541679496"
"2016-7604-27/05/2021","2 Metropolitan","ELIZABETH PARK","5113","CITY OF PLAYFORD.",2,0,0,0,0,2016,"April","Friday","01:40 pm","080","Divided Road","Straight road","Level","Not Applicable","Sealed","Dry","Not Raining","Daylight","Rear End","02","Driver Rider","1: PDO","No Control","","",1336572.67,1694750.21,"13365731694750"
"2016-7605-27/05/2021","2 Metropolitan","ELIZABETH PARK","5113","CITY OF PLAYFORD.",2,1,0,0,1,2016,"April","Friday","04:15 pm","080","Cross Road","Straight road","Level","Not Applicable","Sealed","Dry","Not Raining","Daylight","Rear End","02","Driver Rider","2: MI","Traffic Signals","","",1336482.32,1694632.45,"13364821694632"
"2016-7606-27/05/2021","3 Country","NARACOORTE","5271","DC NARACOORTE & LUCINDALE.",2,0,0,0,0,2016,"April","Friday","04:50 pm","050","Not Divided","Straight road","Level","Not Applicable","Sealed","Wet","Not Raining","Daylight","Rear End","02","Driver Rider","1: PDO","No Control","","",1512874.16,1436968.44,"15128741436968"
"2016-7607-27/05/2021","2 Metropolitan","MAWSON LAKES","5095","CITY OF SALISBURY",3,0,0,0,0,2016,"April","Friday","05:55 pm","070","Divided Road","Straight road","Level","Not Applicable","Sealed","Dry","Not Raining","Night","Rear End","01","Driver Rider","1: PDO","No Control","","",1329448.91,1684303.48,"13294491684303"
"2016-7608-27/05/2021","2 Metropolitan","KILBURN","5084","CITY OF PORT ADELAIDE ENFIELD",3,0,0,0,0,2016,"April","Friday","04:15 pm","060","Divided Road","Straight road","Level","Not Applicable","Sealed","Dry","Not Raining","Daylight","Rear End","01","Driver Rider","1: PDO","No Control","","",1327209.99,1677674,"13272101677674"
"2016-7609-27/05/2021","2 Metropolitan","GLENSIDE","5065","CITY OF BURNSIDE",2,0,0,0,0,2016,"April","Friday","06:45 pm","060","T-Junction","Straight road","Level","Not Applicable","Sealed","Dry","Not Raining","Night","Right Turn","02","Driver Rider","1: PDO","Traffic Signals","","",1332322.98,1668698.73,"13323231668699"
"2016-7610-27/05/2021","2 Metropolitan","KINGSWOOD","5062","CC MITCHAM.                   ",3,0,0,0,0,2016,"April","Friday","05:06 pm","060","Cross Road","Straight road","Level","Not Applicable","Sealed","Dry","Not Raining","Daylight","Rear End","01","Driver Rider","1: PDO","Traffic Signals","","",1329136.22,1666247.3,"13291361666247"
"2016-7611-27/05/2021","2 Metropolitan","EVANSTON PARK","5116","CT GAWLER.                    ",2,1,0,0,1,2016,"April","Friday","06:15 pm","050","Not Divided","CURVED, VIEW OPEN","Level","Driveway or Entrance","Sealed","Dry","Not Raining","Night","Hit Fixed Object","01","Driver Rider","2: MI","No Control","","",1342442.41,1703710.94,"13424421703711"
"2016-7612-27/05/2021","2 Metropolitan","ROSEWATER","5013","CITY OF PORT ADELAIDE ENFIELD",2,0,0,0,0,2016,"April","Friday","03:36 pm","050","T-Junction","CURVED, VIEW OPEN","Level","Not Applicable","Sealed","Dry","Not Raining","Daylight","Hit Fixed Object","01","Driver Rider","1: PDO","No Control","","",1321701.77,1678483.36,"13217021678483"
"2016-7613-27/05/2021","2 Metropolitan","WOODVILLE NORTH","5012","CITY OF CHARLES STURT",4,0,0,0,0,2016,"April","Friday","06:05 pm","060","T-Junction","Straight road","Level","Not Applicable","Sealed","Dry","Not Raining","Night","Rear End","01","Driver Rider","1: PDO","Traffic Signals","","",1323965.46,1676423.83,"13239651676424"
"2016-7614-27/05/2021","2 Metropolitan","DAVOREN PARK","5113","CITY OF PLAYFORD.",2,1,0,0,1,2016,"April","Friday","07:20 pm","060","Not Divided","Straight road","Level","Not Applicable","Sealed","Dry","Not Raining","Night","Hit Parked Vehicle","01","Driver Rider","2: MI","No Control","","",1335653.67,1695656.66,"13356541695657"
"2016-7615-27/05/2021","2 Metropolitan","CRAIGMORE","5114","CITY OF PLAYFORD.",2,0,0,0,0,2016,"April","Friday","05:55 pm","060","Cross Road","Straight road","Level","Not Applicable","Sealed","Dry","Not Raining","Night","Rear End","02","Driver Rider","1: PDO","Roundabout","","",1338626.83,1696094.66,"13386271696095"
"2016-7616-27/05/2021","3 Country","TANUNDA","5352","THE BAROSSA COUNCIL.",2,1,0,0,1,2016,"April","Friday","06:00 pm","090","Cross Road","Straight road","Crest of Hill","Not Applicable","Sealed","Dry","Not Raining","Night","Side Swipe","02","Driver Rider","2: MI","Stop Sign","","",1361762.41,1710970.41,"13617621710970"
"2016-7617-27/05/2021","2 Metropolitan","DAVOREN PARK","5113","CITY OF PLAYFORD.",2,1,0,0,1,2016,"April","Friday","04:00 pm","060","T-Junction","Straight road","Level","Not Applicable","Sealed","Dry","Not Raining","Daylight","Rear End","01","Driver Rider","2: MI","No Control","","",1335370.47,1695679.16,"13353701695679"
"2016-7618-27/05/2021","2 Metropolitan","ALDINGA BEACH","5173","CITY OF ONKAPARINGA",2,1,0,1,0,2016,"April","Friday","06:54 pm","050","T-Junction","CURVED, VIEW OPEN","Level","Not Applicable","Sealed","Dry","Not Raining","Night","Right Angle","02","Driver Rider","3: SI","Give Way Sign","Y","",1313007.42,1631765.53,"13130071631766"
"2016-7619-27/05/2021","2 Metropolitan","MUNNO PARA WEST","5115","CITY OF PLAYFORD.",2,0,0,0,0,2016,"April","Friday","09:30 pm","060","T-Junction","Straight road","Level","Not Applicable","Sealed","Dry","Not Raining","Night","Right Angle","01","Driver Rider","1: PDO","No Control","","",1336709.05,1699846.88,"13367091699847"
"2016-7620-27/05/2021","2 Metropolitan","GEPPS CROSS","5094","CITY OF PORT ADELAIDE ENFIELD",4,0,0,0,0,2016,"April","Friday","09:15 pm","070","T-Junction","Straight road","Level","Not Applicable","Sealed","Dry","Not Raining","Night","Side Swipe","02","Driver Rider","1: PDO","Traffic Signals","","",1329435.85,1680216.96,"13294361680217"
"2016-7621-27/05/2021","2 Metropolitan","WOODVILLE PARK","5011","CITY OF CHARLES STURT",2,1,0,0,1,2016,"April","Friday","04:45 pm","060","Divided Road","Straight road","Level","Not Applicable","Sealed","Dry","Not Raining","Daylight","Rear End","01","Driver Rider","2: MI","No Control","","",1323826.36,1674887.05,"13238261674887"
"2016-7622-27/05/2021","3 Country","PORT AUGUSTA","5700","CC PT.AUGUSTA.                ",2,0,0,0,0,2016,"April","Saturday","12:05 am","050","Not Divided","Straight road","Level","Not Applicable","Sealed","Dry","Not Raining","Night","Hit Parked Vehicle","01","Driver Rider","1: PDO","No Control","","",1260837.83,1943283.91,"12608381943284"
"2016-7623-27/05/2021","2 Metropolitan","LONSDALE","5160","CITY OF ONKAPARINGA",2,0,0,0,0,2016,"April","Friday","11:15 pm","100","Freeway","Straight road","Level","Not Applicable","Sealed","Dry","Not Raining","Night","Rear End","02","Driver Rider","1: PDO","No Control","","",1319550.01,1650179.31,"13195501650179"
"2016-7624-27/05/2021","2 Metropolitan","FLINDERS PARK","5025","CITY OF CHARLES STURT",2,0,0,0,0,2016,"April","Saturday","05:25 am","060","Divided Road","Straight road","Level","Not Applicable","Sealed","Dry","Not Raining","Night","Hit Parked Vehicle","01","Driver Rider","1: PDO","No Control","","",1323943.7,1672622.25,"13239441672622"
"2016-7625-27/05/2021","2 Metropolitan","HAWTHORNDENE","5051","CC MITCHAM.                   ",3,0,0,0,0,2016,"April","Friday","05:00 pm","050","T-Junction","Straight road","Level","Not Applicable","Sealed","Dry","Not Raining","Daylight","Rear End","01","Driver Rider","1: PDO","Stop Sign","","",1330306.94,1660228.85,"13303071660229"
"2016-7626-27/05/2021","2 Metropolitan","MEDINDIE","5081","WALKERVILLE TOWN COUNCIL",3,0,0,0,0,2016,"April","Friday","04:30 pm","050","Multiple","CURVED, VIEW OPEN","Level","Not Applicable","Sealed","Dry","Not Raining","Daylight","Rear End","02","Driver Rider","1: PDO","Traffic Signals","","",1329427.23,1673281.86,"13294271673282"
"2016-7627-27/05/2021","3 Country","PARAWA","5203","DC YANKALILLA.                ",1,1,0,0,1,2016,"April","Monday","01:00 pm","100","Not Divided","Straight road","Level","Not Applicable","Unsealed","Dry","Not Raining","Daylight","Roll Over","01","Driver Rider","2: MI","No Control","","",1306776.34,1598346.72,"13067761598347"
"2016-7628-27/05/2021","1 City","ADELAIDE","5000","CITY OF ADELAIDE",2,1,0,0,1,2016,"April","Friday","02:00 pm","050","Divided Road","Straight road","Level","Driveway or Entrance","Sealed","Dry","Not Raining","Daylight","Side Swipe","02","Driver Rider","2: MI","No Control","","",1329093.05,1671162.43,"13290931671162"
"2016-7629-27/05/2021","2 Metropolitan","MARRYATVILLE","5068","CC OF NORWOOD,PAYNEHAM & ST PETERS",2,0,0,0,0,2016,"April","Saturday","09:30 am","060","Not Divided","Straight road","Level","Not Applicable","Sealed","Dry","Not Raining","Daylight","Rear End","01","Driver Rider","1: PDO","No Control","","",1332354.47,1670414.55,"13323541670415"
"2016-7630-27/05/2021","2 Metropolitan","SALISBURY EAST","5109","CITY OF SALISBURY",2,0,0,0,0,2016,"April","Thursday","04:25 pm","080","Divided Road","Straight road","Level","Not Applicable","Sealed","Dry","Not Raining","Daylight","Side Swipe","02","Driver Rider","1: PDO","No Control","","",1334313.01,1686718.37,"13343131686718"
"2016-7631-27/05/2021","2 Metropolitan","EVANSTON","5116","CT GAWLER.                    ",2,0,0,0,0,2016,"April","Saturday","12:15 pm","050","T-Junction","Straight road","Level","Not Applicable","Sealed","Dry","Not Raining","Daylight","Right Angle","02","Driver Rider","1: PDO","No Control","","",1341878.98,1704410.34,"13418791704410"
"2016-7632-27/05/2021","2 Metropolitan","POORAKA","5095","CITY OF SALISBURY",2,1,0,0,1,2016,"April","Saturday","12:00 pm","070","T-Junction","Straight road","Level","Not Applicable","Sealed","Dry","Not Raining","Daylight","Rear End","02","Driver Rider","2: MI","No Control","","",1331239.26,1681825.29,"13312391681825"
"2016-7633-27/05/2021","2 Metropolitan","MUNNO PARA","5115","CITY OF PLAYFORD.",2,0,0,0,0,2016,"April","Saturday","11:50 am","060","Divided Road","Straight road","Level","Not Applicable","Sealed","Dry","Not Raining","Daylight","Rear End","02","Driver Rider","1: PDO","No Control","","",1336613.89,1698593,"13366141698593"
"2016-7634-27/05/2021","2 Metropolitan","STURT","5047","CC MARION.                    ",4,3,0,0,3,2016,"April","Saturday","11:58 am","060","Multiple","CURVED, VIEW OPEN","Level","Not Applicable","Sealed","Dry","Not Raining","Daylight","Right Angle","01","Driver Rider","2: MI","Traffic Signals","","",1323558.89,1660650.4,"13235591660650"
"2016-7635-27/05/2021","2 Metropolitan","MITCHELL PARK","5043","CC MARION.                    ",1,1,0,0,1,2016,"April","Saturday","12:30 pm","060","Divided Road","Straight road","Level","Driveway or Entrance","Sealed","Dry","Not Raining","Daylight","Roll Over","01","Driver Rider","2: MI","No Control","","",1324379.89,1661558.98,"13243801661559"
"2016-7636-27/05/2021","2 Metropolitan","FIRLE","5070","CC OF NORWOOD,PAYNEHAM & ST PETERS",3,1,0,0,1,2016,"April","Saturday","01:05 pm","050","Not Divided","Straight road","Level","Not Applicable","Sealed","Dry","Not Raining","Daylight","Side Swipe","01","Driver Rider","2: MI","No Control","","",1333365.13,1672685.65,"13333651672686"
"2016-7637-27/05/2021","2 Metropolitan","POORAKA","5095","CITY OF SALISBURY",2,2,0,0,2,2016,"April","Saturday","11:40 am","070","Cross Road","Straight road","Level","Not Applicable","Sealed","Dry","Not Raining","Daylight","Rear End","01","Driver Rider","2: MI","Traffic Signals","","Y",1330489.22,1681819.14,"13304891681819"
"2016-7638-27/05/2021","2 Metropolitan","PARALOWIE","5108","CITY OF SALISBURY",3,1,0,0,1,2016,"April","Saturday","12:50 pm","050","Divided Road","Straight road","Level","Not Applicable","Sealed","Dry","Not Raining","Daylight","Rear End","01","Driver Rider","2: MI","No Control","","",1331775.19,1689106.09,"13317751689106"
"2016-7639-27/05/2021","2 Metropolitan","HAHNDORF","5245","DC MT.BARKER.                 ",2,1,0,0,1,2016,"April","Saturday","01:53 pm","050","T-Junction","Straight road","Level","Not Applicable","Sealed","Dry","Not Raining","Daylight","Right Angle","01","Driver Rider","2: MI","No Control","","",1347130.26,1658503.05,"13471301658503"
"2016-7640-27/05/2021","2 Metropolitan","GLEN OSMOND","5064","CITY OF BURNSIDE",2,0,0,0,0,2016,"April","Saturday","12:30 pm","060","T-Junction","Straight road","Level","Not Applicable","Sealed","Dry","Not Raining","Daylight","Right Turn","02","Driver Rider","1: PDO","Stop Sign","","",1332388.26,1666626.99,"13323881666627"
"2016-7641-27/05/2021","2 Metropolitan","TORRENS PARK","5062","CC MITCHAM.                   ",1,1,0,0,1,2016,"April","Sunday","09:00 am","050","Not Divided","Straight road","Level","Not Applicable","Sealed","Dry","Not Raining","Daylight","Left Road - Out of Control","01","Driver Rider","2: MI","No Control","","",1330041.5,1664680.99,"13300421664681"
"2016-7642-27/05/2021","2 Metropolitan","SHEIDOW PARK","5158","CC MARION.                    ",2,0,0,0,0,2016,"April","Friday","04:38 pm","080","T-Junction","Straight road","Level","Not Applicable","Sealed","Dry","Not Raining","Daylight","Right Angle","02","Driver Rider","1: PDO","No Control","","",1320853.53,1654373.41,"13208541654373"
"2016-7643-27/05/2021","2 Metropolitan","PARK HOLME","5043","CC MARION.                    ",4,0,0,0,0,2016,"April","Friday","08:06 pm","060","Cross Road","Straight road","Level","Not Applicable","Sealed","Dry","Not Raining","Night","Right Turn","01","Driver Rider","1: PDO","Traffic Signals","","",1324332.9,1663286.92,"13243331663287"
"2016-7644-27/05/2021","2 Metropolitan","SALISBURY EAST","5109","CITY OF SALISBURY",4,3,0,0,3,2016,"April","Saturday","11:10 am","060","Cross Road","Straight road","Level","Not Applicable","Sealed","Dry","Not Raining","Daylight","Rear End","02","Driver Rider","2: MI","Traffic Signals","","",1333289.2,1685362.95,"13332891685363"
"2016-7645-27/05/2021","2 Metropolitan","ASHTON","5137","THE ADELAIDE HILLS COUNCIL",2,0,0,0,0,2016,"April","Saturday","03:00 pm","080","Divided Road","CURVED, VIEW OPEN","Slope","Not Applicable","Sealed","Dry","Not Raining","Daylight","Hit Fixed Object","01","Driver Rider","1: PDO","No Control","","",1340706.65,1668480.49,"13407071668480"
"2016-7646-27/05/2021","3 Country","MYPONGA","5202","DC YANKALILLA.                ",2,1,0,0,1,2016,"April","Saturday","02:25 pm","050","Not Divided","Straight road","Level","Not Applicable","Unsealed","Dry","Not Raining","Daylight","Hit Fixed Object","01","Driver Rider","2: MI","No Control","Y","",1314911.51,1619539.9,"13149121619540"
"2016-7647-27/05/2021","3 Country","KANYAKA","5434","THE FLINDERS RANGES COUNCIL.",1,1,0,0,1,2016,"April","Saturday","04:15 pm","110","Not Divided","CURVED, VIEW OPEN","Level","Not Applicable","Sealed","Dry","Not Raining","Daylight","Roll Over","01","Driver Rider","2: MI","No Control","","",1308674.08,1983162.78,"13086741983163"
"2016-7648-27/05/2021","2 Metropolitan","INGLE FARM","5098","CITY OF SALISBURY",2,0,0,0,0,2016,"April","Saturday","04:50 pm","070","Divided Road","Straight road","Slope","Not Applicable","Sealed","Dry","Not Raining","Daylight","Rear End","01","Driver Rider","1: PDO","No Control","","",1332999.81,1680719.66,"13330001680720"
"2016-7649-27/05/2021","2 Metropolitan","PROSPECT","5082","CITY OF PROSPECT",3,1,0,0,1,2016,"April","Saturday","03:00 pm","060","Not Divided","Straight road","Level","Not Applicable","Sealed","Dry","Not Raining","Daylight","Rear End","01","Driver Rider","2: MI","No Control","","",1327286.44,1674311.98,"13272861674312"
"2016-7650-27/05/2021","2 Metropolitan","TWO WELLS","5501","DC MALLALA.                   ",2,0,0,0,0,2016,"April","Saturday","06:00 pm","050","Not Divided","Straight road","Level","Driveway or Entrance","Sealed","Dry","Not Raining","Night","Right Angle","02","Driver Rider","1: PDO","No Control","","",1321841.69,1707723.01,"13218421707723"
"2016-7651-27/05/2021","2 Metropolitan","MAGILL","5072","CC CAMPBELLTOWN.              ",2,1,0,0,1,2016,"April","Saturday","04:45 pm","060","Not Divided","Straight road","Level","Not Applicable","Sealed","Dry","Not Raining","Daylight","Hit Fixed Object","01","Driver Rider","2: MI","No Control","","Y",1335474.75,1672160.8,"13354751672161"
"2016-7652-27/05/2021","1 City","NORTH ADELAIDE","5006","CITY OF ADELAIDE",2,0,0,0,0,2016,"April","Saturday","07:30 pm","050","Cross Road","Straight road","Level","Not Applicable","Sealed","Wet","Not Raining","Night","Right Turn","02","Driver Rider","1: PDO","Traffic Signals","","",1327857.85,1672477.76,"13278581672478"