"REPORT_ID","Stats Area","Suburb","Postcode","LGA Name","Total Units","Total Cas","Total Fats","Total SI","Total MI","Year","Month","Day","Time","Area Speed","Position Type","Horizontal Align","Vertical Align","Other Feat","Road Surface","Moisture Cond","Weather Cond","DayNight","Crash Type","Unit Resp","Entity Code","CSEF Severity","Traffic Ctrls","DUI Involved","Drugs Involved","ACCLOC_X","ACCLOC_Y","UNIQUE_LOC"
"2016-9286-27/05/2021","2 Metropolitan","IRONBANK","5153","THE ADELAIDE HILLS COUNCIL",3,0,0,0,0,2016,"June","Monday","04:45 pm","080","Not Divided","CURVED, VIEW OPEN","Level","Not Applicable","Sealed","Wet","Raining","Daylight","Hit Fixed Object","01","Driver Rider","1: PDO","No Control","","",1336639.31,1656796.07,"13366391656796"
"2016-9287-27/05/2021","2 Metropolitan","TWO WELLS","5501","DC MALLALA.                   ",2,0,0,0,0,2016,"June","Monday","09:38 pm","080","Not Divided","CURVED, VIEW OPEN","Level","Not Applicable","Sealed","Wet","Not Raining","Night","Hit Fixed Object","01","Driver Rider","1: PDO","No Control","","",1321854.36,1708305.5,"13218541708306"
"2016-9288-27/05/2021","2 Metropolitan","VALLEY VIEW","5093","CITY OF SALISBURY",2,0,0,0,0,2016,"June","Monday","07:45 pm","060","Not Divided","Straight road","Level","Not Applicable","Sealed","Dry","Not Raining","Night","Side Swipe","01","Driver Rider","1: PDO","No Control","","",1334371.95,1680529.72,"13343721680530"
"2016-9289-27/05/2021","2 Metropolitan","MAWSON LAKES","5095","CITY OF SALISBURY",2,0,0,0,0,2016,"June","Monday","03:30 pm","080","T-Junction","Straight road","Level","Not Applicable","Sealed","Dry","Not Raining","Daylight","Rear End","02","Driver Rider","1: PDO","Traffic Signals","","",1328697.75,1683414.9,"13286981683415"
"2016-9290-27/05/2021","2 Metropolitan","VISTA","5091","CITY OF TEA TREE GULLY",2,1,0,0,1,2016,"June","Monday","12:30 pm","060","Cross Road","Straight road","Crest of Hill","Not Applicable","Sealed","Wet","Raining","Daylight","Right Angle","01","Driver Rider","2: MI","Roundabout","","",1339792.5,1679839.88,"13397931679840"
"2016-9291-27/05/2021","2 Metropolitan","PASADENA","5042","CC MITCHAM.                   ",2,1,0,0,1,2016,"June","Monday","06:53 am","050","T-Junction","Straight road","Level","Not Applicable","Sealed","Wet","Not Raining","Night","Hit Pedestrian","01","Pedestrian","2: MI","No Control","","",1327106.4,1662483.87,"13271061662484"
"2016-9292-27/05/2021","3 Country","KALANGADOO","5278","WATTLE RANGE COUNCIL",2,0,0,0,0,2016,"June","Sunday","06:30 pm","100","Not Divided","Straight road","Level","Not Applicable","Unsealed","Wet","Raining","Night","Hit Fixed Object","01","Driver Rider","1: PDO","No Control","","",1502166.5,1376818.75,"15021671376819"
"2016-9293-27/05/2021","3 Country","BULGUNNIA","5719",,1,0,0,0,0,2016,"June","Sunday","10:00 am","100","Not Divided","Straight road","Level","Not Applicable","Unsealed","Dry","Not Raining","Daylight","Roll Over","01","Driver Rider","1: PDO","No Control","","",987950.06,2200277.52,"09879502200278"
"2016-9294-27/05/2021","2 Metropolitan","GLYNDE","5070","CC OF NORWOOD,PAYNEHAM & ST PETERS",2,0,0,0,0,2016,"June","Tuesday","10:35 am","060","T-Junction","Straight road","Level","Not Applicable","Sealed","Dry","Not Raining","Daylight","Right Turn","01","Driver Rider","1: PDO","Traffic Signals","","",1333815.17,1673244.73,"13338151673245"
"2016-9295-27/05/2021","2 Metropolitan","THEBARTON","5031","CITY OF WEST TORRENS",2,0,0,0,0,2016,"May","Friday","04:20 am","050","T-Junction","CURVED, VIEW OPEN","Level","Not Applicable","Sealed","Wet","Raining","Night","Hit Fixed Object","01","Driver Rider","1: PDO","No Control","","",1326060.76,1672072.31,"13260611672072"
"2016-9296-27/05/2021","2 Metropolitan","HILTON","5033","CITY OF WEST TORRENS",2,0,0,0,0,2016,"June","Tuesday","11:04 am","060","Cross Road","Straight road","Level","Not Applicable","Sealed","Dry","Not Raining","Daylight","Right Angle","01","Driver Rider","1: PDO","Traffic Signals","","",1325771.37,1670085.26,"13257711670085"
"2016-9297-27/05/2021","2 Metropolitan","SALISBURY","5108","CITY OF SALISBURY",2,3,0,0,3,2016,"June","Tuesday","11:00 am","060","Not Divided","Straight road","Level","Not Applicable","Sealed","Dry","Not Raining","Daylight","Hit Fixed Object","01","Driver Rider","2: MI","No Control","","",1332415.93,1688975.25,"13324161688975"
"2016-9298-27/05/2021","2 Metropolitan","REGENCY PARK","5010","CITY OF PORT ADELAIDE ENFIELD",3,0,0,0,0,2016,"June","Tuesday","10:45 am","060","Cross Road","Straight road","Bottom of Hill","Not Applicable","Sealed","Dry","Not Raining","Daylight","Rear End","01","Driver Rider","1: PDO","Traffic Signals","","",1326388.52,1679169.53,"13263891679170"
"2016-9299-27/05/2021","3 Country","RISDON PARK SOUTH","5540","PT.PIRIE CITY & DIST. COUNCIL ",2,0,0,0,0,2016,"June","Tuesday","10:10 am","050","Cross Road","Straight road","Slope","Not Applicable","Sealed","Dry","Not Raining","Daylight","Right Angle","02","Driver Rider","1: PDO","Give Way Sign","","",1278833.64,1862926.74,"12788341862927"
"2016-9300-27/05/2021","2 Metropolitan","MARBLE HILL","5137","THE ADELAIDE HILLS COUNCIL",2,0,0,0,0,2016,"June","Monday","08:00 pm","080","Not Divided","CURVED, VIEW OBSCURED","Slope","Not Applicable","Sealed","Wet","Raining","Night","Hit Fixed Object","01","Driver Rider","1: PDO","No Control","","",1342664.99,1670893.56,"13426651670894"
"2016-9301-27/05/2021","2 Metropolitan","MEDINDIE","5081","WALKERVILLE TOWN COUNCIL",3,0,0,0,0,2016,"June","Tuesday","11:30 am","060","Divided Road","Straight road","Level","Not Applicable","Sealed","Dry","Not Raining","Daylight","Side Swipe","02","Driver Rider","1: PDO","No Control","","",1328896.27,1674214.02,"13288961674214"
"2016-9302-27/05/2021","2 Metropolitan","WEST LAKES","5021","CITY OF CHARLES STURT",2,0,0,0,0,2016,"June","Tuesday","01:00 pm","060","Cross Road","CURVED, VIEW OPEN","Level","Not Applicable","Unsealed","Dry","Not Raining","Daylight","Side Swipe","02","Driver Rider","1: PDO","Traffic Signals","","",1319912.06,1678336.46,"13199121678336"
"2016-9303-27/05/2021","2 Metropolitan","WOODVILLE","5011","CITY OF CHARLES STURT",2,0,0,0,0,2016,"June","Tuesday","12:00 pm","050","Not Divided","Straight road","Level","Not Applicable","Sealed","Dry","Not Raining","Daylight","Hit Parked Vehicle","02","Driver Rider","1: PDO","No Control","","",1323391.22,1676359.3,"13233911676359"
"2016-9304-27/05/2021","2 Metropolitan","FULLARTON","5063","CITY OF UNLEY",3,0,0,0,0,2016,"June","Tuesday","09:45 am","060","T-Junction","Straight road","Level","Roadworks","Sealed","Dry","Not Raining","Daylight","Rear End","01","Driver Rider","1: PDO","No Control","","",1330727.84,1667613.28,"13307281667613"
"2016-9305-27/05/2021","2 Metropolitan","WINGFIELD","5013","CITY OF PORT ADELAIDE ENFIELD",2,0,0,0,0,2016,"June","Tuesday","11:05 am","050","Cross Road","Straight road","Level","Not Applicable","Sealed","Dry","Not Raining","Daylight","Right Turn","01","Driver Rider","1: PDO","Stop Sign","","",1323900.67,1679670.46,"13239011679670"
"2016-9306-27/05/2021","2 Metropolitan","MAYLANDS","5069","CC OF NORWOOD,PAYNEHAM & ST PETERS",2,0,0,0,0,2016,"June","Monday","07:45 pm","060","Cross Road","Straight road","Level","Not Applicable","Sealed","Dry","Not Raining","Night","Side Swipe","02","Driver Rider","1: PDO","Traffic Signals","","",1332227.63,1671761.35,"13322281671761"
"2016-9307-27/05/2021","3 Country","NURIOOTPA","5355","THE BAROSSA COUNCIL.",2,0,0,0,0,2016,"June","Tuesday","11:30 am","060","Cross Road","Straight road","Level","Not Applicable","Sealed","Wet","Raining","Daylight","Right Angle","02","Driver Rider","1: PDO","Give Way Sign","","",1365347.68,1719916.25,"13653481719916"
"2016-9308-27/05/2021","2 Metropolitan","WELLAND","5007","CITY OF CHARLES STURT",2,0,0,0,0,2016,"June","Monday","09:30 pm","060","Cross Road","Straight road","Level","Not Applicable","Sealed","Dry","Not Raining","Night","Right Turn","01","Driver Rider","1: PDO","Give Way Sign","","",1324861.82,1673188.4,"13248621673188"
"2016-9309-27/05/2021","3 Country","MENINGIE","5264","COORONG DISTRICT COUNCIL",2,0,0,0,0,2016,"June","Tuesday","08:30 am","110","Not Divided","Straight road","Level","Not Applicable","Sealed","Dry","Not Raining","Daylight","Head On","01","Driver Rider","1: PDO","No Control","","",1393134.06,1586699.65,"13931341586700"
"2016-9310-27/05/2021","1 City","ADELAIDE","5000","CITY OF ADELAIDE",2,0,0,0,0,2016,"June","Tuesday","01:05 pm","050","Cross Road","Straight road","Level","Not Applicable","Sealed","Dry","Not Raining","Daylight","Hit Fixed Object","01","Driver Rider","1: PDO","Traffic Signals","","",1329249.11,1670379.43,"13292491670379"
"2016-9311-27/05/2021","2 Metropolitan","SEAFORD MEADOWS","5169","CITY OF ONKAPARINGA",2,0,0,0,0,2016,"June","Monday","09:05 pm","060","Cross Road","Straight road","Slope","Not Applicable","Sealed","Dry","Not Raining","Night","Right Turn","01","Driver Rider","1: PDO","Traffic Signals","","",1318091.98,1642826.26,"13180921642826"
"2016-9312-27/05/2021","2 Metropolitan","WALKERVILLE","5081","WALKERVILLE TOWN COUNCIL",2,0,0,0,0,2016,"June","Tuesday","11:15 am","050","Cross Road","Straight road","Level","Not Applicable","Sealed","Dry","Not Raining","Daylight","Hit Fixed Object","09","Other","1: PDO","Give Way Sign","","",1330738.44,1674419.25,"13307381674419"
"2016-9313-27/05/2021","3 Country","MURRAY BRIDGE","5253","RC MURRAY BRIDGE.             ",5,1,1,0,0,2016,"June","Tuesday","03:40 pm","050","Not Divided","Straight road","Slope","Not Applicable","Sealed","Dry","Not Raining","Daylight","Hit Parked Vehicle","01","Driver Rider","4: Fatal","No Control","","",1389200.05,1646895.2,"13892001646895"
"2016-9314-27/05/2021","2 Metropolitan","SEACLIFF PARK","5049","CITY OF HOLDFAST BAY",3,1,0,0,1,2016,"June","Tuesday","04:15 pm","060","T-Junction","Straight road","Level","Not Applicable","Sealed","Dry","Not Raining","Daylight","Right Turn","02","Driver Rider","2: MI","Traffic Signals","","",1321185.13,1659325.67,"13211851659326"
"2016-9315-27/05/2021","2 Metropolitan","PARADISE","5075","CC CAMPBELLTOWN.              ",2,1,0,0,1,2016,"June","Tuesday","05:55 pm","060","Cross Road","Straight road","Level","Not Applicable","Sealed","Dry","Not Raining","Night","Rear End","01","Driver Rider","2: MI","Traffic Signals","","",1334976.63,1676238.55,"13349771676239"
"2016-9316-27/05/2021","2 Metropolitan","SEACOMBE GARDENS","5047","CC MARION.                    ",4,2,0,1,1,2016,"June","Tuesday","03:27 pm","060","T-Junction","Straight road","Level","Not Applicable","Sealed","Dry","Not Raining","Daylight","Right Turn","02","Driver Rider","3: SI","No Control","","",1323588.07,1660465.95,"13235881660466"
"2016-9317-27/05/2021","2 Metropolitan","MAWSON LAKES","5095","CITY OF SALISBURY",3,0,0,0,0,2016,"June","Tuesday","04:50 pm","070","Divided Road","Straight road","Level","Not Applicable","Sealed","Dry","Not Raining","Daylight","Rear End","01","Driver Rider","1: PDO","No Control","","",1329134.58,1683903.73,"13291351683904"
"2016-9318-27/05/2021","2 Metropolitan","BRADBURY","5153","THE ADELAIDE HILLS COUNCIL",2,0,0,0,0,2016,"June","Monday","11:00 pm","080","Not Divided","Straight road","Level","Not Applicable","Sealed","Dry","Not Raining","Night","Hit Animal","02","Animal","1: PDO","No Control","","",1340022.74,1656555.6,"13400231656556"
"2016-9319-27/05/2021","2 Metropolitan","ENFIELD","5085","CITY OF PORT ADELAIDE ENFIELD",2,0,0,0,0,2016,"June","Tuesday","04:00 pm","060","T-Junction","Straight road","Bottom of Hill","Not Applicable","Sealed","Dry","Not Raining","Daylight","Rear End","01","Driver Rider","1: PDO","Traffic Signals","","",1328821.62,1678606.27,"13288221678606"
"2016-9320-27/05/2021","2 Metropolitan","WAYVILLE","5034","CITY OF UNLEY",4,2,0,0,2,2016,"June","Tuesday","04:30 pm","060","Divided Road","Straight road","Level","Not Applicable","Sealed","Dry","Not Raining","Daylight","Rear End","01","Driver Rider","2: MI","No Control","","",1327428.62,1668861.32,"13274291668861"
"2016-9321-27/05/2021","2 Metropolitan","EXETER","5019","CITY OF PORT ADELAIDE ENFIELD",2,1,0,0,1,2016,"June","Tuesday","01:50 pm","060","T-Junction","CURVED, VIEW OPEN","Level","Not Applicable","Sealed","Dry","Not Raining","Daylight","Hit Fixed Object","01","Driver Rider","2: MI","Traffic Signals","","",1319005.72,1680437.5,"13190061680438"
"2016-9322-27/05/2021","2 Metropolitan","GLYNDE","5070","CC OF NORWOOD,PAYNEHAM & ST PETERS",2,1,0,0,1,2016,"June","Tuesday","05:45 pm","060","Cross Road","Straight road","Level","Not Applicable","Sealed","Dry","Not Raining","Night","Right Turn","01","Driver Rider","2: MI","Traffic Signals","","",1333785.54,1674516.59,"13337861674517"
"2016-9323-27/05/2021","2 Metropolitan","MODBURY NORTH","5092","CITY OF TEA TREE GULLY",2,0,0,0,0,2016,"June","Tuesday","07:00 pm","060","Cross Road","Straight road","Unknown","Not Applicable","Sealed","Dry","Not Raining","Night","Right Turn","02","Driver Rider","1: PDO","Traffic Signals","","",1336165.68,1681195.41,"13361661681195"
"2016-9324-27/05/2021","2 Metropolitan","BROADVIEW","5083","CITY OF PORT ADELAIDE ENFIELD",2,0,0,0,0,2016,"June","Tuesday","03:50 pm","060","Divided Road","Straight road","Level","Not Applicable","Sealed","Dry","Not Raining","Daylight","Rear End","01","Driver Rider","1: PDO","No Control","","",1329773.83,1676465.2,"13297741676465"
"2016-9325-27/05/2021","2 Metropolitan","PROSPECT","5082","CITY OF PROSPECT",3,0,0,0,0,2016,"June","Tuesday","06:30 pm","060","T-Junction","Straight road","Level","Driveway or Entrance","Sealed","Dry","Not Raining","Night","Right Angle","01","Driver Rider","1: PDO","Traffic Signals","","",1327227.53,1676772.4,"13272281676772"
"2016-9326-27/05/2021","2 Metropolitan","SALISBURY DOWNS","5108","CITY OF SALISBURY",2,1,0,0,1,2016,"June","Tuesday","06:10 pm","050","Not Divided","Straight road","Level","Not Applicable","Sealed","Dry","Not Raining","Night","Hit Parked Vehicle","01","Driver Rider","2: MI","No Control","","",1331704.41,1687792.19,"13317041687792"
"2016-9327-27/05/2021","2 Metropolitan","BURNSIDE","5066","CITY OF BURNSIDE",2,0,0,0,0,2016,"June","Tuesday","06:00 pm","060","T-Junction","CURVED, VIEW OPEN","Level","Not Applicable","Sealed","Dry","Not Raining","Night","Right Angle","02","Driver Rider","1: PDO","Stop Sign","","",1334752.82,1669124.21,"13347531669124"
"2016-9328-27/05/2021","2 Metropolitan","SEMAPHORE SOUTH","5019","CITY OF PORT ADELAIDE ENFIELD",2,0,0,0,0,2016,"June","Tuesday","09:40 pm","060","Not Divided","Straight road","Level","Not Applicable","Sealed","Dry","Not Raining","Night","Hit Parked Vehicle","01","Driver Rider","1: PDO","No Control","Y","",1318335.51,1679590.79,"13183361679591"
"2016-9329-27/05/2021","2 Metropolitan","LONGWOOD","5153","THE ADELAIDE HILLS COUNCIL",2,0,0,0,0,2016,"June","Monday","08:49 pm","080","Divided Road","CURVED, VIEW OPEN","Level","Not Applicable","Sealed","Dry","Not Raining","Night","Hit Fixed Object","01","Driver Rider","1: PDO","No Control","Y","",1339909.93,1658010.41,"13399101658010"
"2016-9330-27/05/2021","2 Metropolitan","WATERLOO CORNER","5110","CITY OF SALISBURY",2,1,0,0,1,2016,"June","Tuesday","10:30 pm","100","Not Divided","CURVED, VIEW OPEN","Level","Not Applicable","Sealed","Dry","Not Raining","Night","Hit Fixed Object","01","Driver Rider","2: MI","No Control","","",1326621.72,1691323.28,"13266221691323"
"2016-9331-27/05/2021","3 Country","MILANG","5256","ALEXANDRINA COUNCIL",1,1,0,0,1,2016,"June","Tuesday","10:40 pm","100","Not Divided","Straight road","Level","Not Applicable","Unsealed","Dry","Not Raining","Night","Left Road - Out of Control","01","Driver Rider","2: MI","No Control","","",1358879.35,1618387.65,"13588791618388"
"2016-9332-27/05/2021","3 Country","BORDERTOWN","5268","DC TATIARA.                   ",2,2,1,0,1,2016,"June","Tuesday","07:15 pm","080","T-Junction","Straight road","Level","Not Applicable","Sealed","Dry","Not Raining","Night","Right Turn","01","Driver Rider","4: Fatal","No Control","","",1517964.37,1509414.9,"15179641509415"
"2016-9333-27/05/2021","2 Metropolitan","SALISBURY PLAIN","5109","CITY OF SALISBURY",2,0,0,0,0,2016,"June","Wednesday","06:20 am","080","Cross Road","Straight road","Level","Not Applicable","Sealed","Wet","Raining","Night","Hit Fixed Object","01","Driver Rider","1: PDO","Traffic Signals","","",1335452.41,1688124.93,"13354521688125"
"2016-9334-27/05/2021","3 Country","GLENBURNIE","5291","DISTRICT COUNCIL OF GRANT",2,0,0,0,0,2016,"June","Tuesday","02:45 pm","080","Cross Road","Straight road","Slope","Not Applicable","Sealed","Wet","Raining","Daylight","Hit Fixed Object","01","Driver Rider","1: PDO","Roundabout","","",1513476.97,1340539.27,"15134771340539"
"2016-9335-27/05/2021","3 Country","KOOLYWURTIE","5575","YORKE PENINSULA COUNCIL",1,0,0,0,0,2016,"June","Tuesday","10:00 am","100","Not Divided","Straight road","Level","Not Applicable","Sealed","Dry","Not Raining","Daylight","Roll Over","01","Driver Rider","1: PDO","No Control","","",1237754.79,1701318.95,"12377551701319"
"2016-9336-27/05/2021","2 Metropolitan","SALISBURY","5108","CITY OF SALISBURY",1,0,0,0,0,2016,"June","Wednesday","07:50 am","060","T-Junction","Straight road","Slope","Not Applicable","Sealed","Wet","Not Raining","Daylight","Roll Over","09","Other","1: PDO","Stop Sign","","",1333598.3,1688752.7,"13335981688753"
"2016-9337-27/05/2021","1 City","ADELAIDE","5000","CITY OF ADELAIDE",2,1,0,0,1,2016,"June","Wednesday","07:10 am","050","Cross Road","Straight road","Level","Not Applicable","Sealed","Wet","Raining","Night","Hit Pedestrian","01","Driver Rider","2: MI","Traffic Signals","","",1329495.88,1671008.62,"13294961671009"
"2016-9338-27/05/2021","3 Country","MYPONGA","5202","DC YANKALILLA.                ",2,0,0,0,0,2016,"June","Saturday","09:30 am","100","Not Divided","CURVED, VIEW OPEN","Level","Not Applicable","Unsealed","Dry","Not Raining","Daylight","Hit Fixed Object","01","Driver Rider","1: PDO","No Control","","",1315091.64,1614677.67,"13150921614678"
"2016-9339-27/05/2021","2 Metropolitan","PARA HILLS","5096","CITY OF SALISBURY",2,1,0,0,1,2016,"June","Wednesday","08:15 am","060","T-Junction","Straight road","Level","Not Applicable","Sealed","Dry","Not Raining","Daylight","Rear End","02","Driver Rider","2: MI","Roundabout","","",1334460.86,1682400.51,"13344611682401"
"2016-9340-27/05/2021","3 Country","PAGES FLAT","5172","ALEXANDRINA COUNCIL",2,0,0,0,0,2016,"June","Tuesday","06:00 pm","100","Not Divided","CURVED, VIEW OPEN","Level","Not Applicable","Sealed","Dry","Not Raining","Night","Hit Animal","02","Animal","1: PDO","No Control","","",1321176.6,1625525.03,"13211771625525"
"2016-9341-27/05/2021","3 Country","ANANGU PITJANTJATJARA YANKUNYTJATJARA","0872",,2,0,0,0,0,2016,"June","Wednesday","09:15 am","100","Not Divided","Straight road","Level","Not Applicable","Unsealed","Wet","Raining","Daylight","Roll Over","01","Driver Rider","1: PDO","No Control","","",638911.96,2622850.05,"06389122622850"
"2016-9342-27/05/2021","2 Metropolitan","PARA HILLS","5096","CITY OF SALISBURY",2,0,0,0,0,2016,"June","Tuesday","01:15 pm","050","T-Junction","Straight road","Level","Not Applicable","Sealed","Dry","Not Raining","Daylight","Rear End","02","Driver Rider","1: PDO","No Control","","Y",1333556.04,1682393.01,"13335561682393"
"2016-9343-27/05/2021","2 Metropolitan","MUNNO PARA","5115","CITY OF PLAYFORD.",3,0,0,0,0,2016,"June","Tuesday","03:25 pm","060","Cross Road","Straight road","Slope","Not Applicable","Sealed","Dry","Not Raining","Daylight","Rear End","01","Driver Rider","1: PDO","Traffic Signals","","",1338214.26,1697718.61,"13382141697719"
"2016-9344-27/05/2021","2 Metropolitan","RIDLEYTON","5008","CITY OF CHARLES STURT",2,0,0,0,0,2016,"June","Wednesday","07:00 am","060","Cross Road","Straight road","Level","Not Applicable","Sealed","Wet","Raining","Night","Right Angle","01","Driver Rider","1: PDO","Stop Sign","","",1326317.87,1674576.99,"13263181674577"
"2016-9345-27/05/2021","2 Metropolitan","WYNN VALE","5127","CITY OF TEA TREE GULLY",2,0,0,0,0,2016,"June","Wednesday","08:55 am","070","T-Junction","CURVED, VIEW OPEN","Slope","Not Applicable","Sealed","Wet","Raining","Daylight","Right Angle","02","Driver Rider","1: PDO","No Control","","",1336816.75,1684469.13,"13368171684469"
"2016-9346-27/05/2021","2 Metropolitan","SALISBURY","5108","CITY OF SALISBURY",2,0,0,0,0,2016,"June","Wednesday","07:55 am","050","Cross Road","Straight road","Level","Not Applicable","Sealed","Wet","Raining","Daylight","Right Turn","01","Driver Rider","1: PDO","No Control","","",1333867.59,1687997.09,"13338681687997"
"2016-9347-27/05/2021","2 Metropolitan","HACKHAM","5163","CITY OF ONKAPARINGA",2,0,0,0,0,2016,"June","Wednesday","11:15 am","060","T-Junction","Straight road","Level","Not Applicable","Sealed","Wet","Not Raining","Daylight","Rear End","01","Driver Rider","1: PDO","No Control","","",1322007.24,1647241.71,"13220071647242"
"2016-9348-27/05/2021","2 Metropolitan","UNLEY PARK","5061","CITY OF UNLEY",2,0,0,0,0,2016,"June","Monday","01:50 pm","060","Not Divided","Straight road","Level","Driveway or Entrance","Sealed","Dry","Not Raining","Daylight","Rear End","02","Driver Rider","1: PDO","No Control","","",1329125.56,1666732.06,"13291261666732"
"2016-9349-27/05/2021","2 Metropolitan","GEPPS CROSS","5094","CITY OF PORT ADELAIDE ENFIELD",2,0,0,0,0,2016,"June","Wednesday","01:15 pm","060","Cross Road","Straight road","Level","Not Applicable","Sealed","Dry","Not Raining","Daylight","Rear End","01","Driver Rider","1: PDO","Traffic Signals","","",1330377.17,1679315.41,"13303771679315"
"2016-9350-27/05/2021","2 Metropolitan","SURREY DOWNS","5126","CITY OF TEA TREE GULLY",2,0,0,0,0,2016,"June","Tuesday","08:15 pm","060","Divided Road","Straight road","Level","Not Applicable","Sealed","Dry","Not Raining","Night","Hit Parked Vehicle","01","Driver Rider","1: PDO","No Control","","",1339649.77,1684403.66,"13396501684404"
"2016-9351-27/05/2021","2 Metropolitan","URRBRAE","5064","CC MITCHAM.                   ",2,0,0,0,0,2016,"June","Wednesday","07:40 am","060","Cross Road","Straight road","Bottom of Hill","Not Applicable","Sealed","Wet","Raining","Daylight","Rear End","02","Driver Rider","1: PDO","Traffic Signals","","",1332373.16,1666370.92,"13323731666371"
"2016-9352-27/05/2021","2 Metropolitan","NORWOOD","5067","CC OF NORWOOD,PAYNEHAM & ST PETERS",2,1,0,0,1,2016,"June","Wednesday","11:10 am","050","Cross Road","Straight road","Level","Not Applicable","Sealed","Wet","Not Raining","Daylight","Rear End","01","Driver Rider","2: MI","Stop Sign","","",1331654.18,1671073.37,"13316541671073"
"2016-9353-27/05/2021","3 Country","VICTOR HARBOR","5211","DC VICTOR HARBOR.             ",1,1,0,0,1,2016,"May","Monday","06:30 pm","050","Cross Road","Straight road","Level","Not Applicable","Sealed","Dry","Not Raining","Night","Roll Over","09","Other","2: MI","Roundabout","","",1328042.46,1600789.66,"13280421600790"
"2016-9354-27/05/2021","2 Metropolitan","PARADISE","5075","CC CAMPBELLTOWN.              ",2,0,0,0,0,2016,"June","Wednesday","02:20 pm","060","T-Junction","Straight road","Level","Not Applicable","Sealed","Dry","Not Raining","Daylight","Right Angle","02","Driver Rider","1: PDO","Stop Sign","","",1335492.04,1676607.54,"13354921676608"
"2016-9355-27/05/2021","2 Metropolitan","WEST HINDMARSH","5007","CITY OF CHARLES STURT",2,0,0,0,0,2016,"June","Monday","05:35 pm","060","Divided Road","Straight road","Level","Not Applicable","Sealed","Dry","Not Raining","Night","Side Swipe","01","Driver Rider","1: PDO","No Control","","",1325460.38,1673101.97,"13254601673102"
"2016-9356-27/05/2021","2 Metropolitan","FULHAM","5024","CITY OF WEST TORRENS",2,0,0,0,0,2016,"June","Wednesday","06:50 am","060","Divided Road","Straight road","Level","Not Applicable","Sealed","Wet","Not Raining","Night","Rear End","02","Driver Rider","1: PDO","No Control","","",1320971.2,1670927.74,"13209711670928"
"2016-9357-27/05/2021","2 Metropolitan","GILLES PLAINS","5086","CITY OF PORT ADELAIDE ENFIELD",2,0,0,0,0,2016,"June","Wednesday","03:30 pm","060","T-Junction","Straight road","Level","Not Applicable","Sealed","Dry","Not Raining","Daylight","Side Swipe","01","Driver Rider","1: PDO","No Control","","",1333916.76,1678182.21,"13339171678182"
"2016-9358-27/05/2021","2 Metropolitan","SALISBURY EAST","5109","CITY OF SALISBURY",2,0,0,0,0,2016,"June","Wednesday","10:45 am","050","Not Divided","Straight road","Level","Driveway or Entrance","Sealed","Dry","Not Raining","Daylight","Hit Parked Vehicle","02","Driver Rider","1: PDO","No Control","","",1335284.26,1687485.29,"13352841687485"
"2016-9359-27/05/2021","2 Metropolitan","HALLETT COVE","5158","CC MARION.                    ",2,1,0,0,1,2016,"June","Wednesday","05:30 pm","080","T-Junction","Straight road","Level","Not Applicable","Sealed","Wet","Not Raining","Night","Rear End","02","Driver Rider","2: MI","Traffic Signals","","",1320547.62,1654071.98,"13205481654072"
"2016-9360-27/05/2021","2 Metropolitan","MAWSON LAKES","5095","CITY OF SALISBURY",2,0,0,0,0,2016,"June","Wednesday","04:15 pm","070","Divided Road","Straight road","Level","Not Applicable","Sealed","Dry","Not Raining","Daylight","Side Swipe","02","Driver Rider","1: PDO","No Control","","",1330396.37,1683962.84,"13303961683963"
"2016-9361-27/05/2021","2 Metropolitan","NORWOOD","5067","CC OF NORWOOD,PAYNEHAM & ST PETERS",2,0,0,0,0,2016,"June","Wednesday","05:20 pm","060","T-Junction","Straight road","Level","Not Applicable","Sealed","Dry","Not Raining","Night","Right Angle","02","Driver Rider","1: PDO","No Control","","",1330621.88,1671303.1,"13306221671303"
"2016-9362-27/05/2021","2 Metropolitan","FINDON","5023","CITY OF CHARLES STURT",2,0,0,0,0,2016,"June","Wednesday","06:00 pm","060","Not Divided","Straight road","Level","Driveway or Entrance","Sealed","Dry","Not Raining","Night","Right Angle","02","Driver Rider","1: PDO","No Control","","",1322418.82,1673153.49,"13224191673153"
"2016-9363-27/05/2021","2 Metropolitan","POORAKA","5095","CITY OF SALISBURY",2,1,0,0,1,2016,"June","Wednesday","03:20 pm","070","T-Junction","Straight road","Level","Not Applicable","Sealed","Dry","Not Raining","Daylight","Hit Fixed Object","01","Driver Rider","2: MI","No Control","","",1331857.42,1681804.01,"13318571681804"
"2016-9364-27/05/2021","2 Metropolitan","INGLE FARM","5098","CITY OF SALISBURY",2,2,0,0,2,2016,"June","Wednesday","06:45 pm","060","T-Junction","Straight road","Slope","Not Applicable","Sealed","Dry","Not Raining","Night","Right Angle","01","Driver Rider","2: MI","No Control","","",1333548.07,1681245.39,"13335481681245"
"2016-9365-27/05/2021","2 Metropolitan","WEST HINDMARSH","5007","CITY OF CHARLES STURT",2,0,0,0,0,2016,"June","Wednesday","08:50 am","060","T-Junction","Straight road","Level","Not Applicable","Sealed","Wet","Raining","Daylight","Rear End","02","Driver Rider","1: PDO","No Control","","",1325248.95,1673165.7,"13252491673166"
"2016-9366-27/05/2021","2 Metropolitan","GEPPS CROSS","5094","CITY OF PORT ADELAIDE ENFIELD",2,0,0,0,0,2016,"June","Wednesday","02:40 pm","060","Multiple","Straight road","Level","Not Applicable","Sealed","Dry","Not Raining","Daylight","Rear End","02","Driver Rider","1: PDO","Traffic Signals","","",1328802.51,1679265.44,"13288031679265"
"2016-9367-27/05/2021","3 Country","THRINGTON","5552","COPPER COAST DISTRICT COUNCIL",3,0,0,0,0,2016,"June","Thursday","12:50 am","100","Not Divided","Straight road","Level","Not Applicable","Sealed","Wet","Not Raining","Night","Hit Object on Road","01","Driver Rider","1: PDO","No Control","","",1256280.6,1776856.23,"12562811776856"