"REPORT_ID","Stats Area","Suburb","Postcode","LGA Name","Total Units","Total Cas","Total Fats","Total SI","Total MI","Year","Month","Day","Time","Area Speed","Position Type","Horizontal Align","Vertical Align","Other Feat","Road Surface","Moisture Cond","Weather Cond","DayNight","Crash Type","Unit Resp","Entity Code","CSEF Severity","Traffic Ctrls","DUI Involved","Drugs Involved","ACCLOC_X","ACCLOC_Y","UNIQUE_LOC"
"2016-9939-27/05/2021","3 Country","REDBANKS","5502","DC MALLALA.                   ",1,1,0,0,1,2016,"June","Tuesday","07:15 am","100","Not Divided","Straight road","Level","Not Applicable","Unsealed","Wet","Raining","Night","Roll Over","01","Driver Rider","2: MI","No Control","","Y",1328736.12,1720877.92,"13287361720878"
"2016-9940-27/05/2021","2 Metropolitan","WATERLOO CORNER","5110","CITY OF SALISBURY",2,0,0,0,0,2016,"June","Tuesday","03:45 pm","090","T-Junction","Straight road","Level","Not Applicable","Sealed","Dry","Not Raining","Daylight","Rear End","02","Driver Rider","1: PDO","Traffic Signals","","",1327645.93,1692118.06,"13276461692118"
"2016-9941-27/05/2021","2 Metropolitan","SEACLIFF PARK","5049","CITY OF HOLDFAST BAY",3,0,0,0,0,2016,"June","Wednesday","08:10 am","060","Divided Road","Straight road","Slope","Not Applicable","Sealed","Dry","Not Raining","Daylight","Rear End","02","Driver Rider","1: PDO","No Control","","",1321205.26,1658646.8,"13212051658647"
"2016-9942-27/05/2021","2 Metropolitan","ELIZABETH NORTH","5113","CITY OF PLAYFORD.",2,0,0,0,0,2016,"June","Wednesday","12:00 pm","080","Cross Road","Straight road","Level","Not Applicable","Sealed","Dry","Not Raining","Daylight","Right Turn","02","Driver Rider","1: PDO","Traffic Signals","","",1336943,1695475.26,"13369431695475"
"2016-9943-27/05/2021","2 Metropolitan","GEPPS CROSS","5094","CITY OF PORT ADELAIDE ENFIELD",2,0,0,0,0,2016,"June","Tuesday","01:20 pm","060","Divided Road","Straight road","Level","Not Applicable","Sealed","Dry","Not Raining","Daylight","Rear End","01","Driver Rider","1: PDO","No Control","","",1328829.69,1679295.79,"13288301679296"
"2016-9944-27/05/2021","3 Country","PANDURRA","5715",,1,1,0,0,1,2016,"June","Wednesday","06:30 am","110","Not Divided","CURVED, VIEW OBSCURED","Level","Not Applicable","Sealed","Dry","Not Raining","Night","Roll Over","01","Driver Rider","2: MI","No Control","","",1228546.53,1927869.7,"12285471927870"
"2016-9945-27/05/2021","2 Metropolitan","RIDLEYTON","5008","CITY OF CHARLES STURT",3,0,0,0,0,2016,"June","Wednesday","10:50 am","060","Cross Road","Straight road","Level","Not Applicable","Sealed","Dry","Not Raining","Daylight","Right Turn","01","Driver Rider","1: PDO","Traffic Signals","","",1325910.89,1674899.36,"13259111674899"
"2016-9946-27/05/2021","2 Metropolitan","KILKENNY","5009","CITY OF CHARLES STURT",2,0,0,0,0,2016,"February","Monday","12:05 pm","060","Divided Road","Straight road","Level","Not Applicable","Sealed","Dry","Not Raining","Daylight","Side Swipe","02","Driver Rider","1: PDO","No Control","","",1324603.67,1676330.74,"13246041676331"
"2016-9947-27/05/2021","2 Metropolitan","ELIZABETH VALE","5112","CITY OF PLAYFORD.",2,0,0,0,0,2016,"June","Tuesday","09:00 pm","080","Divided Road","CURVED, VIEW OPEN","Level","Not Applicable","Sealed","Wet","Raining","Night","Hit Fixed Object","01","Driver Rider","1: PDO","No Control","","",1336363.62,1689555.53,"13363641689556"
"2016-9948-27/05/2021","2 Metropolitan","ATHOL PARK","5012","CITY OF CHARLES STURT",2,0,0,0,0,2016,"June","Wednesday","09:20 am","050","Not Divided","Straight road","Level","Not Applicable","Sealed","Dry","Not Raining","Daylight","Head On","02","Driver Rider","1: PDO","No Control","","",1323487.36,1678279.92,"13234871678280"
"2016-9949-27/05/2021","2 Metropolitan","NAILSWORTH","5083","CITY OF PROSPECT",2,1,0,0,1,2016,"June","Wednesday","08:05 am","060","T-Junction","Straight road","Level","Not Applicable","Sealed","Dry","Not Raining","Daylight","Right Turn","02","Driver Rider","2: MI","No Control","","",1328917.57,1674760.92,"13289181674761"
"2016-9950-27/05/2021","2 Metropolitan","HENLEY BEACH","5022","CITY OF CHARLES STURT",2,0,0,0,0,2016,"June","Wednesday","08:20 am","050","Cross Road","Straight road","Level","Not Applicable","Sealed","Dry","Not Raining","Daylight","Right Angle","02","Driver Rider","1: PDO","Roundabout","","",1319462.08,1672008.58,"13194621672009"
"2016-9951-27/05/2021","2 Metropolitan","WAYVILLE","5034","CITY OF UNLEY",2,0,0,0,0,2016,"June","Wednesday","01:45 pm","060","Cross Road","Straight road","Level","Not Applicable","Sealed","Wet","Not Raining","Daylight","Right Turn","02","Driver Rider","1: PDO","Stop Sign","","",1327432.28,1668780.47,"13274321668780"
"2016-9952-27/05/2021","2 Metropolitan","ST MORRIS","5068","CC OF NORWOOD,PAYNEHAM & ST PETERS",2,1,0,0,1,2016,"June","Wednesday","01:45 pm","060","Not Divided","Straight road","Level","Not Applicable","Sealed","Dry","Not Raining","Daylight","Rear End","02","Driver Rider","2: MI","No Control","","",1333860.9,1671855.9,"13338611671856"
"2016-9953-27/05/2021","2 Metropolitan","GLENSIDE","5065","CITY OF BURNSIDE",2,0,0,0,0,2016,"June","Wednesday","09:45 am","060","T-Junction","Straight road","Level","Not Applicable","Sealed","Dry","Not Raining","Daylight","Right Angle","01","Driver Rider","1: PDO","Traffic Signals","","",1331512.1,1669024.3,"13315121669024"
"2016-9954-27/05/2021","2 Metropolitan","UNLEY","5061","CITY OF UNLEY",2,1,0,0,1,2016,"June","Monday","09:05 am","060","Not Divided","Straight road","Level","Not Applicable","Sealed","Wet","Raining","Daylight","Side Swipe","02","Driver Rider","2: MI","No Control","","",1329078.53,1668246.13,"13290791668246"
"2016-9955-27/05/2021","2 Metropolitan","MORPHETTVILLE","5043","CC MARION.                    ",2,0,0,0,0,2016,"June","Wednesday","08:45 am","050","T-Junction","Straight road","Level","Not Applicable","Sealed","Dry","Not Raining","Daylight","Right Angle","02","Driver Rider","1: PDO","Give Way Sign","","",1323445.92,1663883.08,"13234461663883"
"2016-9956-27/05/2021","2 Metropolitan","PROSPECT","5082","WALKERVILLE TOWN COUNCIL",2,0,0,0,0,2016,"June","Wednesday","06:45 am","060","Divided Road","Straight road","Level","Not Applicable","Sealed","Dry","Not Raining","Night","Side Swipe","02","Driver Rider","1: PDO","No Control","","",1328884.24,1674186.16,"13288841674186"
"2016-9957-27/05/2021","2 Metropolitan","PARA HILLS","5096","CITY OF SALISBURY",2,1,0,0,1,2016,"June","Wednesday","09:30 am","050","Not Divided","Straight road","Level","Not Applicable","Sealed","Dry","Not Raining","Daylight","Hit Parked Vehicle","02","Driver Rider","2: MI","No Control","","",1333890.64,1683342.08,"13338911683342"
"2016-9958-27/05/2021","2 Metropolitan","MELROSE PARK","5039","CC MITCHAM.                   ",1,0,0,0,0,2016,"June","Tuesday","09:30 pm","060","Divided Road","Straight road","Level","Not Applicable","Sealed","Wet","Raining","Night","Left Road - Out of Control","01","Driver Rider","1: PDO","No Control","","",1325964.73,1663344.89,"13259651663345"
"2016-9959-27/05/2021","2 Metropolitan","PARKSIDE","5063","CITY OF UNLEY",2,0,0,0,0,2016,"June","Wednesday","01:50 pm","060","Cross Road","Straight road","Level","Not Applicable","Sealed","Dry","Not Raining","Daylight","Rear End","02","Driver Rider","1: PDO","Traffic Signals","","",1329057.06,1668981.6,"13290571668982"
"2016-9960-27/05/2021","1 City","NORTH ADELAIDE","5006","CITY OF ADELAIDE",3,0,0,0,0,2016,"June","Wednesday","01:35 pm","050","Not Divided","Straight road","Level","Not Applicable","Sealed","Dry","Not Raining","Daylight","Hit Parked Vehicle","01","Driver Rider","1: PDO","No Control","","",1327879.02,1672482.87,"13278791672483"
"2016-9961-27/05/2021","2 Metropolitan","NOARLUNGA CENTRE","5168","CITY OF ONKAPARINGA",4,0,0,0,0,2016,"June","Tuesday","03:50 pm","060","Divided Road","Straight road","Level","Not Applicable","Sealed","Wet","Raining","Daylight","Rear End","01","Driver Rider","1: PDO","No Control","","",1317428.44,1647427.68,"13174281647428"
"2016-9962-27/05/2021","2 Metropolitan","WAYVILLE","5034","CITY OF UNLEY",3,0,0,0,0,2016,"June","Wednesday","01:35 pm","060","Cross Road","Straight road","Level","Not Applicable","Sealed","Dry","Not Raining","Daylight","Rear End","02","Driver Rider","1: PDO","Stop Sign","","",1327432.27,1668780.47,"13274321668780"
"2016-9963-27/05/2021","2 Metropolitan","PARAFIELD GARDENS","5107","CITY OF SALISBURY",2,0,0,0,0,2016,"June","Wednesday","06:30 pm","060","T-Junction","Straight road","Level","Not Applicable","Sealed","Dry","Not Raining","Night","Right Angle","01","Driver Rider","1: PDO","No Control","","",1330063.42,1686922.77,"13300631686923"
"2016-9964-27/05/2021","2 Metropolitan","GAWLER SOUTH","5118","CT GAWLER.                    ",2,0,0,0,0,2016,"June","Wednesday","06:05 pm","050","T-Junction","Straight road","Level","Not Applicable","Sealed","Dry","Not Raining","Night","Right Angle","02","Driver Rider","1: PDO","No Control","","",1342497.39,1705539.35,"13424971705539"
"2016-9965-27/05/2021","2 Metropolitan","HAPPY VALLEY","5159","CITY OF ONKAPARINGA",2,0,0,0,0,2016,"June","Tuesday","08:40 pm","080","Divided Road","Straight road","Slope","Not Applicable","Sealed","Wet","Raining","Night","Hit Fixed Object","01","Driver Rider","1: PDO","No Control","","",1325777.2,1656595.57,"13257771656596"
"2016-9966-27/05/2021","2 Metropolitan","MOUNT BARKER","5251","DC MT.BARKER.                 ",2,0,0,0,0,2016,"June","Wednesday","04:55 pm","050","T-Junction","Straight road","Slope","Not Applicable","Sealed","Dry","Not Raining","Daylight","Right Angle","01","Driver Rider","1: PDO","No Control","","",1351648.65,1653478.65,"13516491653479"
"2016-9967-27/05/2021","2 Metropolitan","HUNTFIELD HEIGHTS","5163","CITY OF ONKAPARINGA",2,1,0,0,1,2016,"June","Wednesday","07:15 pm","060","Cross Road","Straight road","Bottom of Hill","Not Applicable","Sealed","Dry","Not Raining","Night","Hit Fixed Object","01","Driver Rider","2: MI","Traffic Signals","","",1320882.43,1646368.02,"13208821646368"
"2016-9968-27/05/2021","2 Metropolitan","CHELTENHAM","5014","CITY OF CHARLES STURT",2,1,0,1,0,2016,"June","Wednesday","09:05 pm","050","Cross Road","Straight road","Level","Not Applicable","Sealed","Dry","Not Raining","Night","Right Angle","02","Driver Rider","3: SI","Roundabout","","",1321599.32,1677634.29,"13215991677634"
"2016-9969-27/05/2021","3 Country","PENWORTHAM","5453","CLARE AND GILBERT VALLEYS DISTRICT COUNCIL",2,0,0,0,0,2016,"June","Wednesday","08:00 pm","080","Not Divided","Straight road","Level","Not Applicable","Sealed","Wet","Raining","Night","Hit Parked Vehicle","01","Driver Rider","1: PDO","No Control","","",1335760.42,1781187,"13357601781187"
"2016-9970-27/05/2021","2 Metropolitan","MILE END","5031","CITY OF WEST TORRENS",2,0,0,0,0,2016,"June","Wednesday","05:00 pm","060","T-Junction","CURVED, VIEW OPEN","Level","Not Applicable","Sealed","Dry","Not Raining","Daylight","Rear End","01","Driver Rider","1: PDO","Traffic Signals","","",1326279.99,1670246.25,"13262801670246"
"2016-9971-27/05/2021","1 City","ADELAIDE","5000","CITY OF ADELAIDE",2,1,0,0,1,2016,"June","Wednesday","05:30 am","050","Divided Road","Straight road","Level","Not Applicable","Sealed","Dry","Not Raining","Night","Hit Pedestrian","02","Driver Rider","2: MI","No Control","","",1329018.15,1670927.48,"13290181670927"
"2016-9972-27/05/2021","2 Metropolitan","FULHAM","5024","CITY OF WEST TORRENS",2,0,0,0,0,2016,"June","Wednesday","11:20 pm","060","T-Junction","Straight road","Level","Not Applicable","Sealed","Dry","Not Raining","Night","Head On","02","Driver Rider","1: PDO","No Control","","",1321078.65,1670853.99,"13210791670854"
"2016-9973-27/05/2021","2 Metropolitan","WYNN VALE","5127","CITY OF TEA TREE GULLY",2,2,0,0,2,2016,"June","Wednesday","12:50 pm","080","Divided Road","CURVED, VIEW OPEN","Level","Not Applicable","Sealed","Dry","Not Raining","Daylight","Rear End","02","Driver Rider","2: MI","No Control","","",1335732.36,1683132.57,"13357321683133"
"2016-9974-27/05/2021","2 Metropolitan","ATHELSTONE","5076","CC CAMPBELLTOWN.              ",2,0,0,0,0,2016,"June","Thursday","03:50 am","060","Cross Road","Straight road","Slope","Not Applicable","Sealed","Wet","Raining","Night","Hit Fixed Object","01","Driver Rider","1: PDO","Roundabout","","",1337033.54,1674736.87,"13370341674737"
"2016-9975-27/05/2021","2 Metropolitan","EDINBURGH","5111","CITY OF SALISBURY",2,0,0,0,0,2016,"June","Thursday","07:45 am","080","Cross Road","Straight road","Level","Not Applicable","Sealed","Dry","Not Raining","Daylight","Right Angle","01","Driver Rider","1: PDO","Roundabout","","",1333520.75,1693631.71,"13335211693632"
"2016-9976-27/05/2021","2 Metropolitan","GLENSIDE","5065","CITY OF BURNSIDE",3,0,0,0,0,2016,"June","Wednesday","02:45 pm","060","Cross Road","Straight road","Level","Not Applicable","Sealed","Dry","Not Raining","Daylight","Rear End","02","Driver Rider","1: PDO","Traffic Signals","","",1330671.58,1669013.23,"13306721669013"
"2016-9977-27/05/2021","2 Metropolitan","COLONEL LIGHT GARDENS","5041","CC MITCHAM.                   ",3,0,0,0,0,2016,"June","Thursday","07:25 am","060","T-Junction","Straight road","Slope","Not Applicable","Sealed","Dry","Not Raining","Daylight","Rear End","01","Driver Rider","1: PDO","No Control","","",1328145.5,1663504.11,"13281461663504"
"2016-9978-27/05/2021","3 Country","COWELL","5602","DC FRANKLIN HARBOR.           ",2,0,0,0,0,2016,"June","Wednesday","05:15 pm","060","Cross Road","Straight road","Level","Not Applicable","Sealed","Dry","Not Raining","Night","Right Angle","02","Driver Rider","1: PDO","Give Way Sign","","",1177652.32,1812302.51,"11776521812303"
"2016-9979-27/05/2021","2 Metropolitan","PENFIELD GARDENS","5121","CITY OF PLAYFORD.",2,0,0,0,0,2016,"June","Thursday","08:42 am","080","Cross Road","Straight road","Level","Not Applicable","Sealed","Dry","Not Raining","Daylight","Right Angle","02","Driver Rider","1: PDO","Give Way Sign","","",1328945.63,1700236.7,"13289461700237"
"2016-9980-27/05/2021","2 Metropolitan","LEAWOOD GARDENS","5150","CC MITCHAM.                   ",1,1,0,0,1,2016,"June","Thursday","07:15 am","060","Divided Road","Straight road","Level","Not Applicable","Sealed","Wet","Not Raining","Night","Roll Over","01","Passenger","2: MI","No Control","","",1334643.77,1665186.28,"13346441665186"
"2016-9981-27/05/2021","2 Metropolitan","PARK HOLME","5043","CC MARION.                    ",2,0,0,0,0,2016,"June","Wednesday","03:15 pm","060","T-Junction","Straight road","Level","Not Applicable","Sealed","Dry","Not Raining","Daylight","Right Angle","02","Driver Rider","1: PDO","No Control","","",1323838.65,1663120.33,"13238391663120"
"2016-9982-27/05/2021","3 Country","MULLAQUANA","5601","CC WHYALLA.                   ",2,0,0,0,0,2016,"June","Thursday","10:50 am","100","Not Divided","Straight road","Level","Not Applicable","Sealed","Dry","Not Raining","Daylight","Hit Fixed Object","01","Driver Rider","1: PDO","No Control","","",1236238.7,1880324.62,"12362391880325"
"2016-9983-27/05/2021","2 Metropolitan","FULHAM","5024","CITY OF WEST TORRENS",2,0,0,0,0,2016,"June","Thursday","11:00 am","060","Divided Road","Straight road","Level","Not Applicable","Sealed","Wet","Raining","Daylight","Rear End","02","Driver Rider","1: PDO","No Control","","",1320965.6,1670542.61,"13209661670543"
"2016-9984-27/05/2021","2 Metropolitan","STURT","5047","CC MARION.                    ",2,1,0,0,1,2016,"June","Thursday","11:00 am","060","Divided Road","Straight road","Level","Driveway or Entrance","Sealed","Wet","Raining","Daylight","Right Turn","02","Driver Rider","2: MI","No Control","","",1323787.51,1660656.45,"13237881660656"
"2016-9985-27/05/2021","2 Metropolitan","PARA HILLS WEST","5096","CITY OF SALISBURY",3,0,0,0,0,2016,"June","Thursday","06:50 am","060","T-Junction","Straight road","Level","Not Applicable","Sealed","Dry","Not Raining","Night","Right Turn","01","Driver Rider","1: PDO","No Control","","",1332718.48,1682786.02,"13327181682786"
"2016-9986-27/05/2021","2 Metropolitan","DRY CREEK","5094","CITY OF SALISBURY",2,0,0,0,0,2016,"June","Thursday","06:48 am","090","Freeway","Straight road","Level","Not Applicable","Sealed","Wet","Raining","Night","Rear End","01","Driver Rider","1: PDO","No Control","","",1328393.9,1682939.84,"13283941682940"
"2016-9987-27/05/2021","2 Metropolitan","OLD NOARLUNGA","5168","CITY OF ONKAPARINGA",4,0,0,0,0,2016,"June","Wednesday","11:00 am","060","Not Divided","Straight road","Slope","Not Applicable","Sealed","Dry","Not Raining","Daylight","Rear End","02","Driver Rider","1: PDO","No Control","","",1318000.51,1642110.04,"13180011642110"
"2016-9988-27/05/2021","2 Metropolitan","FITZROY","5006","CITY OF PROSPECT",3,0,0,0,0,2016,"June","Sunday","08:15 am","060","Cross Road","Straight road","Level","Not Applicable","Sealed","Dry","Not Raining","Daylight","Rear End","01","Driver Rider","1: PDO","Traffic Signals","","",1327513.27,1673636.83,"13275131673637"
"2016-9989-27/05/2021","2 Metropolitan","BLAIR ATHOL","5084","CITY OF PORT ADELAIDE ENFIELD",3,1,0,0,1,2016,"June","Thursday","10:25 am","050","T-Junction","Straight road","Level","Not Applicable","Sealed","Wet","Raining","Daylight","Rear End","01","Driver Rider","2: MI","No Control","","",1328040.18,1677535.74,"13280401677536"
"2016-9990-27/05/2021","2 Metropolitan","GOODWOOD","5034","CITY OF UNLEY",2,1,0,0,1,2016,"June","Wednesday","02:50 pm","060","Divided Road","Straight road","Level","Not Applicable","Sealed","Dry","Not Raining","Daylight","Side Swipe","02","Driver Rider","2: MI","No Control","","",1327451.84,1668120.57,"13274521668121"
"2016-9991-27/05/2021","3 Country","GIFFORD HILL","5253","RC MURRAY BRIDGE.             ",2,0,0,0,0,2016,"February","Tuesday","10:43 am","110","Freeway","Straight road","Level","Not Applicable","Sealed","Dry","Not Raining","Daylight","Rear End","01","Driver Rider","1: PDO","No Control","","",1382292.03,1643609.71,"13822921643610"
"2016-9992-27/05/2021","2 Metropolitan","GEPPS CROSS","5094","CITY OF PORT ADELAIDE ENFIELD",2,0,0,0,0,2016,"June","Thursday","02:00 pm","070","Divided Road","Straight road","Level","Not Applicable","Sealed","Wet","Raining","Daylight","Rear End","02","Driver Rider","1: PDO","No Control","","",1329461.69,1680296.42,"13294621680296"
"2016-9993-27/05/2021","2 Metropolitan","GLENELG","5045","CITY OF HOLDFAST BAY",2,0,0,0,0,2016,"June","Thursday","02:36 pm","040","Not Divided","Straight road","Level","Not Applicable","Sealed","Wet","Raining","Daylight","Side Swipe","01","Driver Rider","1: PDO","No Control","","",1320739.87,1664892.34,"13207401664892"
"2016-9994-27/05/2021","2 Metropolitan","REGENCY PARK","5010","CITY OF PORT ADELAIDE ENFIELD",2,0,0,0,0,2016,"June","Thursday","01:38 pm","060","Cross Road","Straight road","Level","Not Applicable","Sealed","Wet","Raining","Daylight","Rear End","02","Driver Rider","1: PDO","Traffic Signals","","",1326061.02,1676376.98,"13260611676377"
"2016-9995-27/05/2021","2 Metropolitan","INGLE FARM","5098","CITY OF SALISBURY",2,1,0,0,1,2016,"June","Wednesday","05:00 pm","060","T-Junction","Straight road","Level","Not Applicable","Sealed","Dry","Not Raining","Daylight","Rear End","02","Driver Rider","2: MI","No Control","","",1331613.82,1680458.13,"13316141680458"
"2016-9996-27/05/2021","2 Metropolitan","BEVERLEY","5009","CITY OF CHARLES STURT",2,0,0,0,0,2016,"June","Thursday","03:00 pm","050","Cross Road","Straight road","Level","Not Applicable","Sealed","Wet","Raining","Daylight","Right Angle","02","Driver Rider","1: PDO","Stop Sign","","",1323726.47,1674307.8,"13237261674308"
"2016-9997-27/05/2021","2 Metropolitan","POORAKA","5095","CITY OF SALISBURY",2,1,0,0,1,2016,"June","Thursday","01:15 pm","080","T-Junction","Straight road","Level","Not Applicable","Sealed","Wet","Raining","Daylight","Right Angle","02","Driver Rider","2: MI","Stop Sign","","",1331536.65,1683142.51,"13315371683143"
"2016-9998-27/05/2021","3 Country","BOOBOROWIE","5417","REGIONAL COUNCIL OF GOYDER",1,0,0,0,0,2016,"June","Thursday","12:50 pm","110","Not Divided","Straight road","Level","Driveway or Entrance","Unsealed","Dry","Not Raining","Daylight","Roll Over","01","Driver Rider","1: PDO","No Control","","",1345034.52,1818621.82,"13450351818622"
"2016-9999-27/05/2021","2 Metropolitan","PARALOWIE","5108","CITY OF SALISBURY",2,1,0,0,1,2016,"June","Thursday","02:30 pm","060","T-Junction","Straight road","Level","Not Applicable","Sealed","Wet","Raining","Daylight","Side Swipe","02","Driver Rider","2: MI","No Control","","",1330642.46,1690433.81,"13306421690434"
"2016-10000-27/05/2021","2 Metropolitan","BROOKLYN PARK","5032","CITY OF WEST TORRENS",2,0,0,0,0,2016,"June","Thursday","03:20 pm","060","T-Junction","Straight road","Level","Not Applicable","Sealed","Wet","Raining","Daylight","Right Turn","02","Driver Rider","1: PDO","No Control","","",1323492.39,1670922.43,"13234921670922"
"2016-10001-27/05/2021","2 Metropolitan","TORRENSVILLE","5031","CITY OF WEST TORRENS",2,0,0,0,0,2016,"June","Thursday","05:00 pm","060","Divided Road","Straight road","Level","Not Applicable","Sealed","Wet","Not Raining","Daylight","Side Swipe","02","Driver Rider","1: PDO","No Control","","",1325391.17,1672115.57,"13253911672116"
"2016-10002-27/05/2021","2 Metropolitan","CRAIGMORE","5114","CITY OF PLAYFORD.",2,0,0,0,0,2016,"June","Thursday","03:45 pm","060","T-Junction","Straight road","Level","Not Applicable","Sealed","Wet","Raining","Daylight","Right Turn","02","Driver Rider","1: PDO","Give Way Sign","","",1339119.6,1694449.6,"13391201694450"
"2016-10003-27/05/2021","2 Metropolitan","EVANSTON SOUTH","5116","CT GAWLER.                    ",2,0,0,0,0,2016,"June","Thursday","02:50 pm","080","Cross Road","Straight road","Level","Not Applicable","Sealed","Wet","Raining","Daylight","Rear End","01","Driver Rider","1: PDO","Stop Sign","","",1339551.26,1700125.05,"13395511700125"
"2016-10004-27/05/2021","2 Metropolitan","OLD REYNELLA","5161","CITY OF ONKAPARINGA",3,3,0,1,2,2016,"June","Thursday","03:05 pm","050","T-Junction","Straight road","Slope","Not Applicable","Sealed","Wet","Raining","Daylight","Right Angle","01","Driver Rider","3: SI","No Control","","",1322536.39,1652226.66,"13225361652227"
"2016-10005-27/05/2021","3 Country","GLENCOE","5291","WATTLE RANGE COUNCIL",2,1,0,0,1,2016,"June","Thursday","04:30 pm","100","Not Divided","CURVED, VIEW OPEN","Slope","Not Applicable","Sealed","Wet","Raining","Daylight","Hit Fixed Object","01","Driver Rider","2: MI","No Control","","",1489442.87,1357721.7,"14894431357722"
"2016-10006-27/05/2021","2 Metropolitan","SEATON","5023","CITY OF CHARLES STURT",2,0,0,0,0,2016,"June","Thursday","08:30 am","050","Cross Road","Straight road","Level","Not Applicable","Sealed","Dry","Not Raining","Daylight","Right Angle","02","Driver Rider","1: PDO","Give Way Sign","","",1321277.86,1675645.16,"13212781675645"
"2016-10007-27/05/2021","2 Metropolitan","MEDINDIE","5081","WALKERVILLE TOWN COUNCIL",2,0,0,0,0,2016,"June","Thursday","08:00 am","060","Cross Road","Straight road","Level","Not Applicable","Sealed","Dry","Not Raining","Daylight","Right Turn","02","Driver Rider","1: PDO","Give Way Sign","","",1328641.39,1673957.67,"13286411673958"
"2016-10008-27/05/2021","2 Metropolitan","PAECHTOWN","5245","DC MT.BARKER.                 ",2,0,0,0,0,2016,"March","Wednesday","06:35 pm","110","Freeway","Straight road","Level","Not Applicable","Sealed","Wet","Raining","Daylight","Hit Fixed Object","01","Driver Rider","1: PDO","No Control","","",1348413.44,1656354.51,"13484131656355"
"2016-10009-27/05/2021","2 Metropolitan","OVINGHAM","5082","CITY OF PROSPECT",2,0,0,0,0,2016,"June","Thursday","05:05 pm","060","Cross Road","Straight road","Level","Not Applicable","Sealed","Wet","Raining","Daylight","Rear End","02","Driver Rider","1: PDO","Traffic Signals","","",1327262,1673837.29,"13272621673837"
"2016-10010-27/05/2021","2 Metropolitan","FITZROY","5082","CITY OF PROSPECT",2,0,0,0,0,2016,"June","Thursday","07:54 am","060","Divided Road","Straight road","Level","Not Applicable","Sealed","Wet","Not Raining","Daylight","Side Swipe","01","Driver Rider","1: PDO","No Control","","",1327716.4,1673846.58,"13277161673847"
"2016-10011-27/05/2021","2 Metropolitan","WEST BEACH","5024","CITY OF WEST TORRENS",3,1,0,0,1,2016,"June","Wednesday","04:55 pm","080","Divided Road","Straight road","Level","Not Applicable","Sealed","Wet","Not Raining","Daylight","Rear End","01","Driver Rider","2: MI","No Control","","",1320924.01,1669001.93,"13209241669002"
"2016-10012-27/05/2021","2 Metropolitan","RENOWN PARK","5008","CITY OF CHARLES STURT",2,0,0,0,0,2016,"June","Thursday","04:30 pm","060","Cross Road","Straight road","Level","Roadworks","Sealed","Wet","Not Raining","Daylight","Hit Parked Vehicle","01","Driver Rider","1: PDO","Give Way Sign","","",1326081.4,1675134.06,"13260811675134"
"2016-10013-27/05/2021","1 City","ADELAIDE","5000","CITY OF ADELAIDE",2,0,0,0,0,2016,"June","Thursday","03:30 pm","050","T-Junction","Straight road","Level","Not Applicable","Sealed","Wet","Raining","Daylight","Rear End","02","Driver Rider","1: PDO","No Control","","",1327538.32,1671108.73,"13275381671109"
"2016-10014-27/05/2021","2 Metropolitan","CROYDON PARK","5008","CITY OF PORT ADELAIDE ENFIELD",2,0,0,0,0,2016,"June","Wednesday","07:05 pm","060","T-Junction","Straight road","Level","Not Applicable","Sealed","Wet","Not Raining","Night","Right Turn","02","Driver Rider","1: PDO","No Control","","",1325056.79,1676341.66,"13250571676342"
"2016-10015-27/05/2021","2 Metropolitan","MCLAREN VALE","5171","CITY OF ONKAPARINGA",2,1,0,0,1,2016,"June","Thursday","07:15 pm","080","Not Divided","CURVED, VIEW OPEN","Level","Not Applicable","Sealed","Wet","Raining","Night","Hit Fixed Object","01","Driver Rider","2: MI","No Control","","",1325812.12,1637690.9,"13258121637691"
"2016-10016-27/05/2021","1 City","ADELAIDE","5000","CITY OF ADELAIDE",2,0,0,0,0,2016,"June","Thursday","02:40 pm","050","Cross Road","Straight road","Level","Not Applicable","Sealed","Wet","Raining","Daylight","Right Angle","01","Driver Rider","1: PDO","Traffic Signals","","",1327947.46,1669708.15,"13279471669708"
"2016-10017-27/05/2021","2 Metropolitan","SEMAPHORE SOUTH","5019","CITY OF PORT ADELAIDE ENFIELD",3,0,0,0,0,2016,"June","Thursday","08:30 pm","060","Not Divided","Straight road","Level","Not Applicable","Sealed","Wet","Unknown","Night","Hit Parked Vehicle","02","Driver Rider","1: PDO","No Control","","",1317911.11,1679773.62,"13179111679774"
"2016-10018-27/05/2021","1 City","NORTH ADELAIDE","5006","CITY OF ADELAIDE",2,0,0,0,0,2016,"June","Thursday","10:40 pm","060","Divided Road","Straight road","Level","Not Applicable","Sealed","Dry","Not Raining","Night","Rear End","01","Driver Rider","1: PDO","No Control","","",1328302.96,1673626.04,"13283031673626"
"2016-10019-27/05/2021","2 Metropolitan","DOVER GARDENS","5048","CC MARION.                    ",1,0,0,0,0,2016,"June","Thursday","10:30 pm","050","T-Junction","Straight road","Level","Not Applicable","Sealed","Dry","Not Raining","Night","Left Road - Out of Control","01","Driver Rider","1: PDO","No Control","","",1322579.82,1660185.38,"13225801660185"
"2016-10020-27/05/2021","2 Metropolitan","ALDGATE","5154","THE ADELAIDE HILLS COUNCIL",2,1,0,0,1,2016,"June","Friday","02:20 am","050","Not Divided","CURVED, VIEW OBSCURED","Slope","Not Applicable","Sealed","Wet","Raining","Night","Hit Fixed Object","01","Driver Rider","2: MI","No Control","","",1339997.59,1661385.16,"13399981661385"