"REPORT_ID","Stats Area","Suburb","Postcode","LGA Name","Total Units","Total Cas","Total Fats","Total SI","Total MI","Year","Month","Day","Time","Area Speed","Position Type","Horizontal Align","Vertical Align","Other Feat","Road Surface","Moisture Cond","Weather Cond","DayNight","Crash Type","Unit Resp","Entity Code","CSEF Severity","Traffic Ctrls","DUI Involved","Drugs Involved","ACCLOC_X","ACCLOC_Y","UNIQUE_LOC"
"2016-10021-27/05/2021","2 Metropolitan","SEATON","5023","CITY OF CHARLES STURT",2,0,0,0,0,2016,"June","Friday","04:15 am","060","T-Junction","Straight road","Level","Not Applicable","Sealed","Wet","Not Raining","Night","Hit Fixed Object","01","Driver Rider","1: PDO","Traffic Signals","","",1320746.99,1674887.01,"13207471674887"
"2016-10022-27/05/2021","3 Country","MURRAY BRIDGE NORTH","5253","RC MURRAY BRIDGE.             ",2,1,0,0,1,2016,"June","Friday","06:10 am","080","T-Junction","CURVED, VIEW OPEN","Slope","Not Applicable","Sealed","Wet","Not Raining","Night","Right Angle","02","Driver Rider","2: MI","No Control","","",1387386.4,1649765.14,"13873861649765"
"2016-10023-27/05/2021","2 Metropolitan","CHANDLERS HILL","5159","CITY OF ONKAPARINGA",2,0,0,0,0,2016,"June","Friday","07:25 am","070","T-Junction","CURVED, VIEW OPEN","Slope","Not Applicable","Sealed","Wet","Not Raining","Daylight","Rear End","02","Driver Rider","1: PDO","Give Way Sign","","",1329630.87,1652860.91,"13296311652861"
"2016-10024-27/05/2021","2 Metropolitan","VALLEY VIEW","5093","CITY OF PORT ADELAIDE ENFIELD",2,1,0,0,1,2016,"June","Thursday","01:45 pm","060","T-Junction","Straight road","Level","Not Applicable","Sealed","Wet","Raining","Daylight","Rear End","01","Driver Rider","2: MI","Traffic Signals","","",1334550.17,1679386.94,"13345501679387"
"2016-10025-27/05/2021","3 Country","CLEVE","5640","DC CLEVE.                     ",1,0,0,0,0,2016,"June","Friday","01:30 am","110","Not Divided","CURVED, VIEW OBSCURED","Slope","Not Applicable","Sealed","Wet","Raining","Night","Roll Over","01","Driver Rider","1: PDO","No Control","","",1138230.55,1816750.63,"11382311816751"
"2016-10026-27/05/2021","2 Metropolitan","WOODCROFT","5162","CITY OF ONKAPARINGA",2,0,0,0,0,2016,"June","Thursday","03:45 pm","050","T-Junction","Straight road","Level","Not Applicable","Sealed","Wet","Not Raining","Daylight","Rear End","02","Driver Rider","1: PDO","No Control","","",1323362.5,1651721.61,"13233631651722"
"2016-10027-27/05/2021","2 Metropolitan","CAMDEN PARK","5038","CITY OF WEST TORRENS",2,2,0,0,2,2016,"June","Thursday","04:20 pm","060","Not Divided","Straight road","Level","Not Applicable","Sealed","Dry","Not Raining","Daylight","Rear End","02","Driver Rider","2: MI","No Control","","",1322632.56,1667004.73,"13226331667005"
"2016-10028-27/05/2021","2 Metropolitan","KANGAROO FLAT","5118","LIGHT REGIONAL COUNCIL",2,2,0,0,2,2016,"June","Friday","08:25 am","100","T-Junction","Straight road","Level","Not Applicable","Sealed","Wet","Raining","Daylight","Hit Fixed Object","01","Driver Rider","2: MI","No Control","","Y",1338365.82,1712489.96,"13383661712490"
"2016-10029-27/05/2021","2 Metropolitan","SALISBURY PLAIN","5109","CITY OF SALISBURY",2,0,0,0,0,2016,"June","Thursday","02:30 pm","060","Cross Road","Straight road","Level","Not Applicable","Sealed","Wet","Raining","Daylight","Side Swipe","01","Driver Rider","1: PDO","Roundabout","","",1333807.7,1687916.19,"13338081687916"
"2016-10030-27/05/2021","2 Metropolitan","HACKNEY","5069","CC OF NORWOOD,PAYNEHAM & ST PETERS",3,0,0,0,0,2016,"June","Thursday","05:50 pm","060","Cross Road","Straight road","Level","Not Applicable","Sealed","Wet","Not Raining","Night","Rear End","02","Driver Rider","1: PDO","Traffic Signals","","",1329902.14,1671311.39,"13299021671311"
"2016-10031-27/05/2021","2 Metropolitan","QUEENSTOWN","5014","CITY OF PORT ADELAIDE ENFIELD",2,0,0,0,0,2016,"June","Friday","10:00 am","060","T-Junction","Straight road","Level","Not Applicable","Sealed","Dry","Not Raining","Daylight","Hit Pedestrian","02","Pedestrian","1: PDO","Give Way Sign","","",1320769.66,1678230.42,"13207701678230"
"2016-10032-27/05/2021","2 Metropolitan","KERSBROOK","5231","THE ADELAIDE HILLS COUNCIL",2,0,0,0,0,2016,"June","Friday","07:40 am","100","Not Divided","Straight road","Slope","Not Applicable","Sealed","Wet","Raining","Daylight","Head On","01","Driver Rider","1: PDO","No Control","","",1351715.57,1684632.4,"13517161684632"
"2016-10033-27/05/2021","2 Metropolitan","GLENELG NORTH","5045","CITY OF HOLDFAST BAY",2,0,0,0,0,2016,"June","Friday","09:25 am","050","Cross Road","Straight road","Level","Not Applicable","Sealed","Dry","Not Raining","Daylight","Right Turn","01","Driver Rider","1: PDO","No Control","","",1321815.89,1665527.32,"13218161665527"
"2016-10034-27/05/2021","2 Metropolitan","BOLIVAR","5110","CITY OF SALISBURY",2,1,0,0,1,2016,"June","Friday","05:10 am","090","Divided Road","Straight road","Level","Not Applicable","Sealed","Wet","Raining","Night","Side Swipe","02","Driver Rider","2: MI","No Control","","",1328299,1689344.65,"13282991689345"
"2016-10035-27/05/2021","2 Metropolitan","FULHAM","5024","CITY OF WEST TORRENS",2,0,0,0,0,2016,"June","Thursday","09:45 am","060","Not Divided","Straight road","Level","Not Applicable","Sealed","Dry","Not Raining","Daylight","Hit Fixed Object","01","Driver Rider","1: PDO","No Control","","",1320960.28,1670437.35,"13209601670437"
"2016-10036-27/05/2021","2 Metropolitan","MILE END","5031","CITY OF WEST TORRENS",2,0,0,0,0,2016,"June","Thursday","05:00 pm","060","Divided Road","Straight road","Level","Not Applicable","Sealed","Wet","Not Raining","Daylight","Side Swipe","02","Driver Rider","1: PDO","No Control","","",1325741.22,1670950.38,"13257411670950"
"2016-10037-27/05/2021","2 Metropolitan","KLEMZIG","5087","CITY OF PORT ADELAIDE ENFIELD",3,0,0,0,0,2016,"June","Friday","09:45 am","060","Divided Road","Straight road","Level","Roadworks","Sealed","Wet","Not Raining","Daylight","Rear End","02","Driver Rider","1: PDO","No Control","","",1332137.56,1676635.03,"13321381676635"
"2016-10038-27/05/2021","3 Country","BULL CREEK","5157","ALEXANDRINA COUNCIL",2,2,0,0,2,2016,"June","Friday","07:45 am","080","Not Divided","Straight road","Level","Not Applicable","Sealed","Wet","Not Raining","Daylight","Hit Fixed Object","01","Driver Rider","2: MI","No Control","","",1341799.67,1633522.06,"13418001633522"
"2016-10039-27/05/2021","3 Country","MOUNT JAGGED","5211","ALEXANDRINA COUNCIL",2,0,0,0,0,2016,"June","Friday","12:30 pm","100","Not Divided","Straight road","Slope","Not Applicable","Sealed","Wet","Not Raining","Daylight","Rear End","02","Driver Rider","1: PDO","No Control","","",1329684.14,1616707.21,"13296841616707"
"2016-10040-27/05/2021","2 Metropolitan","ASHFORD","5035","CITY OF WEST TORRENS",2,1,0,0,1,2016,"June","Friday","08:35 am","060","Divided Road","CURVED, VIEW OPEN","Level","Median Opening (not at I/S)","Sealed","Dry","Not Raining","Daylight","Right Turn","01","Driver Rider","2: MI","No Control","","",1326237.77,1668069.8,"13262381668070"
"2016-10041-27/05/2021","2 Metropolitan","KENSINGTON","5068","CC OF NORWOOD,PAYNEHAM & ST PETERS",2,1,0,0,1,2016,"June","Friday","08:20 am","060","T-Junction","Straight road","Level","Not Applicable","Sealed","Dry","Not Raining","Daylight","Right Turn","01","Driver Rider","2: MI","No Control","","",1332704.45,1671084.38,"13327041671084"
"2016-10042-27/05/2021","2 Metropolitan","SOUTH PLYMPTON","5038","CC MARION.                    ",3,0,0,0,0,2016,"June","Friday","12:30 pm","060","Divided Road","Straight road","Level","Not Applicable","Sealed","Dry","Not Raining","Daylight","Rear End","02","Driver Rider","1: PDO","No Control","","",1324241.84,1665986.47,"13242421665986"
"2016-10043-27/05/2021","2 Metropolitan","HENLEY BEACH","5022","CITY OF CHARLES STURT",2,0,0,0,0,2016,"June","Friday","02:00 pm","040","Not Divided","Straight road","Level","Not Applicable","Sealed","Dry","Not Raining","Daylight","Right Angle","02","Driver Rider","1: PDO","No Control","","",1318943.97,1671856.03,"13189441671856"
"2016-10044-27/05/2021","2 Metropolitan","WOODVILLE PARK","5011","CITY OF CHARLES STURT",3,0,0,0,0,2016,"June","Thursday","10:40 pm","060","Not Divided","Straight road","Level","Not Applicable","Sealed","Wet","Not Raining","Night","Rear End","01","Driver Rider","1: PDO","No Control","","",1323967.53,1675154.4,"13239681675154"
"2016-10045-27/05/2021","2 Metropolitan","MILE END","5031","CITY OF WEST TORRENS",2,0,0,0,0,2016,"June","Thursday","04:00 pm","060","T-Junction","Straight road","Level","Not Applicable","Sealed","Wet","Raining","Daylight","Rear End","02","Driver Rider","1: PDO","Traffic Signals","","",1326279.99,1670246.25,"13262801670246"
"2016-10046-27/05/2021","3 Country","NARACOORTE","5271","DC NARACOORTE & LUCINDALE.",2,0,0,0,0,2016,"June","Friday","03:34 pm","060","Divided Road","Straight road","Level","Driveway or Entrance","Sealed","Wet","Not Raining","Daylight","Rear End","02","Driver Rider","1: PDO","No Control","","",1510787.05,1437535.63,"15107871437536"
"2016-10047-27/05/2021","2 Metropolitan","WAYVILLE","5034","CITY OF UNLEY",2,0,0,0,0,2016,"June","Friday","01:00 pm","040","Not Divided","Straight road","Level","Not Applicable","Sealed","Dry","Not Raining","Daylight","Hit Parked Vehicle","02","Driver Rider","1: PDO","No Control","","",1327537.68,1668520.63,"13275381668521"
"2016-10048-27/05/2021","2 Metropolitan","KIDMAN PARK","5025","CITY OF CHARLES STURT",2,0,0,0,0,2016,"June","Friday","04:00 pm","060","Divided Road","Straight road","Level","Driveway or Entrance","Sealed","Wet","Not Raining","Daylight","Right Angle","02","Driver Rider","1: PDO","No Control","","",1322305.1,1673117.04,"13223051673117"
"2016-10049-27/05/2021","2 Metropolitan","SEAFORD MEADOWS","5169","CITY OF ONKAPARINGA",2,0,0,0,0,2016,"June","Friday","03:45 pm","060","Not Divided","Straight road","Slope","Not Applicable","Sealed","Dry","Not Raining","Daylight","Rear End","02","Driver Rider","1: PDO","No Control","","",1317593.68,1642798.34,"13175941642798"
"2016-10050-27/05/2021","2 Metropolitan","LARGS BAY","5016","CITY OF PORT ADELAIDE ENFIELD",2,1,0,0,1,2016,"June","Friday","11:30 am","060","Divided Road","Straight road","Level","Driveway or Entrance","Sealed","Dry","Not Raining","Daylight","Hit Pedestrian","02","Driver Rider","2: MI","No Control","","",1318867.37,1682180.45,"13188671682180"
"2016-10051-27/05/2021","2 Metropolitan","GLOBE DERBY PARK","5110","CITY OF SALISBURY",4,0,0,0,0,2016,"June","Thursday","02:00 pm","080","Divided Road","Straight road","Level","Not Applicable","Sealed","Wet","Raining","Daylight","Rear End","01","Driver Rider","1: PDO","No Control","","",1328694.98,1685341.18,"13286951685341"
"2016-10052-27/05/2021","2 Metropolitan","UNDERDALE","5032","CITY OF WEST TORRENS",2,1,0,0,1,2016,"June","Friday","08:20 am","060","T-Junction","Straight road","Level","Not Applicable","Sealed","Dry","Not Raining","Daylight","Right Angle","02","Driver Rider","2: MI","No Control","","",1323836.68,1671456.66,"13238371671457"
"2016-10053-27/05/2021","2 Metropolitan","ROSEWATER","5013","CITY OF PORT ADELAIDE ENFIELD",2,0,0,0,0,2016,"June","Friday","04:25 pm","060","Divided Road","Straight road","Level","Driveway or Entrance","Sealed","Dry","Not Raining","Daylight","Rear End","01","Driver Rider","1: PDO","No Control","","",1322179.79,1679112.53,"13221801679113"
"2016-10054-27/05/2021","1 City","ADELAIDE","5000","CITY OF ADELAIDE",2,1,0,1,0,2016,"June","Friday","04:31 pm","050","Cross Road","Straight road","Level","Not Applicable","Sealed","Dry","Not Raining","Daylight","Hit Pedestrian","02","Pedestrian","3: SI","Give Way Sign","","",1329600.23,1670064.42,"13296001670064"
"2016-10055-27/05/2021","1 City","ADELAIDE","5000","CITY OF ADELAIDE",2,1,0,0,1,2016,"June","Friday","05:45 pm","050","T-Junction","Straight road","Level","Not Applicable","Sealed","Dry","Not Raining","Night","Right Angle","01","Driver Rider","2: MI","No Control","","",1328379,1669875.23,"13283791669875"
"2016-10056-27/05/2021","2 Metropolitan","UNDERDALE","5032","CITY OF WEST TORRENS",2,2,0,0,2,2016,"June","Friday","07:55 pm","060","T-Junction","Straight road","Level","Not Applicable","Sealed","Dry","Not Raining","Night","Rear End","02","Driver Rider","2: MI","Traffic Signals","","",1323829.19,1671602.14,"13238291671602"
"2016-10057-27/05/2021","3 Country","MURRAY BRIDGE SOUTH","5253","RC MURRAY BRIDGE.             ",3,0,0,0,0,2016,"June","Friday","10:15 pm","110","T-Junction","Straight road","Bottom of Hill","Bridge, Culvert, Causeway","Sealed","Wet","Unknown","Night","Hit Fixed Object","01","Driver Rider","1: PDO","No Control","","",1390127.97,1643362.85,"13901281643363"
"2016-10058-27/05/2021","2 Metropolitan","KLEMZIG","5087","CITY OF PORT ADELAIDE ENFIELD",3,0,0,0,0,2016,"June","Friday","05:55 pm","060","T-Junction","Straight road","Slope","Unknown","Sealed","Dry","Not Raining","Night","Rear End","01","Driver Rider","1: PDO","No Control","","",1332275.38,1676755.51,"13322751676756"
"2016-10059-27/05/2021","3 Country","PORT LINCOLN","5606","CC PT.LINCOLN.                ",3,4,0,1,3,2016,"June","Friday","08:40 pm","060","Divided Road","Straight road","Level","Not Applicable","Sealed","Dry","Not Raining","Night","Hit Fixed Object","01","Driver Rider","3: SI","No Control","","Y",1078408.87,1697686.4,"10784091697686"
"2016-10060-27/05/2021","2 Metropolitan","SALISBURY EAST","5109","CITY OF SALISBURY",2,0,0,0,0,2016,"June","Friday","10:40 pm","050","Not Divided","Straight road","Level","Not Applicable","Sealed","Dry","Not Raining","Night","Hit Parked Vehicle","01","Driver Rider","1: PDO","No Control","","",1334370.31,1685896.73,"13343701685897"
"2016-10061-27/05/2021","2 Metropolitan","CROYDON PARK","5008","CITY OF PORT ADELAIDE ENFIELD",3,1,0,1,0,2016,"June","Friday","08:47 pm","060","Divided Road","CURVED, VIEW OPEN","Level","Not Applicable","Sealed","Dry","Not Raining","Night","Hit Fixed Object","01","Driver Rider","3: SI","No Control","","",1326004.62,1675153.84,"13260051675154"
"2016-10062-27/05/2021","2 Metropolitan","BRIGHTON","5048","CITY OF HOLDFAST BAY",2,0,0,0,0,2016,"June","Saturday","12:24 am","050","Not Divided","Straight road","Level","Not Applicable","Sealed","Dry","Not Raining","Night","Hit Fixed Object","01","Driver Rider","1: PDO","No Control","","",1320835.17,1660954.92,"13208351660955"
"2016-10063-27/05/2021","1 City","ADELAIDE","5000","CITY OF ADELAIDE",2,0,0,0,0,2016,"June","Saturday","02:50 am","050","Not Divided","Straight road","Level","Not Applicable","Sealed","Dry","Not Raining","Night","Side Swipe","01","Driver Rider","1: PDO","No Control","","",1327516.83,1670160.46,"13275171670160"
"2016-10064-27/05/2021","2 Metropolitan","TOTNESS","5250","DC MT.BARKER.                 ",2,0,0,0,0,2016,"June","Saturday","06:15 am","080","Cross Road","Straight road","Level","Not Applicable","Sealed","Dry","Not Raining","Night","Right Angle","02","Driver Rider","1: PDO","Traffic Signals","","",1350979.54,1655304.8,"13509801655305"
"2016-10065-27/05/2021","2 Metropolitan","KIDMAN PARK","5025","CITY OF CHARLES STURT",2,0,0,0,0,2016,"June","Saturday","11:15 am","060","Not Divided","CURVED, VIEW OPEN","Level","Not Applicable","Sealed","Dry","Not Raining","Daylight","Right Angle","01","Driver Rider","1: PDO","No Control","","",1321617.93,1673096.29,"13216181673096"
"2016-10066-27/05/2021","2 Metropolitan","CLEARVIEW","5085","CITY OF PORT ADELAIDE ENFIELD",2,0,0,0,0,2016,"June","Friday","07:40 am","060","Not Divided","Straight road","Slope","Not Applicable","Sealed","Dry","Not Raining","Daylight","Side Swipe","01","Driver Rider","1: PDO","No Control","","",1330262.12,1677854.57,"13302621677855"
"2016-10067-27/05/2021","2 Metropolitan","ECHUNGA","5153","DC MT.BARKER.                 ",2,0,0,0,0,2016,"June","Saturday","11:00 am","080","Not Divided","CURVED, VIEW OPEN","Slope","Not Applicable","Sealed","Dry","Not Raining","Daylight","Hit Fixed Object","01","Driver Rider","1: PDO","No Control","","",1347062.87,1650550.24,"13470631650550"
"2016-10068-27/05/2021","2 Metropolitan","PARA HILLS WEST","5096","CITY OF SALISBURY",3,1,0,0,1,2016,"June","Saturday","10:40 am","060","Divided Road","Straight road","Level","Not Applicable","Sealed","Dry","Not Raining","Daylight","Side Swipe","02","Driver Rider","2: MI","No Control","","",1333749.3,1684099.51,"13337491684100"
"2016-10069-27/05/2021","3 Country","WELBOURN HILL","5724",,1,2,0,1,1,2016,"June","Friday","04:30 pm","110","Not Divided","Straight road","Level","Not Applicable","Sealed","Dry","Not Raining","Daylight","Roll Over","01","Driver Rider","3: SI","No Control","","",871738.85,2506600.75,"08717392506601"
"2016-10070-27/05/2021","2 Metropolitan","STURT","5047","CC MARION.                    ",2,1,0,0,1,2016,"June","Saturday","11:15 am","060","Cross Road","Straight road","Level","Not Applicable","Sealed","Dry","Not Raining","Daylight","Rear End","02","Driver Rider","2: MI","Traffic Signals","","",1324404.88,1660668.91,"13244051660669"
"2016-10071-27/05/2021","2 Metropolitan","KESWICK","5035","CITY OF WEST TORRENS",2,1,0,0,1,2016,"June","Saturday","12:30 pm","050","Not Divided","Straight road","Level","Driveway or Entrance","Sealed","Dry","Not Raining","Daylight","Hit Pedestrian","02","Driver Rider","2: MI","No Control","","",1326025.26,1668642.33,"13260251668642"
"2016-10072-27/05/2021","2 Metropolitan","ELIZABETH","5112","CITY OF PLAYFORD.",2,0,0,0,0,2016,"June","Saturday","12:45 pm","080","Divided Road","Straight road","Level","Not Applicable","Sealed","Dry","Not Raining","Daylight","Rear End","02","Driver Rider","1: PDO","No Control","","",1335959.6,1693109.72,"13359601693110"
"2016-10073-27/05/2021","2 Metropolitan","HENDON","5014","CITY OF CHARLES STURT",2,1,0,0,1,2016,"June","Saturday","12:55 pm","050","Cross Road","Straight road","Level","Not Applicable","Sealed","Dry","Not Raining","Daylight","Right Angle","01","Driver Rider","2: MI","Give Way Sign","","",1320844.27,1677352.86,"13208441677353"
"2016-10074-27/05/2021","2 Metropolitan","BANKSIA PARK","5091","CITY OF TEA TREE GULLY",1,1,0,0,1,2016,"June","Saturday","11:10 am","040","Not Divided","Straight road","Slope","Not Applicable","Sealed","Dry","Not Raining","Daylight","Roll Over","01","Driver Rider","2: MI","No Control","","",1340813.8,1683497.84,"13408141683498"
"2016-10075-27/05/2021","3 Country","VICTOR HARBOR","5211","DC VICTOR HARBOR.             ",2,0,0,0,0,2016,"June","Saturday","10:15 am","060","Cross Road","Straight road","Level","Not Applicable","Sealed","Dry","Not Raining","Daylight","Right Angle","01","Driver Rider","1: PDO","Give Way Sign","","",1327860.03,1601080.58,"13278601601081"
"2016-10076-27/05/2021","3 Country","MILLICENT","5280","WATTLE RANGE COUNCIL",2,0,0,0,0,2016,"June","Saturday","01:55 pm","080","T-Junction","Straight road","Level","Not Applicable","Sealed","Dry","Not Raining","Daylight","Hit Fixed Object","01","Driver Rider","1: PDO","No Control","","",1470703.82,1369396.97,"14707041369397"
"2016-10077-27/05/2021","2 Metropolitan","TRINITY GARDENS","5068","CC OF NORWOOD,PAYNEHAM & ST PETERS",2,0,0,0,0,2016,"June","Saturday","01:30 pm","050","Cross Road","Straight road","Level","Not Applicable","Sealed","Dry","Not Raining","Daylight","Right Angle","02","Driver Rider","1: PDO","Give Way Sign","","",1332344.25,1672049.19,"13323441672049"
"2016-10078-27/05/2021","3 Country","WAIKERIE","5330","LOXTON WAIKERIE DISTRICT COUNCIL",2,0,0,0,0,2016,"June","Saturday","02:30 pm","100","Not Divided","Straight road","Level","Not Applicable","Sealed","Dry","Not Raining","Daylight","Hit Fixed Object","01","Driver Rider","1: PDO","No Control","","",1460076.63,1745542.25,"14600771745542"
"2016-10079-27/05/2021","2 Metropolitan","QUEENSTOWN","5014","CITY OF PORT ADELAIDE ENFIELD",2,0,0,0,0,2016,"June","Thursday","06:00 pm","060","T-Junction","Straight road","Level","Not Applicable","Sealed","Wet","Raining","Night","Right Angle","01","Driver Rider","1: PDO","Give Way Sign","","",1320906.52,1678043.71,"13209071678044"
"2016-10080-27/05/2021","2 Metropolitan","MORPHETT VALE","5162","CITY OF ONKAPARINGA",2,0,0,0,0,2016,"June","Saturday","03:35 pm","050","T-Junction","CURVED, VIEW OBSCURED","Level","Not Applicable","Sealed","Dry","Not Raining","Daylight","Right Angle","02","Driver Rider","1: PDO","No Control","","",1322417.62,1648545.82,"13224181648546"
"2016-10081-27/05/2021","2 Metropolitan","SALISBURY EAST","5109","CITY OF SALISBURY",3,0,0,0,0,2016,"June","Saturday","02:45 pm","050","Divided Road","Straight road","Level","Not Applicable","Sealed","Dry","Not Raining","Daylight","Hit Fixed Object","01","Driver Rider","1: PDO","No Control","","",1333821.65,1685319.03,"13338221685319"
"2016-10082-27/05/2021","2 Metropolitan","WOODCROFT","5162","CITY OF ONKAPARINGA",2,1,0,0,1,2016,"June","Friday","01:57 pm","080","T-Junction","Straight road","Level","Not Applicable","Sealed","Dry","Not Raining","Daylight","Hit Fixed Object","01","Driver Rider","2: MI","No Control","","",1323038.11,1651772.65,"13230381651773"
"2016-10083-27/05/2021","2 Metropolitan","PAYNEHAM","5070","CC OF NORWOOD,PAYNEHAM & ST PETERS",2,1,0,0,1,2016,"June","Friday","04:40 pm","060","Cross Road","Straight road","Level","Not Applicable","Sealed","Dry","Not Raining","Daylight","Right Angle","01","Driver Rider","2: MI","Give Way Sign","","",1332195.52,1673371.88,"13321961673372"
"2016-10084-27/05/2021","2 Metropolitan","URRBRAE","5064","CC MITCHAM.                   ",2,1,0,0,1,2016,"June","Saturday","05:45 pm","060","Cross Road","Straight road","Level","Not Applicable","Sealed","Dry","Not Raining","Night","Hit Pedestrian","02","Driver Rider","2: MI","Traffic Signals","","",1330765.11,1666293.95,"13307651666294"
"2016-10085-27/05/2021","2 Metropolitan","CRAIGMORE","5114","CITY OF PLAYFORD.",2,0,0,0,0,2016,"June","Saturday","05:40 pm","060","T-Junction","Straight road","Level","Not Applicable","Sealed","Dry","Not Raining","Night","Right Turn","02","Driver Rider","1: PDO","Give Way Sign","","",1339119.6,1694449.6,"13391201694450"
"2016-10086-27/05/2021","2 Metropolitan","MELROSE PARK","5039","CC MITCHAM.                   ",2,0,0,0,0,2016,"June","Saturday","06:15 pm","060","Cross Road","Straight road","Level","Not Applicable","Sealed","Dry","Not Raining","Night","Right Turn","02","Driver Rider","1: PDO","Traffic Signals","","",1325912.16,1664946.07,"13259121664946"
"2016-10087-27/05/2021","2 Metropolitan","ELIZABETH","5112","CITY OF PLAYFORD.",2,0,0,0,0,2016,"June","Saturday","08:15 pm","060","T-Junction","Straight road","Level","Not Applicable","Sealed","Dry","Not Raining","Night","Right Angle","02","Driver Rider","1: PDO","Traffic Signals","","",1335579.02,1693066.01,"13355791693066"
"2016-10088-27/05/2021","2 Metropolitan","WALKERVILLE","5081","WALKERVILLE TOWN COUNCIL",2,0,0,0,0,2016,"June","Saturday","05:50 pm","060","Divided Road","Straight road","Level","Not Applicable","Sealed","Dry","Not Raining","Night","Rear End","02","Driver Rider","1: PDO","No Control","","",1330087.73,1674865.7,"13300881674866"
"2016-10089-27/05/2021","2 Metropolitan","EDINBURGH NORTH","5113","CITY OF PLAYFORD.",2,0,0,0,0,2016,"June","Saturday","05:30 pm","060","Y-Junction","CURVED, VIEW OPEN","Level","Not Applicable","Sealed","Dry","Not Raining","Night","Rear End","02","Driver Rider","1: PDO","Roundabout","","",1334921.32,1694319.83,"13349211694320"
"2016-10090-27/05/2021","2 Metropolitan","PORT ADELAIDE","5015","CITY OF PORT ADELAIDE ENFIELD",2,1,1,0,0,2016,"June","Saturday","06:06 pm","060","Divided Road","Straight road","Level","Not Applicable","Sealed","Dry","Not Raining","Night","Hit Pedestrian","02","Pedestrian","4: Fatal","No Control","","",1320538.53,1679084.98,"13205391679085"
"2016-10091-27/05/2021","2 Metropolitan","MAGILL","5072","CC CAMPBELLTOWN.              ",2,0,0,0,0,2016,"June","Saturday","06:15 pm","060","T-Junction","Straight road","Level","Driveway or Entrance","Sealed","Dry","Not Raining","Night","Side Swipe","02","Driver Rider","1: PDO","No Control","","",1335456.06,1672873.54,"13354561672874"
"2016-10092-27/05/2021","3 Country","NURIOOTPA","5355","THE BAROSSA COUNCIL.",2,0,0,0,0,2016,"June","Saturday","07:40 pm","060","Cross Road","Straight road","Level","Not Applicable","Sealed","Dry","Not Raining","Night","Right Angle","02","Driver Rider","1: PDO","Give Way Sign","","",1365347.68,1719916.25,"13653481719916"
"2016-10093-27/05/2021","2 Metropolitan","VIRGINIA","5120","CITY OF PLAYFORD.",2,2,0,2,0,2016,"June","Sunday","12:29 am","110","Divided Road","Straight road","Level","Not Applicable","Sealed","Dry","Not Raining","Night","Hit Fixed Object","01","Driver Rider","3: SI","No Control","","",1323546.91,1702020.02,"13235471702020"
"2016-10094-27/05/2021","2 Metropolitan","ST PETERS","5069","CC OF NORWOOD,PAYNEHAM & ST PETERS",4,0,0,0,0,2016,"June","Sunday","02:11 am","050","Not Divided","Straight road","Level","Not Applicable","Sealed","Dry","Not Raining","Night","Hit Parked Vehicle","01","Driver Rider","1: PDO","No Control","Y","",1330519.2,1673413.88,"13305191673414"
"2016-10095-27/05/2021","2 Metropolitan","LEAWOOD GARDENS","5150","CC MITCHAM.                   ",2,1,0,1,0,2016,"June","Saturday","11:35 am","100","Freeway","Straight road","Slope","Not Applicable","Sealed","Dry","Not Raining","Daylight","Side Swipe","02","Driver Rider","3: SI","No Control","","",1334399.25,1665878.33,"13343991665878"
"2016-10096-27/05/2021","2 Metropolitan","ADELAIDE","5000","CITY OF UNLEY",2,0,0,0,0,2016,"June","Saturday","01:13 pm","060","Divided Road","Straight road","Level","Not Applicable","Sealed","Dry","Not Raining","Daylight","Rear End","01","Driver Rider","1: PDO","No Control","","",1328272.33,1668959.24,"13282721668959"
"2016-10097-27/05/2021","2 Metropolitan","NETLEY","5037","CITY OF WEST TORRENS",2,1,0,0,1,2016,"June","Sunday","06:30 am","060","Cross Road","Straight road","Level","Not Applicable","Sealed","Dry","Not Raining","Night","Rear End","02","Driver Rider","2: MI","Traffic Signals","Y","",1324166.39,1668906.15,"13241661668906"
"2016-10098-27/05/2021","2 Metropolitan","NETLEY","5037","CITY OF WEST TORRENS",2,0,0,0,0,2016,"June","Sunday","06:45 am","060","Not Divided","Straight road","Level","Not Applicable","Sealed","Dry","Not Raining","Night","Hit Fixed Object","01","Driver Rider","1: PDO","No Control","Y","",1323355.99,1668882.11,"13233561668882"
"2016-10099-27/05/2021","2 Metropolitan","MASLIN BEACH","5170","CITY OF ONKAPARINGA",2,0,0,0,0,2016,"June","Thursday","07:00 pm","080","Not Divided","Straight road","Level","Not Applicable","Sealed","Wet","Not Raining","Night","Hit Fixed Object","01","Driver Rider","1: PDO","No Control","","",1316539.41,1636442.34,"13165391636442"
"2016-10100-27/05/2021","2 Metropolitan","GLENGOWRIE","5044","CC MARION.                    ",2,0,0,0,0,2016,"June","Saturday","12:30 pm","060","Not Divided","Straight road","Level","Not Applicable","Sealed","Dry","Not Raining","Daylight","Side Swipe","01","Driver Rider","1: PDO","No Control","","",1322642.1,1665170.91,"13226421665171"
"2016-10101-27/05/2021","2 Metropolitan","DARLINGTON","5047","CC MARION.                    ",2,0,0,0,0,2016,"June","Saturday","06:00 pm","070","Divided Road","Straight road","Level","Not Applicable","Sealed","Dry","Not Raining","Night","Side Swipe","02","Driver Rider","1: PDO","No Control","","",1324743.03,1659964.13,"13247431659964"