"REPORT_ID","Stats Area","Suburb","Postcode","LGA Name","Total Units","Total Cas","Total Fats","Total SI","Total MI","Year","Month","Day","Time","Area Speed","Position Type","Horizontal Align","Vertical Align","Other Feat","Road Surface","Moisture Cond","Weather Cond","DayNight","Crash Type","Unit Resp","Entity Code","CSEF Severity","Traffic Ctrls","DUI Involved","Drugs Involved","ACCLOC_X","ACCLOC_Y","UNIQUE_LOC"
"2016-10507-27/05/2021","2 Metropolitan","FERRYDEN PARK","5010","CITY OF PORT ADELAIDE ENFIELD",2,1,0,0,1,2016,"July","Monday","07:30 am","060","Divided Road","Straight road","Level","Not Applicable","Sealed","Wet","Raining","Daylight","Hit Fixed Object","01","Driver Rider","2: MI","No Control","","",1325301.44,1676356.44,"13253011676356"
"2016-10508-27/05/2021","2 Metropolitan","ALDINGA","5173","CITY OF ONKAPARINGA",2,0,0,0,0,2016,"July","Monday","05:20 am","080","Not Divided","Straight road","Level","Not Applicable","Sealed","Dry","Not Raining","Night","Hit Fixed Object","01","Driver Rider","1: PDO","No Control","","",1316570.64,1635080.14,"13165711635080"
"2016-10509-27/05/2021","2 Metropolitan","ALBERTON","5014","CITY OF PORT ADELAIDE ENFIELD",2,0,0,0,0,2016,"July","Monday","08:20 am","060","Divided Road","Straight road","Level","Not Applicable","Sealed","Wet","Not Raining","Daylight","Side Swipe","01","Driver Rider","1: PDO","No Control","","",1320565.64,1678795.77,"13205661678796"
"2016-10510-27/05/2021","2 Metropolitan","PARAFIELD GARDENS","5107","CITY OF SALISBURY",2,0,0,0,0,2016,"July","Monday","08:45 am","070","Cross Road","Straight road","Level","Not Applicable","Sealed","Wet","Raining","Daylight","Right Angle","02","Driver Rider","1: PDO","Roundabout","","",1329053.39,1685667.81,"13290531685668"
"2016-10511-27/05/2021","2 Metropolitan","KILKENNY","5009","CITY OF CHARLES STURT",2,1,0,0,1,2016,"July","Monday","09:40 am","060","T-Junction","CURVED, VIEW OPEN","Level","Not Applicable","Sealed","Wet","Not Raining","Daylight","Right Angle","01","Driver Rider","2: MI","Stop Sign","","",1324336.95,1676334.48,"13243371676334"
"2016-10512-27/05/2021","2 Metropolitan","WELLAND","5007","CITY OF CHARLES STURT",3,0,0,0,0,2016,"July","Monday","10:30 am","050","Not Divided","Straight road","Level","Not Applicable","Sealed","Wet","Not Raining","Daylight","Hit Parked Vehicle","01","Driver Rider","1: PDO","No Control","","",1324731.93,1672855.19,"13247321672855"
"2016-10513-27/05/2021","2 Metropolitan","CHRISTIE DOWNS","5164","CITY OF ONKAPARINGA",2,1,0,0,1,2016,"July","Monday","10:36 am","060","T-Junction","Straight road","Level","Not Applicable","Sealed","Wet","Raining","Daylight","Rear End","02","Driver Rider","2: MI","No Control","","",1318084.96,1647453.05,"13180851647453"
"2016-10514-27/05/2021","2 Metropolitan","HAZELWOOD PARK","5066","CITY OF BURNSIDE",2,0,0,0,0,2016,"July","Sunday","10:45 pm","060","Cross Road","Straight road","Level","Not Applicable","Sealed","Wet","Not Raining","Night","Hit Fixed Object","01","Driver Rider","1: PDO","Roundabout","","",1333935.99,1669099.19,"13339361669099"
"2016-10515-27/05/2021","2 Metropolitan","WELLAND","5007","CITY OF CHARLES STURT",3,0,0,0,0,2016,"July","Monday","11:00 am","050","T-Junction","Straight road","Level","Not Applicable","Sealed","Dry","Not Raining","Daylight","Hit Parked Vehicle","09","Other","1: PDO","No Control","","",1324737.87,1672643.51,"13247381672644"
"2016-10516-27/05/2021","2 Metropolitan","MEDINDIE","5081","WALKERVILLE TOWN COUNCIL",2,0,0,0,0,2016,"July","Monday","11:55 am","060","Divided Road","Straight road","Level","Not Applicable","Sealed","Wet","Raining","Daylight","Side Swipe","01","Driver Rider","1: PDO","No Control","","",1328834.4,1674139.53,"13288341674140"
"2016-10517-27/05/2021","3 Country","BARMERA","5345","THE BERRI BARMERA COUNCIL",2,0,0,0,0,2016,"July","Sunday","03:05 pm","090","Not Divided","Straight road","Level","Not Applicable","Sealed","Dry","Not Raining","Daylight","Hit Animal","02","Animal","1: PDO","No Control","","",1505278.72,1737007.38,"15052791737007"
"2016-10518-27/05/2021","3 Country","GERMAN CREEK","5291","DISTRICT COUNCIL OF GRANT",2,0,0,0,0,2016,"July","Monday","12:00 pm","110","Not Divided","Straight road","Level","Driveway or Entrance","Sealed","Wet","Raining","Daylight","Hit Fixed Object","01","Driver Rider","1: PDO","No Control","","",1490882.52,1338765.65,"14908831338766"
"2016-10519-27/05/2021","2 Metropolitan","HINDMARSH","5007","CITY OF CHARLES STURT",2,0,0,0,0,2016,"July","Monday","11:30 am","060","T-Junction","Straight road","Level","Not Applicable","Sealed","Wet","Raining","Daylight","Right Angle","01","Driver Rider","1: PDO","No Control","","",1325569.24,1673049.69,"13255691673050"
"2016-10520-27/05/2021","2 Metropolitan","BRIDGEWATER","5155","THE ADELAIDE HILLS COUNCIL",2,0,0,0,0,2016,"July","Sunday","04:45 am","050","Not Divided","CURVED, VIEW OBSCURED","Slope","Not Applicable","Sealed","Wet","Raining","Night","Hit Fixed Object","01","Driver Rider","1: PDO","No Control","","",1342739.55,1659412.91,"13427401659413"
"2016-10521-27/05/2021","2 Metropolitan","ST MARYS","5042","CC MITCHAM.                   ",2,0,0,0,0,2016,"July","Monday","01:48 pm","070","Divided Road","Straight road","Slope","Not Applicable","Sealed","Wet","Raining","Daylight","Rear End","01","Driver Rider","1: PDO","No Control","","",1326322.06,1661296.94,"13263221661297"
"2016-10522-27/05/2021","2 Metropolitan","MOUNT BARKER","5251","DC MT.BARKER.                 ",2,1,0,0,1,2016,"July","Monday","01:02 pm","060","T-Junction","Straight road","Slope","Not Applicable","Sealed","Wet","Raining","Daylight","Rear End","01","Driver Rider","2: MI","No Control","","",1351053.46,1654771.29,"13510531654771"
"2016-10523-27/05/2021","2 Metropolitan","WOODCROFT","5162","CITY OF ONKAPARINGA",2,1,0,0,1,2016,"July","Monday","10:50 am","080","Cross Road","Straight road","Slope","Not Applicable","Sealed","Wet","Raining","Daylight","Right Angle","01","Driver Rider","2: MI","Traffic Signals","","",1323058.74,1651081.96,"13230591651082"
"2016-10524-27/05/2021","2 Metropolitan","OVINGHAM","5082","CITY OF CHARLES STURT",2,0,0,0,0,2016,"July","Monday","10:10 am","040","Divided Road","Straight road","Slope","Roadworks","Sealed","Wet","Raining","Daylight","Rear End","01","Driver Rider","1: PDO","No Control","","",1327435.26,1673591.48,"13274351673591"
"2016-10525-27/05/2021","2 Metropolitan","MODBURY","5092","CITY OF TEA TREE GULLY",2,0,0,0,0,2016,"July","Monday","02:30 pm","060","Cross Road","Straight road","Level","Not Applicable","Sealed","Wet","Raining","Daylight","Right Angle","01","Driver Rider","1: PDO","Roundabout","","",1336865.11,1680632.32,"13368651680632"
"2016-10526-27/05/2021","2 Metropolitan","MOUNT BARKER","5251","DC MT.BARKER.                 ",2,0,0,0,0,2016,"July","Monday","03:15 pm","050","One Way","Straight road","Level","Not Applicable","Sealed","Wet","Raining","Daylight","Right Angle","02","Driver Rider","1: PDO","No Control","","",1351616.37,1654231.31,"13516161654231"
"2016-10527-27/05/2021","3 Country","FURNER","5280","WATTLE RANGE COUNCIL",2,0,0,0,0,2016,"July","Monday","11:20 am","110","T-Junction","Straight road","Level","Not Applicable","Sealed","Wet","Raining","Daylight","Right Angle","02","Driver Rider","1: PDO","No Control","","",1476530.05,1384373.9,"14765301384374"
"2016-10528-27/05/2021","2 Metropolitan","KILBURN","5084","CITY OF PORT ADELAIDE ENFIELD",2,0,0,0,0,2016,"July","Monday","03:15 pm","060","T-Junction","Straight road","Level","Not Applicable","Sealed","Wet","Not Raining","Daylight","Right Turn","02","Driver Rider","1: PDO","No Control","","",1327208.83,1677719.97,"13272091677720"
"2016-10529-27/05/2021","2 Metropolitan","BLAIR ATHOL","5084","CITY OF PORT ADELAIDE ENFIELD",2,0,0,0,0,2016,"July","Monday","01:10 pm","060","T-Junction","Straight road","Level","Not Applicable","Sealed","Wet","Raining","Daylight","Right Angle","02","Driver Rider","1: PDO","No Control","","",1328850.85,1677011.48,"13288511677011"
"2016-10530-27/05/2021","2 Metropolitan","CHELTENHAM","5014","CITY OF CHARLES STURT",2,0,0,0,0,2016,"July","Monday","11:30 am","060","Not Divided","Straight road","Level","Driveway or Entrance","Sealed","Wet","Not Raining","Daylight","Right Angle","02","Driver Rider","1: PDO","No Control","","",1322138.71,1676523.15,"13221391676523"
"2016-10531-27/05/2021","2 Metropolitan","WOODVILLE NORTH","5012","CITY OF CHARLES STURT",2,0,0,0,0,2016,"July","Monday","04:40 pm","060","Cross Road","Straight road","Level","Not Applicable","Sealed","Wet","Raining","Daylight","Hit Fixed Object","01","Driver Rider","1: PDO","Stop Sign","","",1323949.73,1677474.36,"13239501677474"
"2016-10532-27/05/2021","2 Metropolitan","PORT NOARLUNGA","5167","CITY OF ONKAPARINGA",2,0,0,0,0,2016,"July","Monday","03:10 pm","050","Not Divided","CURVED, VIEW OBSCURED","Level","Not Applicable","Sealed","Wet","Raining","Daylight","Hit Fixed Object","01","Driver Rider","1: PDO","No Control","","",1316723.08,1646896.05,"13167231646896"
"2016-10533-27/05/2021","2 Metropolitan","FLINDERS PARK","5025","CITY OF CHARLES STURT",3,0,0,0,0,2016,"July","Monday","04:00 pm","060","Divided Road","Straight road","Level","Not Applicable","Sealed","Wet","Raining","Daylight","Rear End","01","Driver Rider","1: PDO","No Control","","",1323847.72,1672333.96,"13238481672334"
"2016-10534-27/05/2021","1 City","ADELAIDE","5000","CITY OF ADELAIDE",2,1,0,0,1,2016,"July","Monday","06:35 pm","050","Cross Road","Straight road","Level","Not Applicable","Sealed","Wet","Raining","Night","Hit Pedestrian","01","Driver Rider","2: MI","Traffic Signals","","",1329038.86,1670203.05,"13290391670203"
"2016-10535-27/05/2021","2 Metropolitan","NOARLUNGA DOWNS","5168","CITY OF ONKAPARINGA",2,0,0,0,0,2016,"July","Monday","06:25 pm","060","Cross Road","Straight road","Level","Not Applicable","Sealed","Wet","Raining","Night","Hit Fixed Object","01","Driver Rider","1: PDO","Roundabout","","",1317857.01,1646860.51,"13178571646861"
"2016-10536-27/05/2021","2 Metropolitan","SMITHFIELD","5114","CITY OF PLAYFORD.",3,0,0,0,0,2016,"July","Monday","07:23 pm","080","Cross Road","Straight road","Level","Not Applicable","Sealed","Wet","Raining","Night","Rear End","01","Driver Rider","1: PDO","Traffic Signals","","",1337612.7,1696654.75,"13376131696655"
"2016-10537-27/05/2021","2 Metropolitan","REDWOOD PARK","5097","CITY OF TEA TREE GULLY",3,0,0,0,0,2016,"July","Monday","05:45 pm","060","Divided Road","Straight road","Slope","Driveway or Entrance","Sealed","Wet","Raining","Night","Rear End","02","Driver Rider","1: PDO","No Control","","",1339685.63,1683491.22,"13396861683491"
"2016-10538-27/05/2021","2 Metropolitan","CROYDON PARK","5008","CITY OF PORT ADELAIDE ENFIELD",2,0,0,0,0,2016,"July","Monday","06:50 pm","060","Divided Road","Straight road","Level","Not Applicable","Sealed","Wet","Raining","Night","Side Swipe","02","Driver Rider","1: PDO","No Control","","",1326070.47,1675661.89,"13260701675662"
"2016-10539-27/05/2021","2 Metropolitan","LITTLEHAMPTON","5250","DC MT.BARKER.                 ",2,0,0,0,0,2016,"July","Monday","06:30 pm","080","Rail Crossing","CURVED, VIEW OPEN","Level","Bridge, Culvert, Causeway","Sealed","Wet","Raining","Night","Hit Fixed Object","01","Driver Rider","1: PDO","Give Way Sign","","Y",1351922.07,1658409.26,"13519221658409"
"2016-10540-27/05/2021","2 Metropolitan","WEST CROYDON","5008","CITY OF CHARLES STURT",2,0,0,0,0,2016,"July","Monday","06:30 pm","060","T-Junction","Straight road","Level","Not Applicable","Sealed","Wet","Raining","Night","Hit Fixed Object","01","Driver Rider","1: PDO","Give Way Sign","","",1324632.42,1674193.07,"13246321674193"
"2016-10541-27/05/2021","2 Metropolitan","PARKSIDE","5063","CITY OF UNLEY",2,0,0,0,0,2016,"July","Monday","07:05 pm","050","Not Divided","Straight road","Level","Not Applicable","Sealed","Wet","Raining","Night","Right Angle","02","Driver Rider","1: PDO","No Control","","",1329778.25,1668979.17,"13297781668979"
"2016-10542-27/05/2021","2 Metropolitan","EDWARDSTOWN","5039","CC MARION.                    ",2,1,0,0,1,2016,"July","Monday","04:32 pm","060","T-Junction","Straight road","Level","Not Applicable","Sealed","Wet","Raining","Daylight","Rear End","01","Driver Rider","2: MI","Stop Sign","","",1325940.6,1664032.65,"13259411664033"
"2016-10543-27/05/2021","2 Metropolitan","NORWOOD","5067","CC OF NORWOOD,PAYNEHAM & ST PETERS",2,0,0,0,0,2016,"July","Monday","07:30 pm","050","Divided Road","Straight road","Level","Not Applicable","Sealed","Wet","Not Raining","Night","Side Swipe","02","Driver Rider","1: PDO","No Control","","",1332178.04,1671081.03,"13321781671081"
"2016-10544-27/05/2021","2 Metropolitan","REGENCY PARK","5010","CITY OF PORT ADELAIDE ENFIELD",2,1,0,0,1,2016,"July","Monday","10:55 am","060","T-Junction","Straight road","Level","Not Applicable","Sealed","Dry","Not Raining","Daylight","Right Angle","02","Driver Rider","2: MI","Traffic Signals","","",1325546.15,1678478.3,"13255461678478"
"2016-10545-27/05/2021","3 Country","MOUNT GAMBIER","5290","CC MT.GAMBIER.                ",2,0,0,0,0,2016,"July","Monday","07:45 pm","050","Cross Road","Straight road","Level","Not Applicable","Sealed","Wet","Raining","Night","Right Angle","01","Driver Rider","1: PDO","Give Way Sign","","",1509929.03,1339849.75,"15099291339850"
"2016-10546-27/05/2021","2 Metropolitan","RICHMOND","5033","CITY OF WEST TORRENS",3,0,0,0,0,2016,"July","Monday","04:35 pm","060","Multiple","Straight road","Level","Not Applicable","Sealed","Wet","Raining","Daylight","Rear End","01","Driver Rider","1: PDO","Traffic Signals","","",1325784.87,1669462.42,"13257851669462"
"2016-10547-27/05/2021","2 Metropolitan","GLENGOWRIE","5044","CC MARION.                    ",2,1,0,1,0,2016,"July","Monday","06:30 pm","060","Divided Road","Straight road","Level","Not Applicable","Sealed","Wet","Raining","Night","Side Swipe","01","Driver Rider","3: SI","No Control","","",1322687.48,1663608,"13226871663608"
"2016-10548-27/05/2021","2 Metropolitan","PROSPECT","5082","CITY OF PROSPECT",2,0,0,0,0,2016,"July","Monday","06:20 pm","060","Cross Road","Straight road","Level","Not Applicable","Sealed","Wet","Raining","Night","Right Turn","01","Driver Rider","1: PDO","Traffic Signals","","",1327236.23,1676392.98,"13272361676393"
"2016-10549-27/05/2021","2 Metropolitan","MODBURY","5092","CITY OF TEA TREE GULLY",2,0,0,0,0,2016,"July","Monday","07:55 pm","060","T-Junction","Straight road","Level","Not Applicable","Sealed","Wet","Raining","Night","Right Turn","01","Driver Rider","1: PDO","Traffic Signals","","",1337056.82,1680951.37,"13370571680951"
"2016-10550-27/05/2021","3 Country","NURIOOTPA","5355","LIGHT REGIONAL COUNCIL",2,1,0,0,1,2016,"July","Monday","03:55 pm","050","Not Divided","CURVED, VIEW OBSCURED","Level","Not Applicable","Sealed","Wet","Raining","Daylight","Hit Fixed Object","01","Driver Rider","2: MI","No Control","Y","",1364691.13,1720729.96,"13646911720730"
"2016-10551-27/05/2021","2 Metropolitan","FULHAM GARDENS","5024","CITY OF CHARLES STURT",2,0,0,0,0,2016,"July","Monday","07:00 pm","060","Divided Road","Straight road","Level","Not Applicable","Sealed","Wet","Raining","Night","Hit Parked Vehicle","02","Driver Rider","1: PDO","No Control","","",1320727.86,1671585.08,"13207281671585"
"2016-10552-27/05/2021","3 Country","FINNISS","5255","ALEXANDRINA COUNCIL",2,1,0,0,1,2016,"July","Monday","09:50 pm","100","Not Divided","Straight road","Bottom of Hill","Not Applicable","Sealed","Wet","Raining","Night","Hit Fixed Object","01","Driver Rider","2: MI","No Control","","",1342685.43,1618666.52,"13426851618667"
"2016-10553-27/05/2021","2 Metropolitan","CLARENDON","5157","CITY OF ONKAPARINGA",2,0,0,0,0,2016,"July","Tuesday","06:25 am","080","Not Divided","CURVED, VIEW OPEN","Level","Not Applicable","Sealed","Wet","Raining","Night","Hit Fixed Object","01","Driver Rider","1: PDO","No Control","","",1328016.15,1651106.63,"13280161651107"
"2016-10554-27/05/2021","2 Metropolitan","BELAIR","5052","CC MITCHAM.                   ",2,1,0,1,0,2016,"July","Tuesday","06:15 am","050","Not Divided","CURVED, VIEW OBSCURED","Slope","Not Applicable","Sealed","Wet","Raining","Night","Hit Object on Road","01","Driver Rider","3: SI","No Control","","",1330364.07,1661864.93,"13303641661865"
"2016-10555-27/05/2021","2 Metropolitan","GLYNDE","5070","CC OF NORWOOD,PAYNEHAM & ST PETERS",2,0,0,0,0,2016,"July","Monday","06:15 pm","060","Divided Road","Straight road","Level","Not Applicable","Sealed","Wet","Raining","Night","Rear End","02","Driver Rider","1: PDO","No Control","","",1333119.67,1674218.21,"13331201674218"
"2016-10556-27/05/2021","2 Metropolitan","GAWLER RIVER","5118","LIGHT REGIONAL COUNCIL",2,0,0,0,0,2016,"July","Monday","08:30 pm","080","Not Divided","Straight road","Level","Not Applicable","Unsealed","Wet","Raining","Night","Hit Parked Vehicle","02","Driver Rider","1: PDO","No Control","","",1334459.75,1705113.86,"13344601705114"
"2016-10557-27/05/2021","2 Metropolitan","BURTON","5110","CITY OF SALISBURY",2,0,0,0,0,2016,"July","Tuesday","05:30 am","060","Cross Road","Straight road","Level","Not Applicable","Sealed","Wet","Raining","Night","Right Angle","02","Driver Rider","1: PDO","Roundabout","","",1330155.51,1690824.15,"13301561690824"
"2016-10558-27/05/2021","3 Country","WAROOKA","5577","YORKE PENINSULA COUNCIL",2,0,0,0,0,2016,"July","Monday","05:50 pm","100","Not Divided","Straight road","Level","Not Applicable","Unsealed","Wet","Raining","Night","Hit Animal","02","Animal","1: PDO","No Control","","",1219358.67,1654221.94,"12193591654222"
"2016-10559-27/05/2021","2 Metropolitan","DRY CREEK","5094","CITY OF SALISBURY",2,0,0,0,0,2016,"July","Tuesday","06:45 am","080","T-Junction","Straight road","Level","Not Applicable","Sealed","Wet","Not Raining","Night","Rear End","02","Driver Rider","1: PDO","Traffic Signals","","",1328672.58,1683237.82,"13286731683238"
"2016-10560-27/05/2021","2 Metropolitan","SEACOMBE HEIGHTS","5047","CC MARION.                    ",2,0,0,0,0,2016,"July","Tuesday","05:30 am","050","Not Divided","Straight road","Level","Not Applicable","Sealed","Wet","Raining","Night","Hit Parked Vehicle","02","Driver Rider","1: PDO","No Control","","",1322961.58,1658839.94,"13229621658840"
"2016-10561-27/05/2021","3 Country","HILTABA","5717",,2,0,0,0,0,2016,"July","Monday","03:30 pm","100","Not Divided","Straight road","Level","Unknown","Unsealed","Wet","Raining","Daylight","Hit Fixed Object","01","Driver Rider","1: PDO","No Control","","",1008385.03,1987571.65,"10083851987572"
"2016-10562-27/05/2021","2 Metropolitan","MAWSON LAKES","5095","CITY OF SALISBURY",2,1,0,0,1,2016,"July","Monday","06:30 pm","080","Divided Road","Straight road","Level","Not Applicable","Sealed","Wet","Raining","Night","Rear End","01","Driver Rider","2: MI","No Control","","",1328681.51,1682985.26,"13286821682985"
"2016-10563-27/05/2021","2 Metropolitan","MAWSON LAKES","5095","CITY OF SALISBURY",5,0,0,0,0,2016,"July","Monday","06:15 pm","080","Divided Road","Straight road","Level","Not Applicable","Sealed","Wet","Raining","Night","Rear End","01","Driver Rider","1: PDO","No Control","","",1328676.9,1683092.49,"13286771683092"
"2016-10564-27/05/2021","2 Metropolitan","PARA HILLS WEST","5096","CITY OF SALISBURY",2,0,0,0,0,2016,"July","Tuesday","07:55 am","060","Divided Road","Straight road","Level","Not Applicable","Sealed","Wet","Raining","Daylight","Rear End","02","Driver Rider","1: PDO","No Control","","",1332790.31,1682870.68,"13327901682871"
"2016-10565-27/05/2021","2 Metropolitan","BROMPTON","5007","CITY OF CHARLES STURT",2,1,0,0,1,2016,"July","Tuesday","08:30 am","040","Cross Road","Straight road","Level","Not Applicable","Sealed","Wet","Not Raining","Daylight","Right Angle","01","Driver Rider","2: MI","Stop Sign","","",1326439.18,1673261.58,"13264391673262"
"2016-10566-27/05/2021","2 Metropolitan","NORWOOD","5067","CC OF NORWOOD,PAYNEHAM & ST PETERS",2,0,0,0,0,2016,"July","Tuesday","08:55 am","060","Cross Road","Straight road","Level","Not Applicable","Sealed","Wet","Raining","Daylight","Right Turn","01","Driver Rider","1: PDO","Stop Sign","","",1331050.76,1670373.67,"13310511670374"
"2016-10567-27/05/2021","2 Metropolitan","ADELAIDE AIRPORT","5950","CITY OF WEST TORRENS",2,1,0,0,1,2016,"July","Monday","02:00 pm","050","Cross Road","Straight road","Level","Not Applicable","Sealed","Wet","Raining","Daylight","Side Swipe","02","Driver Rider","2: MI","Roundabout","","",1322960.83,1669785.8,"13229611669786"
"2016-10568-27/05/2021","3 Country","MOUNT GAMBIER","5290","CC MT.GAMBIER.                ",2,0,0,0,0,2016,"July","Tuesday","08:10 am","060","T-Junction","Straight road","Level","Not Applicable","Sealed","Dry","Not Raining","Daylight","Hit Fixed Object","01","Driver Rider","1: PDO","No Control","","",1511071.94,1338119.8,"15110721338120"
"2016-10569-27/05/2021","2 Metropolitan","WEST LAKES","5021","CITY OF CHARLES STURT",2,0,0,0,0,2016,"July","Tuesday","09:50 am","060","Cross Road","Straight road","Level","Not Applicable","Sealed","Dry","Not Raining","Daylight","Rear End","01","Driver Rider","1: PDO","Traffic Signals","","",1319884.21,1676043.55,"13198841676044"
"2016-10570-27/05/2021","3 Country","KEITH","5267","DC TATIARA.                   ",2,1,0,0,1,2016,"July","Tuesday","08:30 am","060","Not Divided","Straight road","Level","Not Applicable","Sealed","Wet","Not Raining","Daylight","Hit Fixed Object","01","Driver Rider","2: MI","No Control","","",1482516.17,1533650.12,"14825161533650"
"2016-10571-27/05/2021","2 Metropolitan","HOPE VALLEY","5090","CITY OF TEA TREE GULLY",2,0,0,0,0,2016,"July","Tuesday","10:35 am","060","Not Divided","Straight road","Level","Not Applicable","Sealed","Wet","Raining","Daylight","Side Swipe","02","Driver Rider","1: PDO","No Control","","",1338081.24,1679441.31,"13380811679441"
"2016-10572-27/05/2021","2 Metropolitan","FULLARTON","5063","CITY OF UNLEY",2,0,0,0,0,2016,"July","Tuesday","08:30 am","060","T-Junction","Straight road","Level","Not Applicable","Sealed","Dry","Not Raining","Daylight","Right Turn","01","Driver Rider","1: PDO","No Control","","",1330720.77,1667813.19,"13307211667813"
"2016-10573-27/05/2021","2 Metropolitan","LONSDALE","5160","CITY OF ONKAPARINGA",2,0,0,0,0,2016,"July","Tuesday","10:13 am","050","T-Junction","Straight road","Level","Not Applicable","Sealed","Dry","Not Raining","Daylight","Right Angle","01","Driver Rider","1: PDO","No Control","","",1319371.95,1650498.23,"13193721650498"
"2016-10574-27/05/2021","2 Metropolitan","KILBURN","5084","CITY OF PORT ADELAIDE ENFIELD",3,1,0,0,1,2016,"July","Tuesday","09:15 am","050","Not Divided","Straight road","Level","Not Applicable","Sealed","Dry","Not Raining","Daylight","Hit Fixed Object","01","Driver Rider","2: MI","No Control","Y","",1327598.75,1678224.41,"13275991678224"
"2016-10575-27/05/2021","2 Metropolitan","CROYDON","5008","CITY OF CHARLES STURT",3,0,0,0,0,2016,"July","Tuesday","08:45 am","060","Divided Road","Straight road","Level","Not Applicable","Sealed","Dry","Not Raining","Daylight","Rear End","01","Driver Rider","1: PDO","No Control","","",1325293.83,1673683.01,"13252941673683"
"2016-10576-27/05/2021","3 Country","BARMERA","5345","THE BERRI BARMERA COUNCIL",2,0,0,0,0,2016,"July","Tuesday","11:45 am","080","Divided Road","Straight road","Level","Driveway or Entrance","Sealed","Dry","Not Raining","Daylight","Side Swipe","01","Driver Rider","1: PDO","No Control","","",1502418.93,1737449.1,"15024191737449"
"2016-10577-27/05/2021","2 Metropolitan","PLYMPTON","5038","CITY OF WEST TORRENS",2,0,0,0,0,2016,"July","Monday","07:50 am","060","Cross Road","Straight road","Level","Not Applicable","Sealed","Dry","Not Raining","Daylight","Right Turn","02","Driver Rider","1: PDO","Traffic Signals","","",1325020,1667161.99,"13250201667162"
"2016-10578-27/05/2021","2 Metropolitan","NOARLUNGA CENTRE","5168","CITY OF ONKAPARINGA",3,0,0,0,0,2016,"July","Tuesday","08:00 am","060","T-Junction","Straight road","Level","Not Applicable","Sealed","Wet","Raining","Daylight","Rear End","01","Driver Rider","1: PDO","Traffic Signals","","",1318788.81,1647471.6,"13187891647472"
"2016-10579-27/05/2021","2 Metropolitan","PLYMPTON","5038","CITY OF WEST TORRENS",2,0,0,0,0,2016,"July","Monday","09:30 pm","060","Cross Road","Straight road","Level","Not Applicable","Sealed","Wet","Raining","Night","Right Angle","02","Driver Rider","1: PDO","Traffic Signals","","",1325025.07,1667143.05,"13250251667143"
"2016-10580-27/05/2021","2 Metropolitan","MARINO","5049","CC MARION.                    ",2,0,0,0,0,2016,"July","Monday","12:40 pm","060","Not Divided","Straight road","Slope","Not Applicable","Sealed","Wet","Raining","Daylight","Right Angle","01","Driver Rider","1: PDO","No Control","","",1319458.98,1656466.38,"13194591656466"
"2016-10581-27/05/2021","2 Metropolitan","EXETER","5019","CITY OF PORT ADELAIDE ENFIELD",2,0,0,0,0,2016,"July","Tuesday","08:00 am","050","T-Junction","Straight road","Level","Not Applicable","Sealed","Wet","Not Raining","Daylight","Rear End","02","Driver Rider","1: PDO","Give Way Sign","","",1318790.33,1680489.29,"13187901680489"
"2016-10582-27/05/2021","2 Metropolitan","DRY CREEK","5094","CITY OF PORT ADELAIDE ENFIELD",2,2,0,0,2,2016,"July","Tuesday","12:00 pm","070","T-Junction","Straight road","Level","Not Applicable","Sealed","Dry","Not Raining","Daylight","Rear End","02","Driver Rider","2: MI","Give Way Sign","","",1327256.25,1680136.53,"13272561680137"
"2016-10583-27/05/2021","2 Metropolitan","THEBARTON","5031","CITY OF WEST TORRENS",2,0,0,0,0,2016,"July","Monday","07:55 pm","060","T-Junction","Straight road","Level","Not Applicable","Sealed","Wet","Raining","Night","Hit Fixed Object","01","Driver Rider","1: PDO","Traffic Signals","","",1326571.62,1671687.21,"13265721671687"
"2016-10584-27/05/2021","2 Metropolitan","OLD REYNELLA","5161","CITY OF ONKAPARINGA",2,0,0,0,0,2016,"July","Tuesday","01:29 pm","050","Not Divided","Straight road","Level","Not Applicable","Sealed","Dry","Not Raining","Daylight","Side Swipe","09","Other","1: PDO","No Control","","",1322238.76,1652096.57,"13222391652097"
"2016-10585-27/05/2021","2 Metropolitan","PASADENA","5042","CC MITCHAM.                   ",2,1,0,0,1,2016,"July","Tuesday","01:45 pm","060","T-Junction","Straight road","Level","Not Applicable","Sealed","Dry","Not Raining","Daylight","Right Turn","01","Driver Rider","2: MI","No Control","","",1327253.97,1662104.97,"13272541662105"
"2016-10586-27/05/2021","2 Metropolitan","SALISBURY","5108","CITY OF SALISBURY",2,0,0,0,0,2016,"July","Tuesday","03:00 pm","050","Cross Road","Straight road","Level","Not Applicable","Sealed","Wet","Raining","Daylight","Hit Fixed Object","01","Driver Rider","1: PDO","Roundabout","","",1333396.29,1689758.68,"13333961689759"
"2016-10587-27/05/2021","2 Metropolitan","BROOKLYN PARK","5032","CITY OF WEST TORRENS",2,0,0,0,0,2016,"July","Tuesday","11:00 am","060","Divided Road","Straight road","Level","Not Applicable","Sealed","Dry","Not Raining","Daylight","Side Swipe","01","Driver Rider","1: PDO","No Control","","",1323393.86,1670769.66,"13233941670770"
"2016-10588-27/05/2021","2 Metropolitan","SOUTH PLYMPTON","5038","CC MARION.                    ",2,0,0,0,0,2016,"July","Tuesday","10:30 am","060","Cross Road","Straight road","Level","Not Applicable","Sealed","Wet","Raining","Daylight","Side Swipe","02","Driver Rider","1: PDO","Traffic Signals","","",1324291.75,1664735.62,"13242921664736"