"REPORT_ID","Stats Area","Suburb","Postcode","LGA Name","Total Units","Total Cas","Total Fats","Total SI","Total MI","Year","Month","Day","Time","Area Speed","Position Type","Horizontal Align","Vertical Align","Other Feat","Road Surface","Moisture Cond","Weather Cond","DayNight","Crash Type","Unit Resp","Entity Code","CSEF Severity","Traffic Ctrls","DUI Involved","Drugs Involved","ACCLOC_X","ACCLOC_Y","UNIQUE_LOC"
"2016-11644-27/05/2021","3 Country","SLEAFORD","5607","DC LOWER EYRE PENINSULA       ",3,0,0,0,0,2016,"July","Friday","05:00 pm","100","Not Divided","Straight road","Crest of Hill","Not Applicable","Unsealed","Dry","Not Raining","Daylight","Head On","02","Driver Rider","1: PDO","No Control","","",1065932,1685468.88,"10659321685469"
"2016-11645-27/05/2021","3 Country","MOUNT GAMBIER","5290","CC MT.GAMBIER.                ",2,2,0,0,2,2016,"July","Friday","04:50 pm","050","Cross Road","Straight road","Level","Not Applicable","Sealed","Dry","Not Raining","Daylight","Rear End","01","Driver Rider","2: MI","Traffic Signals","","",1510265.16,1340122.24,"15102651340122"
"2016-11646-27/05/2021","2 Metropolitan","CRAFERS","5152","THE ADELAIDE HILLS COUNCIL",2,1,0,0,1,2016,"July","Friday","03:15 pm","050","Not Divided","Straight road","Level","Not Applicable","Sealed","Dry","Not Raining","Daylight","Hit Fixed Object","01","Driver Rider","2: MI","No Control","","",1337663.55,1662606.74,"13376641662607"
"2016-11647-27/05/2021","2 Metropolitan","WEST CROYDON","5008","CITY OF CHARLES STURT",3,0,0,0,0,2016,"July","Friday","05:15 pm","050","Not Divided","Straight road","Level","Not Applicable","Sealed","Dry","Not Raining","Daylight","Rear End","01","Driver Rider","1: PDO","No Control","","",1324556.49,1674467.78,"13245561674468"
"2016-11648-27/05/2021","3 Country","MOUNT GAMBIER","5290","CC MT.GAMBIER.                ",2,0,0,0,0,2016,"July","Friday","07:25 pm","050","Cross Road","Straight road","Level","Not Applicable","Sealed","Wet","Not Raining","Night","Right Angle","01","Driver Rider","1: PDO","Stop Sign","","",1509598.27,1339140.53,"15095981339141"
"2016-11649-27/05/2021","3 Country","STIRLING NORTH","5710","CC PT.AUGUSTA.                ",2,0,0,0,0,2016,"July","Friday","03:00 pm","110","T-Junction","Straight road","Bottom of Hill","Not Applicable","Sealed","Dry","Not Raining","Daylight","Right Angle","02","Driver Rider","1: PDO","Stop Sign","","",1264499.93,1938917.89,"12645001938918"
"2016-11650-27/05/2021","2 Metropolitan","ROYAL PARK","5014","CITY OF CHARLES STURT",2,0,0,0,0,2016,"July","Friday","06:20 pm","060","Not Divided","Straight road","Level","Not Applicable","Sealed","Dry","Not Raining","Night","Rear End","02","Driver Rider","1: PDO","No Control","","",1320684.71,1677314.12,"13206851677314"
"2016-11651-27/05/2021","2 Metropolitan","GEPPS CROSS","5094","CITY OF PORT ADELAIDE ENFIELD",2,0,0,0,0,2016,"July","Saturday","01:40 am","060","Divided Road","Straight road","Slope","Not Applicable","Sealed","Dry","Not Raining","Night","Hit Fixed Object","01","Driver Rider","1: PDO","No Control","","",1330120.99,1679314.11,"13301211679314"
"2016-11652-27/05/2021","2 Metropolitan","MAWSON LAKES","5095","CITY OF SALISBURY",2,1,0,0,1,2016,"July","Friday","05:30 pm","090","Freeway","Straight road","Slope","Bridge, Culvert, Causeway","Sealed","Dry","Not Raining","Daylight","Rear End","02","Driver Rider","2: MI","No Control","","",1328670.09,1683313.98,"13286701683314"
"2016-11653-27/05/2021","2 Metropolitan","BASKET RANGE","5138","THE ADELAIDE HILLS COUNCIL",1,1,0,0,1,2016,"July","Saturday","08:20 am","080","Not Divided","CURVED, VIEW OPEN","Slope","Not Applicable","Sealed","Dry","Not Raining","Daylight","Roll Over","01","Driver Rider","2: MI","No Control","","",1344027.72,1668362.65,"13440281668363"
"2016-11654-27/05/2021","2 Metropolitan","OUTER HARBOR","5018","CITY OF PORT ADELAIDE ENFIELD",1,1,0,0,1,2016,"July","Saturday","10:45 am","060","T-Junction","Straight road","Level","Not Applicable","Sealed","Dry","Not Raining","Daylight","Roll Over","01","Driver Rider","2: MI","Roundabout","","",1318338.99,1687139.17,"13183391687139"
"2016-11655-27/05/2021","2 Metropolitan","BRIDGEWATER","5155","THE ADELAIDE HILLS COUNCIL",2,0,0,0,0,2016,"July","Friday","05:40 pm","050","Not Divided","Straight road","Slope","Driveway or Entrance","Sealed","Dry","Not Raining","Night","Hit Parked Vehicle","02","Driver Rider","1: PDO","No Control","","",1343406.53,1660451.85,"13434071660452"
"2016-11656-27/05/2021","2 Metropolitan","RICHMOND","5033","CITY OF WEST TORRENS",2,1,0,0,1,2016,"July","Saturday","09:30 am","060","Multiple","Straight road","Level","Not Applicable","Sealed","Dry","Not Raining","Daylight","Rear End","01","Driver Rider","2: MI","Traffic Signals","","",1325784.87,1669462.42,"13257851669462"
"2016-11657-27/05/2021","2 Metropolitan","KIDMAN PARK","5025","CITY OF CHARLES STURT",2,0,0,0,0,2016,"July","Saturday","09:50 am","060","T-Junction","Straight road","Level","Not Applicable","Sealed","Dry","Not Raining","Daylight","Right Angle","02","Driver Rider","1: PDO","No Control","","",1321925.68,1673105.84,"13219261673106"
"2016-11658-27/05/2021","2 Metropolitan","EDWARDSTOWN","5039","CC MARION.                    ",2,0,0,0,0,2016,"July","Saturday","10:42 am","060","Divided Road","Straight road","Level","Not Applicable","Sealed","Dry","Not Raining","Daylight","Side Swipe","01","Driver Rider","1: PDO","No Control","","",1325877.73,1665993.55,"13258781665994"
"2016-11659-27/05/2021","2 Metropolitan","KILBURN","5084","CITY OF PORT ADELAIDE ENFIELD",2,0,0,0,0,2016,"July","Saturday","12:30 pm","050","Cross Road","Straight road","Level","Not Applicable","Sealed","Dry","Not Raining","Daylight","Right Turn","02","Driver Rider","1: PDO","Stop Sign","","",1328034.09,1677780.54,"13280341677781"
"2016-11660-27/05/2021","2 Metropolitan","HAWTHORNDENE","5051","CC MITCHAM.                   ",2,0,0,0,0,2016,"July","Saturday","09:45 am","060","T-Junction","Straight road","Level","Not Applicable","Sealed","Dry","Not Raining","Daylight","Rear End","02","Driver Rider","1: PDO","No Control","","",1330282.44,1659621.87,"13302821659622"
"2016-11661-27/05/2021","2 Metropolitan","SOUTH PLYMPTON","5038","CC MARION.                    ",2,0,0,0,0,2016,"July","Sunday","07:57 pm","060","T-Junction","Straight road","Level","Not Applicable","Sealed","Dry","Not Raining","Night","Hit Fixed Object","01","Driver Rider","1: PDO","No Control","","",1324688.69,1666122.98,"13246891666123"
"2016-11662-27/05/2021","2 Metropolitan","BROMPTON","5007","CITY OF CHARLES STURT",3,0,0,0,0,2016,"July","Saturday","01:00 pm","050","Not Divided","Straight road","Level","Not Applicable","Sealed","Dry","Not Raining","Daylight","Hit Parked Vehicle","01","Driver Rider","1: PDO","No Control","","",1326085.83,1673677.18,"13260861673677"
"2016-11663-27/05/2021","2 Metropolitan","POORAKA","5095","CITY OF SALISBURY",2,2,0,0,2,2016,"July","Saturday","12:15 pm","080","T-Junction","Straight road","Level","Not Applicable","Sealed","Dry","Not Raining","Daylight","Right Angle","01","Driver Rider","2: MI","Stop Sign","","",1331536.65,1683142.51,"13315371683143"
"2016-11664-27/05/2021","2 Metropolitan","PARAFIELD GARDENS","5107","CITY OF SALISBURY",2,0,0,0,0,2016,"July","Friday","09:00 pm","050","T-Junction","Straight road","Level","Not Applicable","Sealed","Dry","Not Raining","Night","Hit Fixed Object","01","Driver Rider","1: PDO","Roundabout","","",1330592.97,1686577.38,"13305931686577"
"2016-11665-27/05/2021","2 Metropolitan","CHRISTIE DOWNS","5164","CITY OF ONKAPARINGA",3,0,0,0,0,2016,"July","Saturday","03:46 pm","070","Divided Road","Straight road","Level","Not Applicable","Sealed","Dry","Not Raining","Daylight","Hit Fixed Object","01","Driver Rider","1: PDO","No Control","","",1317652.17,1648429.84,"13176521648430"
"2016-11666-27/05/2021","2 Metropolitan","SEMAPHORE","5019","CITY OF PORT ADELAIDE ENFIELD",4,0,0,0,0,2016,"July","Friday","08:50 pm","050","Not Divided","Straight road","Level","Not Applicable","Sealed","Dry","Not Raining","Night","Hit Fixed Object","01","Driver Rider","1: PDO","No Control","Y","",1318353.02,1681120.67,"13183531681121"
"2016-11667-27/05/2021","3 Country","LOXTON","5333","LOXTON WAIKERIE DISTRICT COUNCIL",2,0,0,0,0,2016,"July","Saturday","02:45 pm","060","Divided Road","Straight road","Level","Not Applicable","Sealed","Dry","Not Raining","Daylight","Side Swipe","01","Driver Rider","1: PDO","No Control","","",1511050.75,1715490.42,"15110511715490"
"2016-11668-27/05/2021","2 Metropolitan","MARDEN","5070","CC OF NORWOOD,PAYNEHAM & ST PETERS",3,2,0,0,2,2016,"July","Friday","05:05 pm","060","Divided Road","Straight road","Level","Not Applicable","Sealed","Dry","Not Raining","Daylight","Hit Fixed Object","01","Driver Rider","2: MI","No Control","Y","",1331992.63,1673981.13,"13319931673981"
"2016-11669-27/05/2021","2 Metropolitan","MAWSON LAKES","5095","CITY OF SALISBURY",2,0,0,0,0,2016,"July","Saturday","05:00 pm","070","Cross Road","Straight road","Level","Not Applicable","Sealed","Wet","Raining","Daylight","Right Turn","02","Driver Rider","1: PDO","Traffic Signals","","",1330497.74,1683929.66,"13304981683930"
"2016-11670-27/05/2021","2 Metropolitan","CROYDON","5008","CITY OF CHARLES STURT",2,1,0,0,1,2016,"July","Saturday","04:53 pm","060","T-Junction","Straight road","Level","Not Applicable","Sealed","Wet","Raining","Daylight","Side Swipe","01","Driver Rider","2: MI","Stop Sign","","",1325223.55,1673744.78,"13252241673745"
"2016-11671-27/05/2021","2 Metropolitan","GRANGE","5022","CITY OF CHARLES STURT",2,0,0,0,0,2016,"July","Saturday","05:30 pm","050","Not Divided","Straight road","Level","Not Applicable","Sealed","Wet","Raining","Daylight","Hit Fixed Object","01","Driver Rider","1: PDO","No Control","Y","",1318851.43,1673894.5,"13188511673895"
"2016-11672-27/05/2021","2 Metropolitan","GEPPS CROSS","5094","CITY OF PORT ADELAIDE ENFIELD",2,0,0,0,0,2016,"July","Saturday","05:45 pm","060","Cross Road","Straight road","Level","Not Applicable","Sealed","Wet","Raining","Night","Hit Fixed Object","09","Other","1: PDO","Traffic Signals","","",1330377.17,1679315.41,"13303771679315"
"2016-11673-27/05/2021","2 Metropolitan","GLENGOWRIE","5044","CC MARION.                    ",2,0,0,0,0,2016,"July","Wednesday","06:00 pm","050","Cross Road","Straight road","Level","Not Applicable","Sealed","Dry","Not Raining","Night","Right Turn","01","Driver Rider","1: PDO","Give Way Sign","","",1322200.13,1664184.02,"13222001664184"
"2016-11674-27/05/2021","2 Metropolitan","BLACKWOOD","5051","CC MITCHAM.                   ",3,0,0,0,0,2016,"July","Friday","06:10 pm","050","Multiple","Straight road","Level","Not Applicable","Sealed","Wet","Raining","Night","Right Angle","01","Driver Rider","1: PDO","Roundabout","","",1329678.48,1660052.36,"13296781660052"
"2016-11675-27/05/2021","2 Metropolitan","CLARENDON","5157","CITY OF ONKAPARINGA",1,1,0,0,1,2016,"July","Wednesday","08:15 pm","070","Not Divided","CURVED, VIEW OBSCURED","Slope","Not Applicable","Sealed","Wet","Raining","Night","Left Road - Out of Control","01","Driver Rider","2: MI","No Control","","",1329819.47,1651488.81,"13298191651489"
"2016-11676-27/05/2021","2 Metropolitan","SEACOMBE GARDENS","5047","CC MARION.                    ",2,0,0,0,0,2016,"July","Saturday","02:55 pm","060","Divided Road","Straight road","Level","Driveway or Entrance","Sealed","Wet","Raining","Daylight","Right Angle","02","Driver Rider","1: PDO","No Control","","",1323364.91,1660646.37,"13233651660646"
"2016-11677-27/05/2021","2 Metropolitan","BELAIR","5052","CC MITCHAM.                   ",1,1,0,0,1,2016,"July","Saturday","03:30 pm","060","Not Divided","CURVED, VIEW OBSCURED","Slope","Not Applicable","Sealed","Wet","Raining","Daylight","Roll Over","01","Driver Rider","2: MI","No Control","","",1328730.82,1662372.11,"13287311662372"
"2016-11678-27/05/2021","2 Metropolitan","EVANSTON PARK","5116","CT GAWLER.                    ",3,0,0,0,0,2016,"July","Saturday","08:01 pm","050","Not Divided","Straight road","Level","Not Applicable","Sealed","Wet","Unknown","Night","Hit Parked Vehicle","01","Driver Rider","1: PDO","No Control","Y","",1342679.21,1702934.53,"13426791702935"
"2016-11679-27/05/2021","3 Country","ROXBY DOWNS","5725","MC ROXBY DOWNS                ",2,1,0,0,1,2016,"July","Saturday","03:38 am","110","Not Divided","Straight road","Level","Not Applicable","Sealed","Dry","Not Raining","Night","Hit Fixed Object","01","Driver Rider","2: MI","No Control","","",1181376.93,2162996.73,"11813772162997"
"2016-11680-27/05/2021","1 City","ADELAIDE","5000","CITY OF ADELAIDE",2,0,0,0,0,2016,"July","Saturday","08:58 pm","050","Cross Road","Straight road","Level","Not Applicable","Sealed","Wet","Not Raining","Night","Right Turn","01","Driver Rider","1: PDO","Traffic Signals","","",1329051.95,1669739.68,"13290521669740"
"2016-11681-27/05/2021","2 Metropolitan","NOARLUNGA DOWNS","5168","CITY OF ONKAPARINGA",2,0,0,0,0,2016,"July","Saturday","10:00 pm","080","Not Divided","Straight road","Slope","Driveway or Entrance","Sealed","Dry","Not Raining","Night","Hit Fixed Object","01","Driver Rider","1: PDO","No Control","","",1318484.53,1645285.64,"13184851645286"
"2016-11682-27/05/2021","3 Country","BULLOO CREEK","5440",,2,1,0,0,1,2016,"July","Saturday","06:50 pm","110","Not Divided","Straight road","Level","Unknown","Sealed","Dry","Not Raining","Night","Head On","02","Driver Rider","2: MI","No Control","","",1508776.03,1960763.29,"15087761960763"
"2016-11683-27/05/2021","3 Country","SELLICKS HILL","5174","DC YANKALILLA.                ",2,0,0,0,0,2016,"July","Saturday","08:20 pm","100","Not Divided","Straight road","Level","Not Applicable","Sealed","Wet","Raining","Night","Hit Fixed Object","01","Other","1: PDO","No Control","","",1313815.03,1622459.24,"13138151622459"
"2016-11684-27/05/2021","1 City","NORTH ADELAIDE","5006","CITY OF ADELAIDE",2,1,0,1,0,2016,"July","Saturday","11:54 pm","050","Cross Road","Straight road","Level","Not Applicable","Sealed","Dry","Not Raining","Night","Right Angle","01","Driver Rider","3: SI","Traffic Signals","","",1328238.86,1672728.63,"13282391672729"
"2016-11685-27/05/2021","2 Metropolitan","SEAVIEW DOWNS","5049","CC MARION.                    ",2,0,0,0,0,2016,"July","Sunday","12:07 am","060","Cross Road","Straight road","Slope","Not Applicable","Sealed","Dry","Not Raining","Night","Hit Fixed Object","01","Driver Rider","1: PDO","Roundabout","","",1322813.34,1659390.01,"13228131659390"
"2016-11686-27/05/2021","1 City","ADELAIDE","5000","CITY OF ADELAIDE",2,1,0,0,1,2016,"July","Sunday","01:10 am","050","Cross Road","Straight road","Level","Not Applicable","Sealed","Dry","Not Raining","Night","Hit Pedestrian","01","Driver Rider","2: MI","Traffic Signals","","",1327978.27,1670807.29,"13279781670807"
"2016-11687-27/05/2021","2 Metropolitan","KENSINGTON PARK","5068","CITY OF BURNSIDE",2,2,0,0,2,2016,"July","Sunday","04:20 am","060","Not Divided","Straight road","Level","Not Applicable","Sealed","Wet","Raining","Night","Hit Fixed Object","01","Driver Rider","2: MI","No Control","","",1333875.01,1671271.8,"13338751671272"
"2016-11688-27/05/2021","2 Metropolitan","TORRENSVILLE","5031","CITY OF WEST TORRENS",2,1,0,0,1,2016,"July","Sunday","05:15 am","060","Divided Road","Straight road","Level","Not Applicable","Sealed","Dry","Not Raining","Night","Hit Fixed Object","01","Driver Rider","2: MI","No Control","Y","Y",1325142.83,1670965.39,"13251431670965"
"2016-11689-27/05/2021","2 Metropolitan","ALDINGA","5173","CITY OF ONKAPARINGA",3,1,0,0,1,2016,"July","Saturday","09:23 am","100","Not Divided","Straight road","Slope","Not Applicable","Sealed","Dry","Not Raining","Daylight","Rear End","01","Driver Rider","2: MI","No Control","","",1317250.18,1633845.67,"13172501633846"
"2016-11690-27/05/2021","2 Metropolitan","SALISBURY EAST","5109","CITY OF SALISBURY",2,0,0,0,0,2016,"July","Saturday","09:30 pm","060","Not Divided","Straight road","Slope","Not Applicable","Sealed","Wet","Not Raining","Night","Hit Fixed Object","01","Driver Rider","1: PDO","No Control","","",1337023.88,1687466.77,"13370241687467"
"2016-11691-27/05/2021","2 Metropolitan","DOVER GARDENS","5048","CC MARION.                    ",3,0,0,0,0,2016,"July","Saturday","06:00 pm","060","Cross Road","Straight road","Level","Not Applicable","Sealed","Wet","Raining","Night","Rear End","02","Driver Rider","1: PDO","Traffic Signals","","",1322777.1,1660604.93,"13227771660605"
"2016-11692-27/05/2021","2 Metropolitan","GEPPS CROSS","5094","CITY OF PORT ADELAIDE ENFIELD",2,0,0,0,0,2016,"July","Thursday","05:00 pm","060","Cross Road","Straight road","Slope","Not Applicable","Sealed","Dry","Not Raining","Daylight","Rear End","01","Driver Rider","1: PDO","Traffic Signals","","",1330372.74,1679303.24,"13303731679303"
"2016-11693-27/05/2021","2 Metropolitan","GLENELG NORTH","5045","CITY OF HOLDFAST BAY",2,0,0,0,0,2016,"July","Saturday","01:20 pm","050","T-Junction","Straight road","Level","Not Applicable","Sealed","Dry","Not Raining","Daylight","Rear End","01","Driver Rider","1: PDO","Roundabout","","",1320312.14,1665284.88,"13203121665285"
"2016-11694-27/05/2021","3 Country","NARACOORTE","5271","DC NARACOORTE & LUCINDALE.",2,0,0,0,0,2016,"July","Sunday","12:45 am","050","Not Divided","Straight road","Level","Not Applicable","Sealed","Dry","Not Raining","Night","Hit Fixed Object","01","Driver Rider","1: PDO","No Control","","",1512370.35,1435961.32,"15123701435961"
"2016-11695-27/05/2021","2 Metropolitan","HACKHAM","5163","CITY OF ONKAPARINGA",2,0,0,0,0,2016,"July","Saturday","03:30 pm","050","Not Divided","Straight road","Level","Not Applicable","Sealed","Unknown","Unknown","Daylight","Hit Parked Vehicle","02","Driver Rider","1: PDO","No Control","","",1321147.58,1646620.95,"13211481646621"
"2016-11696-27/05/2021","2 Metropolitan","HACKHAM WEST","5163","CITY OF ONKAPARINGA",2,0,0,0,0,2016,"July","Saturday","09:00 pm","050","Not Divided","Straight road","Level","Not Applicable","Sealed","Dry","Not Raining","Night","Hit Parked Vehicle","01","Driver Rider","1: PDO","No Control","","",1320644.36,1647471.53,"13206441647472"
"2016-11697-27/05/2021","2 Metropolitan","EVANSTON PARK","5116","CT GAWLER.                    ",2,1,0,0,1,2016,"July","Sunday","12:15 pm","050","Cross Road","Straight road","Level","Not Applicable","Sealed","Dry","Not Raining","Daylight","Right Angle","01","Driver Rider","2: MI","Roundabout","","",1341999.7,1703126.43,"13420001703126"
"2016-11698-27/05/2021","2 Metropolitan","MILE END","5031","CITY OF WEST TORRENS",2,0,0,0,0,2016,"July","Friday","06:00 pm","060","T-Junction","Straight road","Level","Not Applicable","Sealed","Dry","Not Raining","Night","Hit Fixed Object","01","Driver Rider","1: PDO","No Control","","",1326611.33,1671159.44,"13266111671159"
"2016-11699-27/05/2021","2 Metropolitan","NOVAR GARDENS","5040","CITY OF WEST TORRENS",2,0,0,0,0,2016,"July","Saturday","05:30 pm","050","T-Junction","Straight road","Level","Not Applicable","Sealed","Wet","Raining","Daylight","Right Angle","01","Driver Rider","1: PDO","No Control","","",1322592.36,1666868.66,"13225921666869"
"2016-11700-27/05/2021","2 Metropolitan","OAKLANDS PARK","5046","CC MARION.                    ",3,0,0,0,0,2016,"July","Sunday","10:17 am","060","T-Junction","Straight road","Level","Not Applicable","Sealed","Dry","Not Raining","Daylight","Right Angle","02","Driver Rider","1: PDO","Traffic Signals","","",1322768.82,1660878.17,"13227691660878"
"2016-11701-27/05/2021","1 City","ADELAIDE","5000","CITY OF ADELAIDE",2,1,0,0,1,2016,"July","Sunday","07:10 am","050","Not Divided","Straight road","Level","Not Applicable","Sealed","Dry","Not Raining","Night","Hit Parked Vehicle","01","Driver Rider","2: MI","No Control","","",1328383.48,1669570.34,"13283831669570"
"2016-11702-27/05/2021","2 Metropolitan","SOUTH PLYMPTON","5038","CC MARION.                    ",2,0,0,0,0,2016,"July","Saturday","02:30 pm","060","Cross Road","Straight road","Level","Not Applicable","Sealed","Dry","Not Raining","Daylight","Right Turn","02","Driver Rider","1: PDO","Traffic Signals","","",1324247.23,1666113.9,"13242471666114"
"2016-11703-27/05/2021","2 Metropolitan","ASHFORD","5035","CITY OF WEST TORRENS",2,0,0,0,0,2016,"July","Saturday","04:40 pm","050","Not Divided","Straight road","Level","Not Applicable","Sealed","Wet","Raining","Daylight","Hit Parked Vehicle","01","Driver Rider","1: PDO","No Control","","",1326031.22,1668437.1,"13260311668437"
"2016-11704-27/05/2021","2 Metropolitan","DAVOREN PARK","5113","CITY OF PLAYFORD.",2,0,0,0,0,2016,"July","Saturday","08:00 pm","060","Cross Road","CURVED, VIEW OPEN","Level","Not Applicable","Sealed","Wet","Raining","Night","Right Angle","02","Driver Rider","1: PDO","Roundabout","","",1336088.3,1697533.61,"13360881697534"
"2016-11705-27/05/2021","2 Metropolitan","LONSDALE","5160","CITY OF ONKAPARINGA",2,0,0,0,0,2016,"July","Wednesday","03:44 pm","100","Interchange","Straight road","Level","Not Applicable","Sealed","Dry","Not Raining","Daylight","Rear End","02","Driver Rider","1: PDO","No Control","","",1319548.04,1650337.9,"13195481650338"
"2016-11706-27/05/2021","1 City","ADELAIDE","5000","CITY OF ADELAIDE",2,1,0,0,1,2016,"July","Sunday","02:05 am","050","T-Junction","Straight road","Slope","Not Applicable","Sealed","Dry","Not Raining","Night","Hit Pedestrian","02","Driver Rider","2: MI","Traffic Signals","","",1328147.62,1671123.44,"13281481671123"
"2016-11707-27/05/2021","3 Country","MILLICENT","5280","WATTLE RANGE COUNCIL",1,0,0,0,0,2016,"July","Sunday","02:23 pm","110","Not Divided","Straight road","Level","Not Applicable","Sealed","Dry","Not Raining","Daylight","Roll Over","01","Driver Rider","1: PDO","No Control","","",1478751.94,1360451.84,"14787521360452"
"2016-11708-27/05/2021","2 Metropolitan","NEWTON","5074","CC CAMPBELLTOWN.              ",2,1,0,0,1,2016,"July","Sunday","04:30 pm","060","Cross Road","Straight road","Level","Not Applicable","Sealed","Dry","Not Raining","Daylight","Rear End","02","Driver Rider","2: MI","Traffic Signals","","",1335409.35,1674554.22,"13354091674554"
"2016-11709-27/05/2021","2 Metropolitan","MILLBROOK","5231","THE ADELAIDE HILLS COUNCIL",2,1,0,0,1,2016,"July","Sunday","03:20 pm","080","Not Divided","CURVED, VIEW OBSCURED","Slope","Not Applicable","Sealed","Dry","Not Raining","Daylight","Hit Fixed Object","01","Driver Rider","2: MI","No Control","","",1349075.55,1681516.1,"13490761681516"
"2016-11710-27/05/2021","3 Country","WINTINNA","5723",,3,0,0,0,0,2016,"July","Sunday","04:15 pm","110","Not Divided","Straight road","Crest of Hill","Not Applicable","Sealed","Dry","Not Raining","Daylight","Hit Fixed Object","09","Other","1: PDO","No Control","","",900775.73,2469853.03,"09007762469853"
"2016-11711-27/05/2021","2 Metropolitan","UNLEY PARK","5061","CITY OF UNLEY",2,0,0,0,0,2016,"July","Sunday","05:00 am","040","T-Junction","Straight road","Level","Not Applicable","Sealed","Wet","Not Raining","Night","Hit Fixed Object","01","Driver Rider","1: PDO","No Control","","",1328494.56,1666821.14,"13284951666821"
"2016-11712-27/05/2021","2 Metropolitan","KILBURN","5084","CITY OF PORT ADELAIDE ENFIELD",2,0,0,0,0,2016,"July","Saturday","05:25 pm","050","Divided Road","Straight road","Level","Not Applicable","Sealed","Dry","Not Raining","Daylight","Rear End","01","Driver Rider","1: PDO","No Control","","",1328037.16,1677386.06,"13280371677386"
"2016-11713-27/05/2021","2 Metropolitan","WARRADALE","5046","CC MARION.                    ",2,0,0,0,0,2016,"July","Sunday","05:10 pm","060","Cross Road","Straight road","Level","Not Applicable","Sealed","Dry","Not Raining","Daylight","Right Turn","02","Driver Rider","1: PDO","Traffic Signals","","",1322704.43,1663065.16,"13227041663065"
"2016-11714-27/05/2021","2 Metropolitan","WOODVILLE PARK","5011","CITY OF CHARLES STURT",2,0,0,0,0,2016,"July","Sunday","07:18 pm","060","Not Divided","Straight road","Level","Not Applicable","Sealed","Wet","Raining","Night","Hit Parked Vehicle","01","Driver Rider","1: PDO","No Control","","",1323931.08,1674974.05,"13239311674974"
"2016-11715-27/05/2021","2 Metropolitan","RIDLEYTON","5008","CITY OF CHARLES STURT",2,0,0,0,0,2016,"July","Saturday","08:58 pm","060","Not Divided","Straight road","Level","Not Applicable","Sealed","Wet","Not Raining","Night","Side Swipe","02","Driver Rider","1: PDO","No Control","","",1325833.95,1674627.32,"13258341674627"
"2016-11716-27/05/2021","2 Metropolitan","BROMPTON","5007","CITY OF CHARLES STURT",2,0,0,0,0,2016,"August","Monday","05:00 am","050","Not Divided","Straight road","Level","Not Applicable","Sealed","Wet","Not Raining","Night","Hit Parked Vehicle","02","Driver Rider","1: PDO","No Control","","",1326297.17,1674425.21,"13262971674425"
"2016-11717-27/05/2021","2 Metropolitan","ALDINGA","5173","CITY OF ONKAPARINGA",1,0,0,0,0,2016,"August","Monday","02:55 am","080","Not Divided","Straight road","Slope","Not Applicable","Sealed","Wet","Raining","Night","Roll Over","01","Driver Rider","1: PDO","No Control","","",1316573.93,1634946.58,"13165741634947"
"2016-11718-27/05/2021","3 Country","WHYALLA NORRIE","5608","CC WHYALLA.                   ",2,0,0,0,0,2016,"July","Monday","11:00 am","050","Not Divided","CURVED, VIEW OPEN","Slope","Driveway or Entrance","Sealed","Unknown","Unknown","Daylight","Hit Fixed Object","01","Driver Rider","1: PDO","No Control","","",1237800.71,1884422.57,"12378011884423"
"2016-11719-27/05/2021","3 Country","BURDETT","5253","RC MURRAY BRIDGE.             ",2,1,0,0,1,2016,"July","Sunday","05:45 pm","100","Not Divided","Straight road","Level","Not Applicable","Sealed","Wet","Raining","Night","Hit Animal","02","Animal","2: MI","No Control","","",1395794.63,1651220.25,"13957951651220"
"2016-11720-27/05/2021","3 Country","MANNUM","5238","MID MURRAY DISTRICT COUNCIL",2,0,0,0,0,2016,"July","Sunday","02:15 pm","050","Cross Road","CURVED, VIEW OPEN","Level","Not Applicable","Sealed","Dry","Not Raining","Daylight","Right Angle","01","Driver Rider","1: PDO","Give Way Sign","","",1392267.68,1669077.73,"13922681669078"
"2016-11721-27/05/2021","2 Metropolitan","BLAKEVIEW","5114","CITY OF PLAYFORD.",2,0,0,0,0,2016,"July","Sunday","07:00 pm","050","Not Divided","Straight road","Level","Not Applicable","Sealed","Wet","Raining","Night","Hit Parked Vehicle","01","Driver Rider","1: PDO","No Control","","",1340105.71,1696779.78,"13401061696780"
"2016-11722-27/05/2021","2 Metropolitan","BELAIR","5052","CC MITCHAM.                   ",2,0,0,0,0,2016,"July","Thursday","07:30 am","060","Not Divided","CURVED, VIEW OBSCURED","Slope","Not Applicable","Sealed","Dry","Not Raining","Daylight","Rear End","01","Driver Rider","1: PDO","No Control","","",1330525.55,1662821.11,"13305261662821"
"2016-11723-27/05/2021","3 Country","ARDROSSAN","5571","YORKE PENINSULA COUNCIL",2,0,0,0,0,2016,"July","Friday","06:30 pm","100","Not Divided","Straight road","Level","Not Applicable","Sealed","Dry","Not Raining","Night","Hit Animal","02","Animal","1: PDO","No Control","","",1266548.4,1726369.5,"12665481726370"
"2016-11724-27/05/2021","2 Metropolitan","ENFIELD","5085","CITY OF PORT ADELAIDE ENFIELD",2,1,0,0,1,2016,"August","Monday","08:30 am","060","Divided Road","Straight road","Level","Not Applicable","Sealed","Wet","Raining","Daylight","Rear End","02","Driver Rider","2: MI","No Control","","",1328818.62,1678710.69,"13288191678711"