"REPORT_ID","Stats Area","Suburb","Postcode","LGA Name","Total Units","Total Cas","Total Fats","Total SI","Total MI","Year","Month","Day","Time","Area Speed","Position Type","Horizontal Align","Vertical Align","Other Feat","Road Surface","Moisture Cond","Weather Cond","DayNight","Crash Type","Unit Resp","Entity Code","CSEF Severity","Traffic Ctrls","DUI Involved","Drugs Involved","ACCLOC_X","ACCLOC_Y","UNIQUE_LOC"
"2016-12451-27/05/2021","3 Country","CONDOWIE","5464","WAKEFIELD REGIONAL COUNCIL",1,0,0,0,0,2016,"August","Saturday","08:30 pm","100","Not Divided","Straight road","Level","Not Applicable","Unsealed","Dry","Not Raining","Night","Roll Over","01","Driver Rider","1: PDO","No Control","","",1302414.39,1795503.56,"13024141795504"
"2016-12452-27/05/2021","2 Metropolitan","SOUTH PLYMPTON","5038","CC MARION.                    ",2,0,0,0,0,2016,"August","Wednesday","11:10 am","050","Cross Road","Straight road","Level","Not Applicable","Sealed","Dry","Not Raining","Daylight","Right Angle","01","Driver Rider","1: PDO","Give Way Sign","","",1324708.29,1664736.7,"13247081664737"
"2016-12453-27/05/2021","3 Country","WILLIAMSTOWN","5351","THE BAROSSA COUNCIL.",2,0,0,0,0,2016,"August","Wednesday","06:05 am","100","Not Divided","CURVED, VIEW OBSCURED","Level","Not Applicable","Sealed","Dry","Not Raining","Night","Hit Animal","02","Animal","1: PDO","No Control","","",1358781.77,1694825.29,"13587821694825"
"2016-12454-27/05/2021","1 City","ADELAIDE","5000","CITY OF ADELAIDE",2,0,0,0,0,2016,"August","Wednesday","04:20 pm","050","Divided Road","Straight road","Level","Not Applicable","Sealed","Dry","Not Raining","Daylight","Right Angle","02","Driver Rider","1: PDO","No Control","","",1328654.09,1669883.32,"13286541669883"
"2016-12455-27/05/2021","2 Metropolitan","DOVER GARDENS","5048","CC MARION.                    ",2,1,0,0,1,2016,"August","Saturday","11:40 am","050","Cross Road","Straight road","Level","Not Applicable","Sealed","Dry","Not Raining","Daylight","Right Turn","02","Driver Rider","2: MI","Give Way Sign","","",1322711.79,1659834.12,"13227121659834"
"2016-12456-27/05/2021","2 Metropolitan","LARGS NORTH","5016","CITY OF PORT ADELAIDE ENFIELD",2,1,0,0,1,2016,"August","Tuesday","02:40 pm","050","T-Junction","Straight road","Level","Not Applicable","Sealed","Dry","Not Raining","Daylight","Rear End","02","Driver Rider","2: MI","No Control","","",1319072.92,1682861.39,"13190731682861"
"2016-12457-27/05/2021","2 Metropolitan","PARALOWIE","5108","CITY OF SALISBURY",2,0,0,0,0,2016,"August","Friday","05:30 pm","060","Not Divided","Straight road","Level","Not Applicable","Sealed","Dry","Not Raining","Daylight","Hit Parked Vehicle","02","Driver Rider","1: PDO","No Control","","",1330606.95,1688971.64,"13306071688972"
"2016-12458-27/05/2021","2 Metropolitan","THEBARTON","5031","CITY OF WEST TORRENS",2,0,0,0,0,2016,"August","Wednesday","07:45 am","050","Not Divided","Straight road","Level","Driveway or Entrance","Sealed","Dry","Not Raining","Daylight","Right Angle","01","Driver Rider","1: PDO","No Control","","",1326328.72,1671744.4,"13263291671744"
"2016-12459-27/05/2021","2 Metropolitan","ELIZABETH SOUTH","5112","CITY OF PLAYFORD.",2,0,0,0,0,2016,"August","Wednesday","05:10 pm","050","Not Divided","Straight road","Level","Not Applicable","Sealed","Dry","Not Raining","Daylight","Rear End","01","Driver Rider","1: PDO","No Control","","",1334825.23,1691788.38,"13348251691788"
"2016-12460-27/05/2021","2 Metropolitan","MCLAREN VALE","5171","CITY OF ONKAPARINGA",2,1,0,0,1,2016,"August","Wednesday","02:45 pm","050","Not Divided","Straight road","Level","Roadworks","Sealed","Dry","Not Raining","Daylight","Rear End","02","Driver Rider","2: MI","No Control","","",1322616.93,1638144.87,"13226171638145"
"2016-12461-27/05/2021","2 Metropolitan","ENFIELD","5085","CITY OF PORT ADELAIDE ENFIELD",2,0,0,0,0,2016,"August","Monday","08:18 am","050","Not Divided","Straight road","Level","Not Applicable","Sealed","Dry","Not Raining","Daylight","Hit Parked Vehicle","02","Driver Rider","1: PDO","No Control","","",1329372.74,1676579.45,"13293731676579"
"2016-12462-27/05/2021","2 Metropolitan","KESWICK","5035","CITY OF WEST TORRENS",4,2,0,0,2,2016,"August","Wednesday","05:40 pm","060","Divided Road","Straight road","Level","Not Applicable","Sealed","Dry","Not Raining","Daylight","Rear End","02","Driver Rider","2: MI","No Control","","",1326793.73,1668807.31,"13267941668807"
"2016-12463-27/05/2021","2 Metropolitan","HAWTHORNDENE","5051","CC MITCHAM.                   ",1,0,0,0,0,2016,"August","Tuesday","07:20 pm","060","Divided Road","CURVED, VIEW OBSCURED","Slope","Not Applicable","Sealed","Wet","Raining","Night","Roll Over","01","Driver Rider","1: PDO","No Control","","",1330287.36,1659615.12,"13302871659615"
"2016-12464-27/05/2021","2 Metropolitan","NORWOOD","5067","CC OF NORWOOD,PAYNEHAM & ST PETERS",2,0,0,0,0,2016,"August","Wednesday","03:35 pm","060","Cross Road","Straight road","Level","Not Applicable","Sealed","Dry","Not Raining","Daylight","Right Angle","01","Driver Rider","1: PDO","Stop Sign","","",1331050.76,1670373.67,"13310511670374"
"2016-12465-27/05/2021","2 Metropolitan","KINGSWOOD","5062","CC MITCHAM.                   ",4,0,0,0,0,2016,"August","Wednesday","02:45 pm","060","T-Junction","Straight road","Level","Not Applicable","Sealed","Dry","Not Raining","Daylight","Rear End","01","Driver Rider","1: PDO","Stop Sign","","",1329155.47,1665574.56,"13291551665575"
"2016-12466-27/05/2021","2 Metropolitan","HAWTHORN","5062","CC MITCHAM.                   ",2,0,0,0,0,2016,"August","Wednesday","05:40 pm","040","T-Junction","Straight road","Level","Not Applicable","Sealed","Dry","Not Raining","Daylight","Hit Fixed Object","01","Driver Rider","1: PDO","No Control","","",1328607.88,1665559.32,"13286081665559"
"2016-12467-27/05/2021","2 Metropolitan","EDWARDSTOWN","5039","CC MARION.                    ",2,0,0,0,0,2016,"August","Wednesday","02:45 pm","050","Not Divided","Straight road","Level","Road hump or Slow point","Sealed","Dry","Not Raining","Daylight","Hit Fixed Object","01","Driver Rider","1: PDO","No Control","","",1325494.8,1665407.6,"13254951665408"
"2016-12468-27/05/2021","2 Metropolitan","GEPPS CROSS","5094","CITY OF PORT ADELAIDE ENFIELD",2,0,0,0,0,2016,"August","Wednesday","07:25 pm","060","Multiple","Straight road","Level","Not Applicable","Sealed","Dry","Not Raining","Night","Rear End","02","Driver Rider","1: PDO","Traffic Signals","","",1328802.51,1679265.44,"13288031679265"
"2016-12469-27/05/2021","2 Metropolitan","LARGS BAY","5016","CITY OF PORT ADELAIDE ENFIELD",1,0,0,0,0,2016,"August","Wednesday","04:28 pm","060","Divided Road","Straight road","Level","Driveway or Entrance","Sealed","Dry","Not Raining","Daylight","Other","01","Driver Rider","1: PDO","No Control","","",1319753.78,1682453.97,"13197541682454"
"2016-12470-27/05/2021","2 Metropolitan","WOODVILLE WEST","5011","CITY OF CHARLES STURT",3,1,0,0,1,2016,"August","Wednesday","04:45 pm","060","Cross Road","Straight road","Level","Not Applicable","Sealed","Dry","Not Raining","Daylight","Right Turn","01","Driver Rider","2: MI","Give Way Sign","","",1322377.02,1675014.67,"13223771675015"
"2016-12471-27/05/2021","3 Country","WIRREGA","5267","DC TATIARA.                   ",2,0,0,0,0,2016,"August","Wednesday","07:00 pm","110","Not Divided","Straight road","Level","Not Applicable","Sealed","Dry","Not Raining","Night","Hit Object on Road","01","Driver Rider","1: PDO","No Control","","",1502227.29,1520942.04,"15022271520942"
"2016-12472-27/05/2021","2 Metropolitan","COWANDILLA","5033","CITY OF WEST TORRENS",4,0,0,0,0,2016,"August","Wednesday","04:55 pm","060","Divided Road","Straight road","Level","Not Applicable","Sealed","Dry","Not Raining","Daylight","Rear End","01","Driver Rider","1: PDO","No Control","","",1324144.08,1669759.48,"13241441669759"
"2016-12473-27/05/2021","2 Metropolitan","SOMERTON PARK","5044","CITY OF HOLDFAST BAY",2,0,0,0,0,2016,"August","Wednesday","07:39 pm","060","T-Junction","Straight road","Level","Not Applicable","Sealed","Dry","Not Raining","Night","Right Turn","02","Driver Rider","1: PDO","No Control","","",1321839.8,1663130.78,"13218401663131"
"2016-12474-27/05/2021","2 Metropolitan","SALISBURY EAST","5109","CITY OF SALISBURY",6,3,0,1,2,2016,"August","Wednesday","06:30 pm","080","Cross Road","Straight road","Level","Not Applicable","Sealed","Dry","Not Raining","Night","Right Angle","01","Driver Rider","3: SI","Traffic Signals","","",1333289.2,1685362.95,"13332891685363"
"2016-12475-27/05/2021","2 Metropolitan","NOVAR GARDENS","5040","CITY OF WEST TORRENS",2,0,0,0,0,2016,"August","Wednesday","08:10 pm","060","T-Junction","Straight road","Level","Not Applicable","Sealed","Dry","Not Raining","Night","Right Angle","01","Driver Rider","1: PDO","Give Way Sign","","",1322586.23,1667290.22,"13225861667290"
"2016-12476-27/05/2021","2 Metropolitan","HINDMARSH","5007","CITY OF CHARLES STURT",2,0,0,0,0,2016,"August","Wednesday","11:20 pm","060","Divided Road","Straight road","Level","Not Applicable","Sealed","Dry","Not Raining","Night","Hit Parked Vehicle","01","Driver Rider","1: PDO","No Control","Y","",1325736.59,1673237.81,"13257371673238"
"2016-12477-27/05/2021","2 Metropolitan","BURTON","5110","CITY OF SALISBURY",2,0,0,0,0,2016,"August","Wednesday","11:00 pm","050","Not Divided","Straight road","Level","Not Applicable","Sealed","Dry","Not Raining","Night","Hit Parked Vehicle","02","Driver Rider","1: PDO","No Control","","",1328443.14,1691179.98,"13284431691180"
"2016-12478-27/05/2021","2 Metropolitan","BOLIVAR","5110","CITY OF SALISBURY",2,0,0,0,0,2016,"August","Wednesday","07:15 am","090","Divided Road","Straight road","Level","Not Applicable","Sealed","Dry","Not Raining","Daylight","Side Swipe","02","Driver Rider","1: PDO","No Control","","",1328299.45,1689342.81,"13282991689343"
"2016-12479-27/05/2021","2 Metropolitan","UNDERDALE","5032","CITY OF WEST TORRENS",2,0,0,0,0,2016,"August","Thursday","02:53 am","050","T-Junction","Straight road","Level","Not Applicable","Sealed","Dry","Not Raining","Night","Hit Fixed Object","01","Driver Rider","1: PDO","No Control","","",1323836.68,1671456.66,"13238371671457"
"2016-12480-27/05/2021","3 Country","VINE VALE","5352","THE BAROSSA COUNCIL.",2,0,0,0,0,2016,"August","Wednesday","02:21 pm","080","Cross Road","Straight road","Level","Not Applicable","Sealed","Dry","Not Raining","Daylight","Right Angle","02","Driver Rider","1: PDO","Stop Sign","","",1367079.35,1714856.35,"13670791714856"
"2016-12481-27/05/2021","2 Metropolitan","MOUNT BARKER","5251","DC MT.BARKER.                 ",2,0,0,0,0,2016,"August","Thursday","08:00 am","060","Divided Road","Straight road","Slope","Driveway or Entrance","Sealed","Dry","Not Raining","Daylight","Right Angle","01","Driver Rider","1: PDO","No Control","","",1351248.99,1654360.16,"13512491654360"
"2016-12482-27/05/2021","3 Country","TANUNDA","5352","THE BAROSSA COUNCIL.",2,0,0,0,0,2016,"August","Thursday","07:45 am","050","Not Divided","Straight road","Level","Not Applicable","Sealed","Dry","Not Raining","Daylight","Hit Fixed Object","09","Other","1: PDO","No Control","","",1362135.52,1713476.33,"13621361713476"
"2016-12483-27/05/2021","2 Metropolitan","FLINDERS PARK","5025","CITY OF CHARLES STURT",2,0,0,0,0,2016,"August","Wednesday","05:15 pm","050","Cross Road","Straight road","Level","Not Applicable","Sealed","Dry","Not Raining","Daylight","Right Angle","02","Driver Rider","1: PDO","Give Way Sign","","",1323790.12,1672832.48,"13237901672832"
"2016-12484-27/05/2021","2 Metropolitan","ST AGNES","5097","CITY OF TEA TREE GULLY",2,1,0,0,1,2016,"August","Thursday","08:24 am","060","Not Divided","Straight road","Slope","Unknown","Sealed","Dry","Not Raining","Daylight","Hit Pedestrian","02","Pedestrian","2: MI","No Control","","",1339750.21,1681124.18,"13397501681124"
"2016-12485-27/05/2021","2 Metropolitan","MAWSON LAKES","5095","CITY OF SALISBURY",2,1,0,0,1,2016,"August","Thursday","08:30 am","050","T-Junction","Straight road","Level","Not Applicable","Sealed","Dry","Not Raining","Daylight","Rear End","02","Driver Rider","2: MI","Traffic Signals","","",1330161.17,1681793.31,"13301611681793"
"2016-12486-27/05/2021","2 Metropolitan","NORTH PLYMPTON","5037","CITY OF WEST TORRENS",2,1,0,0,1,2016,"August","Thursday","07:49 am","060","T-Junction","Straight road","Level","Not Applicable","Sealed","Dry","Not Raining","Daylight","Rear End","02","Driver Rider","2: MI","Traffic Signals","","",1324194.96,1668222.98,"13241951668223"
"2016-12487-27/05/2021","3 Country","COOBER PEDY","5723",,2,0,0,0,0,2016,"August","Thursday","04:00 am","110","Not Divided","Straight road","Level","Not Applicable","Sealed","Dry","Not Raining","Night","Hit Animal","02","Animal","1: PDO","No Control","","",951872.07,2358337.26,"09518722358337"
"2016-12488-27/05/2021","2 Metropolitan","FITZROY","5082","CITY OF PROSPECT",3,0,0,0,0,2016,"August","Wednesday","03:00 pm","060","Cross Road","Straight road","Level","Not Applicable","Sealed","Dry","Not Raining","Daylight","Rear End","01","Driver Rider","1: PDO","Traffic Signals","","",1327513.27,1673636.83,"13275131673637"
"2016-12489-27/05/2021","2 Metropolitan","ASHTON","5137","THE ADELAIDE HILLS COUNCIL",2,1,0,0,1,2016,"August","Thursday","09:00 am","080","Cross Road","CURVED, VIEW OBSCURED","Slope","Not Applicable","Sealed","Dry","Not Raining","Daylight","Right Angle","02","Driver Rider","2: MI","Give Way Sign","","",1340973.53,1668692.88,"13409741668693"
"2016-12490-27/05/2021","2 Metropolitan","CLARENCE GARDENS","5039","CC MITCHAM.                   ",2,0,0,0,0,2016,"August","Thursday","12:30 pm","060","Rail Xing","Straight road","Level","Not Applicable","Sealed","Dry","Not Raining","Daylight","Rear End","01","Driver Rider","1: PDO","Traffic Signals","","",1325891.47,1666156.75,"13258911666157"
"2016-12491-27/05/2021","2 Metropolitan","WARD BELT","5118","LIGHT REGIONAL COUNCIL",1,1,0,0,1,2016,"August","Thursday","12:09 pm","110","Freeway","Straight road","Level","Not Applicable","Sealed","Dry","Not Raining","Daylight","Left Road - Out of Control","01","Driver Rider","2: MI","No Control","","",1338798.5,1705879.41,"13387991705879"
"2016-12492-27/05/2021","2 Metropolitan","WALKERVILLE","5081","WALKERVILLE TOWN COUNCIL",2,0,0,0,0,2016,"August","Thursday","09:00 am","060","Cross Road","Straight road","Level","Not Applicable","Sealed","Dry","Not Raining","Daylight","Rear End","02","Driver Rider","1: PDO","Traffic Signals","","",1329938.27,1673778.74,"13299381673779"
"2016-12493-27/05/2021","2 Metropolitan","WATERLOO CORNER","5110","CITY OF SALISBURY",2,0,0,0,0,2016,"August","Thursday","11:48 am","090","Not Divided","Straight road","Level","Not Applicable","Sealed","Dry","Not Raining","Daylight","Side Swipe","01","Driver Rider","1: PDO","No Control","","",1328418.45,1692380.28,"13284181692380"
"2016-12494-27/05/2021","3 Country","KAPUNDA","5373","LIGHT REGIONAL COUNCIL",2,0,0,0,0,2016,"August","Wednesday","08:50 pm","100","Not Divided","CURVED, VIEW OPEN","Slope","Not Applicable","Sealed","Dry","Not Raining","Night","Hit Fixed Object","01","Driver Rider","1: PDO","No Control","Y","",1360109.55,1736736.49,"13601101736736"
"2016-12495-27/05/2021","2 Metropolitan","PROSPECT","5082","CITY OF PROSPECT",2,0,0,0,0,2016,"August","Thursday","02:50 pm","060","Divided Road","Straight road","Level","Not Applicable","Sealed","Dry","Not Raining","Daylight","Rear End","02","Driver Rider","1: PDO","No Control","","",1327287.28,1676394.02,"13272871676394"
"2016-12496-27/05/2021","2 Metropolitan","GAWLER EAST","5118","CT GAWLER.                    ",2,0,0,0,0,2016,"August","Thursday","07:40 am","040","Not Divided","Straight road","Slope","Not Applicable","Sealed","Dry","Not Raining","Daylight","Hit Fixed Object","01","Driver Rider","1: PDO","No Control","","",1343676.93,1705786.89,"13436771705787"
"2016-12497-27/05/2021","2 Metropolitan","MAGILL","5072","CC CAMPBELLTOWN.              ",2,0,0,0,0,2016,"August","Thursday","01:45 pm","060","Not Divided","Straight road","Slope","Not Applicable","Sealed","Dry","Not Raining","Daylight","Side Swipe","02","Driver Rider","1: PDO","No Control","","",1335354.44,1671845.1,"13353541671845"
"2016-12498-27/05/2021","3 Country","WHYALLA STUART","5608","CC WHYALLA.                   ",2,1,0,0,1,2016,"August","Thursday","03:10 pm","060","Cross Road","Straight road","Level","Not Applicable","Sealed","Dry","Not Raining","Daylight","Hit Fixed Object","01","Driver Rider","2: MI","Roundabout","","",1235649.87,1882798.37,"12356501882798"
"2016-12499-27/05/2021","2 Metropolitan","EVANSTON SOUTH","5116","CT GAWLER.                    ",2,0,0,0,0,2016,"August","Thursday","04:10 pm","090","Cross Road","Straight road","Level","Not Applicable","Sealed","Dry","Not Raining","Daylight","Rear End","01","Driver Rider","1: PDO","Traffic Signals","","",1340943.52,1701990.7,"13409441701991"
"2016-12500-27/05/2021","2 Metropolitan","HILLBANK","5112","CITY OF PLAYFORD.",3,0,0,0,0,2016,"August","Thursday","05:33 pm","080","Cross Road","Straight road","Level","Not Applicable","Sealed","Dry","Not Raining","Daylight","Rear End","01","Driver Rider","1: PDO","Traffic Signals","","",1336127.25,1690847.05,"13361271690847"
"2016-12501-27/05/2021","2 Metropolitan","CLOVELLY PARK","5042","CC MARION.                    ",2,0,0,0,0,2016,"August","Friday","01:45 pm","060","Divided Road","Straight road","Level","Not Applicable","Sealed","Dry","Not Raining","Daylight","Rear End","02","Driver Rider","1: PDO","No Control","","",1325893.82,1663321.91,"13258941663322"
"2016-12502-27/05/2021","2 Metropolitan","NORWOOD","5067","CC OF NORWOOD,PAYNEHAM & ST PETERS",2,0,0,0,0,2016,"August","Wednesday","09:25 pm","060","T-Junction","Straight road","Level","Not Applicable","Sealed","Dry","Not Raining","Night","Right Angle","02","Driver Rider","1: PDO","No Control","","",1330829.19,1671050.91,"13308291671051"
"2016-12503-27/05/2021","2 Metropolitan","NOARLUNGA CENTRE","5168","CITY OF ONKAPARINGA",2,3,0,0,3,2016,"August","Thursday","03:50 pm","060","T-Junction","Straight road","Level","Not Applicable","Sealed","Dry","Not Raining","Daylight","Right Turn","02","Driver Rider","2: MI","Traffic Signals","","Y",1318788.81,1647471.6,"13187891647472"
"2016-12504-27/05/2021","2 Metropolitan","GILBERTON","5081","WALKERVILLE TOWN COUNCIL",2,1,0,0,1,2016,"August","Thursday","04:50 pm","050","Not Divided","Straight road","Level","Driveway or Entrance","Sealed","Dry","Not Raining","Daylight","Hit Fixed Object","01","Driver Rider","2: MI","No Control","","",1329717.86,1673956.59,"13297181673957"
"2016-12505-27/05/2021","2 Metropolitan","NEWTON","5074","CC CAMPBELLTOWN.              ",2,0,0,0,0,2016,"August","Thursday","03:02 pm","060","T-Junction","Straight road","Level","Not Applicable","Sealed","Dry","Not Raining","Daylight","Rear End","01","Driver Rider","1: PDO","Stop Sign","","",1337017.24,1675378.51,"13370171675379"
"2016-12506-27/05/2021","2 Metropolitan","SALISBURY EAST","5109","CITY OF SALISBURY",2,2,0,0,2,2016,"August","Thursday","05:30 pm","060","T-Junction","Straight road","Level","Not Applicable","Sealed","Dry","Not Raining","Daylight","Rear End","01","Driver Rider","2: MI","Traffic Signals","","",1334901.75,1685566.81,"13349021685567"
"2016-12507-27/05/2021","2 Metropolitan","ELIZABETH","5112","CITY OF PLAYFORD.",2,0,0,0,0,2016,"August","Thursday","06:50 pm","060","T-Junction","Straight road","Level","Not Applicable","Sealed","Dry","Not Raining","Night","Right Angle","02","Driver Rider","1: PDO","Traffic Signals","","",1335579.02,1693066.01,"13355791693066"
"2016-12508-27/05/2021","2 Metropolitan","STURT","5047","CC MARION.                    ",2,0,0,0,0,2016,"August","Thursday","06:20 pm","060","Divided Road","Straight road","Level","Not Applicable","Sealed","Wet","Raining","Night","Rear End","01","Driver Rider","1: PDO","No Control","","",1323770.67,1660655.86,"13237711660656"
"2016-12509-27/05/2021","2 Metropolitan","BOLIVAR","5110","CITY OF SALISBURY",2,0,0,0,0,2016,"August","Thursday","04:00 pm","090","T-Junction","Straight road","Level","Not Applicable","Sealed","Dry","Not Raining","Daylight","Rear End","02","Driver Rider","1: PDO","Traffic Signals","","",1328457.27,1688613.24,"13284571688613"
"2016-12510-27/05/2021","2 Metropolitan","SEACLIFF PARK","5049","CITY OF HOLDFAST BAY",2,0,0,0,0,2016,"August","Thursday","08:24 pm","060","Divided Road","Straight road","Level","Not Applicable","Sealed","Wet","Raining","Night","Side Swipe","02","Driver Rider","1: PDO","No Control","","",1321186.3,1659287.92,"13211861659288"
"2016-12511-27/05/2021","2 Metropolitan","ALDGATE","5154","THE ADELAIDE HILLS COUNCIL",3,0,0,0,0,2016,"August","Thursday","03:35 pm","060","Not Divided","CURVED, VIEW OPEN","Level","Not Applicable","Sealed","Dry","Not Raining","Daylight","Hit Fixed Object","01","Driver Rider","1: PDO","No Control","","",1341315.13,1658556.88,"13413151658557"
"2016-12512-27/05/2021","2 Metropolitan","WEST BEACH","5024","CITY OF WEST TORRENS",3,1,0,0,1,2016,"August","Thursday","05:45 pm","080","Divided Road","Straight road","Level","Not Applicable","Sealed","Dry","Not Raining","Daylight","Rear End","01","Driver Rider","2: MI","No Control","","Y",1320918.19,1669225.91,"13209181669226"
"2016-12513-27/05/2021","2 Metropolitan","NORWOOD","5067","CC OF NORWOOD,PAYNEHAM & ST PETERS",3,0,0,0,0,2016,"August","Thursday","06:20 pm","060","T-Junction","Straight road","Level","Not Applicable","Sealed","Wet","Raining","Night","Rear End","02","Driver Rider","1: PDO","No Control","","",1332249.59,1671361.46,"13322501671361"
"2016-12514-27/05/2021","2 Metropolitan","LIGHTSVIEW","5085","CITY OF PORT ADELAIDE ENFIELD",2,0,0,0,0,2016,"August","Thursday","04:00 pm","060","Divided Road","Straight road","Level","Not Applicable","Sealed","Dry","Not Raining","Daylight","Rear End","02","Driver Rider","1: PDO","No Control","","",1330400.92,1677973.96,"13304011677974"
"2016-12515-27/05/2021","3 Country","PENNESHAW","5222","KANGAROO ISLAND COUNCIL",3,1,0,1,0,2016,"August","Thursday","02:45 pm","050","Not Divided","Straight road","Slope","Not Applicable","Unsealed","Wet","Raining","Daylight","Hit Pedestrian","01","Driver Rider","3: SI","No Control","","",1266409.16,1583817.66,"12664091583818"
"2016-12516-27/05/2021","2 Metropolitan","MORPHETT VALE","5162","CITY OF ONKAPARINGA",2,0,0,0,0,2016,"August","Thursday","07:50 pm","060","Cross Road","Straight road","Slope","Not Applicable","Sealed","Wet","Raining","Night","Right Angle","02","Driver Rider","1: PDO","Roundabout","","",1321902.82,1651049.48,"13219031651049"
"2016-12517-27/05/2021","1 City","ADELAIDE","5000","CITY OF ADELAIDE",2,0,0,0,0,2016,"August","Thursday","10:12 pm","050","Cross Road","Straight road","Level","Not Applicable","Sealed","Wet","Raining","Night","Right Turn","02","Driver Rider","1: PDO","Traffic Signals","","",1329231.17,1671000.93,"13292311671001"
"2016-12518-27/05/2021","3 Country","WUNKAR","5311","LOXTON WAIKERIE DISTRICT COUNCIL",2,4,1,3,0,2016,"August","Thursday","05:00 pm","100","Not Divided","Straight road","Crest of Hill","Not Applicable","Unsealed","Dry","Not Raining","Daylight","Head On","01","Driver Rider","4: Fatal","No Control","","",1473866.55,1711892.23,"14738671711892"
"2016-12519-27/05/2021","2 Metropolitan","PAECHTOWN","5245","DC MT.BARKER.                 ",2,0,0,0,0,2016,"August","Thursday","09:30 pm","110","Freeway","Straight road","Level","Not Applicable","Sealed","Wet","Raining","Night","Hit Fixed Object","01","Driver Rider","1: PDO","No Control","","",1348529.2,1656301.97,"13485291656302"
"2016-12520-27/05/2021","2 Metropolitan","PLYMPTON","5038","CITY OF WEST TORRENS",2,0,0,0,0,2016,"August","Thursday","10:00 pm","060","T-Junction","Straight road","Level","Not Applicable","Sealed","Wet","Raining","Night","Hit Parked Vehicle","01","Driver Rider","1: PDO","No Control","","",1324686.3,1666916.43,"13246861666916"
"2016-12521-27/05/2021","1 City","NORTH ADELAIDE","5006","CITY OF ADELAIDE",2,0,0,0,0,2016,"August","Thursday","11:30 pm","050","Cross Road","Straight road","Level","Not Applicable","Sealed","Wet","Raining","Night","Right Angle","02","Driver Rider","1: PDO","Traffic Signals","","",1328111.74,1673172.85,"13281121673173"
"2016-12522-27/05/2021","2 Metropolitan","ONKAPARINGA HILLS","5163","CITY OF ONKAPARINGA",2,0,0,0,0,2016,"August","Friday","01:00 am","050","Not Divided","Straight road","Level","Not Applicable","Sealed","Wet","Raining","Night","Hit Parked Vehicle","01","Driver Rider","1: PDO","No Control","","",1322513.28,1646958.41,"13225131646958"
"2016-12523-27/05/2021","3 Country","MURRAY BRIDGE","5253","RC MURRAY BRIDGE.             ",2,0,0,0,0,2016,"August","Thursday","04:45 pm","060","Not Divided","CURVED, VIEW OPEN","Level","Driveway or Entrance","Sealed","Dry","Not Raining","Daylight","Right Angle","01","Driver Rider","1: PDO","No Control","","",1387649.24,1646149.03,"13876491646149"
"2016-12524-27/05/2021","2 Metropolitan","SEATON","5023","CITY OF CHARLES STURT",2,1,0,1,0,2016,"August","Friday","06:30 am","060","T-Junction","Straight road","Level","Not Applicable","Sealed","Wet","Not Raining","Night","Right Angle","01","Driver Rider","3: SI","No Control","","",1320764.68,1674224.38,"13207651674224"
"2016-12525-27/05/2021","3 Country","HAYBOROUGH","5211","DC VICTOR HARBOR.             ",2,0,0,0,0,2016,"August","Friday","08:25 am","050","Not Divided","CURVED, VIEW OPEN","Slope","Not Applicable","Sealed","Wet","Raining","Daylight","Hit Parked Vehicle","01","Driver Rider","1: PDO","No Control","","",1329845.11,1603873.64,"13298451603874"
"2016-12526-27/05/2021","2 Metropolitan","PROSPECT","5082","CITY OF PROSPECT",2,0,0,0,0,2016,"August","Friday","09:23 am","060","Cross Road","Straight road","Level","Not Applicable","Sealed","Wet","Raining","Daylight","Right Turn","02","Driver Rider","1: PDO","Traffic Signals","","",1328872.94,1676442.07,"13288731676442"
"2016-12527-27/05/2021","2 Metropolitan","ADELAIDE","5000","CITY OF UNLEY",2,0,0,0,0,2016,"August","Friday","07:30 am","060","Pedestrian Crossing","Straight road","Level","Not Applicable","Sealed","Wet","Raining","Daylight","Rear End","02","Driver Rider","1: PDO","Traffic Signals","","",1327205.44,1668928.49,"13272051668928"
"2016-12528-27/05/2021","2 Metropolitan","BUGLE RANGES","5251","DC MT.BARKER.                 ",2,0,0,0,0,2016,"August","Thursday","08:35 am","080","Not Divided","Straight road","Level","Not Applicable","Sealed","Dry","Not Raining","Daylight","Hit Fixed Object","01","Driver Rider","1: PDO","No Control","","",1350109.78,1646929.77,"13501101646930"
"2016-12529-27/05/2021","2 Metropolitan","HIGHGATE","5063","CITY OF UNLEY",2,0,0,0,0,2016,"August","Friday","08:10 am","040","Not Divided","Straight road","Level","Driveway or Entrance","Sealed","Wet","Not Raining","Daylight","Right Angle","02","Driver Rider","1: PDO","No Control","","",1329941.67,1666897.71,"13299421666898"
"2016-12530-27/05/2021","2 Metropolitan","LONSDALE","5160","CITY OF ONKAPARINGA",3,0,0,0,0,2016,"August","Thursday","06:05 pm","100","Divided Road","Straight road","Level","Not Applicable","Sealed","Wet","Raining","Night","Hit Animal","02","Animal","1: PDO","No Control","","",1318498.26,1651978.23,"13184981651978"