"REPORT_ID","Stats Area","Suburb","Postcode","LGA Name","Total Units","Total Cas","Total Fats","Total SI","Total MI","Year","Month","Day","Time","Area Speed","Position Type","Horizontal Align","Vertical Align","Other Feat","Road Surface","Moisture Cond","Weather Cond","DayNight","Crash Type","Unit Resp","Entity Code","CSEF Severity","Traffic Ctrls","DUI Involved","Drugs Involved","ACCLOC_X","ACCLOC_Y","UNIQUE_LOC"
"2016-13335-27/05/2021","3 Country","NARACOORTE","5271","DC NARACOORTE & LUCINDALE.",2,0,0,0,0,2016,"September","Thursday","09:15 am","050","Cross Road","CURVED, VIEW OPEN","Slope","Not Applicable","Sealed","Dry","Not Raining","Daylight","Right Angle","02","Driver Rider","1: PDO","Stop Sign","","",1511665.92,1436599.85,"15116661436600"
"2016-13336-27/05/2021","2 Metropolitan","SALISBURY DOWNS","5108","CITY OF SALISBURY",2,0,0,0,0,2016,"September","Wednesday","11:50 am","060","Cross Road","Straight road","Level","Not Applicable","Sealed","Dry","Not Raining","Daylight","Rear End","02","Driver Rider","1: PDO","Traffic Signals","","",1331452.34,1686817.44,"13314521686817"
"2016-13337-27/05/2021","2 Metropolitan","PARADISE","5075","CC CAMPBELLTOWN.              ",2,2,0,0,2,2016,"September","Thursday","08:25 am","060","T-Junction","Straight road","Level","Not Applicable","Sealed","Wet","Raining","Daylight","Right Turn","01","Driver Rider","2: MI","No Control","","",1334812.09,1676500.53,"13348121676501"
"2016-13338-27/05/2021","2 Metropolitan","WOODVILLE PARK","5011","CITY OF CHARLES STURT",2,0,0,0,0,2016,"September","Thursday","08:35 am","060","Divided Road","Straight road","Level","Not Applicable","Sealed","Wet","Raining","Daylight","Rear End","01","Driver Rider","1: PDO","No Control","","",1323834.37,1674947.53,"13238341674948"
"2016-13339-27/05/2021","2 Metropolitan","HINDMARSH","5007","CITY OF CHARLES STURT",2,0,0,0,0,2016,"September","Thursday","09:45 am","060","T-Junction","Straight road","Level","Not Applicable","Sealed","Wet","Raining","Daylight","Right Angle","01","Driver Rider","1: PDO","No Control","","",1325675.02,1672957.74,"13256751672958"
"2016-13340-27/05/2021","2 Metropolitan","KILKENNY","5009","CITY OF CHARLES STURT",2,1,0,0,1,2016,"September","Thursday","10:00 am","060","Cross Road","Straight road","Level","Not Applicable","Sealed","Wet","Raining","Daylight","Right Turn","02","Driver Rider","2: MI","Stop Sign","","",1324553.02,1676338.73,"13245531676339"
"2016-13341-27/05/2021","2 Metropolitan","PLYMPTON","5038","CITY OF WEST TORRENS",2,0,0,0,0,2016,"September","Tuesday","06:30 pm","060","Not Divided","Straight road","Level","Not Applicable","Sealed","Dry","Not Raining","Night","Rear End","02","Driver Rider","1: PDO","No Control","","",1324229.07,1666505.53,"13242291666506"
"2016-13342-27/05/2021","3 Country","SUTTONTOWN","5291","DISTRICT COUNCIL OF GRANT",2,0,0,0,0,2016,"September","Wednesday","12:30 pm","060","T-Junction","CURVED, VIEW OBSCURED","Slope","Not Applicable","Sealed","Dry","Not Raining","Daylight","Right Angle","02","Driver Rider","1: PDO","Give Way Sign","","",1511299.23,1342907.25,"15112991342907"
"2016-13343-27/05/2021","2 Metropolitan","REGENCY PARK","5010","CITY OF PORT ADELAIDE ENFIELD",3,0,0,0,0,2016,"September","Thursday","11:30 am","060","Cross Road","Straight road","Level","Not Applicable","Sealed","Wet","Raining","Daylight","Rear End","01","Driver Rider","1: PDO","Traffic Signals","","",1326061.04,1676365.88,"13260611676366"
"2016-13344-27/05/2021","2 Metropolitan","SEAFORD RISE","5169","CITY OF ONKAPARINGA",2,0,0,0,0,2016,"September","Thursday","08:40 am","090","Not Divided","Straight road","Slope","Not Applicable","Sealed","Wet","Raining","Daylight","Rear End","01","Driver Rider","1: PDO","No Control","","",1317519.48,1639693.24,"13175191639693"
"2016-13345-27/05/2021","2 Metropolitan","KINGS PARK","5034","CITY OF UNLEY",3,0,0,0,0,2016,"September","Thursday","06:20 am","060","Not Divided","Straight road","Level","Not Applicable","Sealed","Wet","Not Raining","Night","Rear End","02","Driver Rider","1: PDO","No Control","","",1327505.69,1666278.55,"13275061666279"
"2016-13346-27/05/2021","2 Metropolitan","GLANDORE","5037","CITY OF WEST TORRENS",2,0,0,0,0,2016,"September","Friday","09:55 am","040","Not Divided","Straight road","Level","Driveway or Entrance","Sealed","Dry","Not Raining","Daylight","Right Angle","01","Driver Rider","1: PDO","No Control","","",1325650.57,1667441.05,"13256511667441"
"2016-13347-27/05/2021","2 Metropolitan","WARRADALE","5046","CC MARION.                    ",2,0,0,0,0,2016,"September","Thursday","01:20 pm","060","Cross Road","Straight road","Level","Not Applicable","Sealed","Wet","Not Raining","Daylight","Rear End","02","Driver Rider","1: PDO","Traffic Signals","","",1322704.87,1661540.26,"13227051661540"
"2016-13348-27/05/2021","3 Country","WARNERTOWN","5540","PT.PIRIE CITY & DIST. COUNCIL ",1,0,0,0,0,2016,"September","Thursday","11:55 am","110","Not Divided","Straight road","Slope","Not Applicable","Sealed","Dry","Not Raining","Daylight","Roll Over","01","Driver Rider","1: PDO","No Control","","",1289538.9,1859715.36,"12895391859715"
"2016-13349-27/05/2021","2 Metropolitan","OLD REYNELLA","5161","CITY OF ONKAPARINGA",2,1,0,1,0,2016,"September","Thursday","11:32 am","050","T-Junction","Straight road","Level","Not Applicable","Sealed","Wet","Raining","Daylight","Rear End","01","Driver Rider","3: SI","No Control","","",1322536.39,1652226.66,"13225361652227"
"2016-13350-27/05/2021","2 Metropolitan","KINGSWOOD","5062","CC MITCHAM.                   ",2,0,0,0,0,2016,"September","Thursday","09:07 am","060","T-Junction","Straight road","Level","Not Applicable","Sealed","Wet","Raining","Daylight","Side Swipe","02","Driver Rider","1: PDO","Stop Sign","","",1329155.47,1665574.56,"13291551665575"
"2016-13351-27/05/2021","1 City","ADELAIDE","5000","CITY OF ADELAIDE",2,0,0,0,0,2016,"September","Wednesday","12:20 pm","050","T-Junction","Straight road","Level","Not Applicable","Sealed","Dry","Not Raining","Daylight","Side Swipe","01","Driver Rider","1: PDO","Traffic Signals","","",1328433.99,1671622.14,"13284341671622"
"2016-13352-27/05/2021","2 Metropolitan","COROMANDEL VALLEY","5051","CITY OF ONKAPARINGA",2,0,0,0,0,2016,"September","Thursday","09:13 am","060","Not Divided","Straight road","Level","Driveway or Entrance","Sealed","Wet","Raining","Daylight","Rear End","01","Driver Rider","1: PDO","No Control","","",1329973.28,1657350.66,"13299731657351"
"2016-13353-27/05/2021","3 Country","BAIRD BAY","5671","DC STREAKY BAY.               ",1,0,0,0,0,2016,"September","Thursday","11:45 am","100","Not Divided","CURVED, VIEW OPEN","Level","Not Applicable","Unsealed","Dry","Not Raining","Daylight","Roll Over","01","Driver Rider","1: PDO","No Control","","",939146.03,1876188.85,"09391461876189"
"2016-13354-27/05/2021","2 Metropolitan","NOARLUNGA CENTRE","5168","CITY OF ONKAPARINGA",2,0,0,0,0,2016,"September","Thursday","01:45 pm","060","Divided Road","Straight road","Level","Driveway or Entrance","Sealed","Wet","Not Raining","Daylight","Right Angle","02","Driver Rider","1: PDO","No Control","","",1318900.79,1647476.91,"13189011647477"
"2016-13355-27/05/2021","2 Metropolitan","MAYLANDS","5069","CC OF NORWOOD,PAYNEHAM & ST PETERS",2,0,0,0,0,2016,"September","Thursday","01:25 pm","060","Cross Road","Straight road","Level","Not Applicable","Sealed","Wet","Not Raining","Daylight","Side Swipe","02","Driver Rider","1: PDO","Traffic Signals","","",1332227.63,1671761.35,"13322281671761"
"2016-13356-27/05/2021","2 Metropolitan","OVINGHAM","5082","CITY OF PROSPECT",2,0,0,0,0,2016,"September","Thursday","08:45 am","060","Cross Road","Straight road","Level","Not Applicable","Sealed","Wet","Raining","Daylight","Side Swipe","02","Driver Rider","1: PDO","Traffic Signals","","",1327269.55,1673850.25,"13272701673850"
"2016-13357-27/05/2021","3 Country","MARCOLLAT","5271","DC KINGSTON.",1,2,0,0,2,2016,"September","Thursday","01:00 pm","110","Not Divided","CURVED, VIEW OBSCURED","Level","Not Applicable","Sealed","Wet","Raining","Daylight","Roll Over","01","Driver Rider","2: MI","No Control","","",1480722.53,1492899.95,"14807231492900"
"2016-13358-27/05/2021","2 Metropolitan","SEACLIFF PARK","5049","CC MARION.                    ",3,1,0,0,1,2016,"September","Thursday","01:45 pm","060","Divided Road","CURVED, VIEW OPEN","Slope","Not Applicable","Sealed","Dry","Not Raining","Daylight","Hit Fixed Object","01","Driver Rider","2: MI","No Control","","",1321855.33,1657477.25,"13218551657477"
"2016-13359-27/05/2021","3 Country","KADINA","5554","COPPER COAST DISTRICT COUNCIL",2,0,0,0,0,2016,"September","Thursday","04:20 pm","050","Not Divided","Straight road","Level","Driveway or Entrance","Sealed","Wet","Raining","Daylight","Right Angle","02","Driver Rider","1: PDO","No Control","","",1251244.87,1779363.36,"12512451779363"
"2016-13360-27/05/2021","2 Metropolitan","REGENCY PARK","5010","CITY OF PORT ADELAIDE ENFIELD",2,1,0,0,1,2016,"September","Wednesday","01:32 pm","090","Freeway","CURVED, VIEW OPEN","Level","Not Applicable","Sealed","Dry","Not Raining","Daylight","Hit Fixed Object","01","Driver Rider","2: MI","No Control","","Y",1325565.7,1678536.37,"13255661678536"
"2016-13361-27/05/2021","2 Metropolitan","SALISBURY NORTH","5108","CITY OF SALISBURY",2,0,0,0,0,2016,"September","Thursday","08:15 am","050","Not Divided","Straight road","Level","Driveway or Entrance","Sealed","Wet","Not Raining","Daylight","Right Angle","02","Driver Rider","1: PDO","No Control","","",1330778.08,1690631.22,"13307781690631"
"2016-13362-27/05/2021","2 Metropolitan","STEPNEY","5069","CC OF NORWOOD,PAYNEHAM & ST PETERS",2,0,0,0,0,2016,"September","Thursday","05:15 pm","060","Cross Road","Straight road","Level","Not Applicable","Sealed","Wet","Raining","Daylight","Right Angle","02","Driver Rider","1: PDO","Stop Sign","","",1331354.58,1672106.56,"13313551672107"
"2016-13363-27/05/2021","2 Metropolitan","SALISBURY NORTH","5108","CITY OF SALISBURY",2,0,0,0,0,2016,"September","Thursday","05:00 pm","050","Not Divided","Straight road","Level","Not Applicable","Sealed","Dry","Not Raining","Daylight","Hit Fixed Object","01","Driver Rider","1: PDO","No Control","Y","",1332054.54,1690026.42,"13320551690026"
"2016-13364-27/05/2021","2 Metropolitan","STURT","5047","CC MARION.                    ",2,0,0,0,0,2016,"September","Thursday","06:20 pm","060","Multiple","Straight road","Level","Not Applicable","Sealed","Wet","Raining","Night","Rear End","02","Driver Rider","1: PDO","Traffic Signals","","",1323558.89,1660650.4,"13235591660650"
"2016-13365-27/05/2021","3 Country","COOMANDOOK","5261","COORONG DISTRICT COUNCIL",2,0,0,0,0,2016,"September","Thursday","02:50 pm","110","Not Divided","CURVED, VIEW OPEN","Level","Not Applicable","Sealed","Wet","Raining","Daylight","Head On","01","Driver Rider","1: PDO","No Control","Y","",1423931.08,1607200.09,"14239311607200"
"2016-13366-27/05/2021","2 Metropolitan","FLINDERS PARK","5025","CITY OF CHARLES STURT",3,1,0,0,1,2016,"September","Thursday","03:30 pm","050","Cross Road","Straight road","Level","Not Applicable","Sealed","Dry","Not Raining","Daylight","Rear End","01","Driver Rider","2: MI","No Control","","",1323567.82,1672388.92,"13235681672389"
"2016-13367-27/05/2021","2 Metropolitan","UNLEY","5061","CITY OF UNLEY",2,0,0,0,0,2016,"September","Thursday","06:15 pm","060","Cross Road","Straight road","Level","Not Applicable","Sealed","Wet","Raining","Night","Rear End","02","Driver Rider","1: PDO","Traffic Signals","","",1328494.76,1668964.98,"13284951668965"
"2016-13368-27/05/2021","2 Metropolitan","KENSINGTON PARK","5068","CITY OF BURNSIDE",2,1,0,0,1,2016,"September","Thursday","09:35 am","060","T-Junction","Straight road","Level","Not Applicable","Sealed","Wet","Raining","Daylight","Rear End","02","Driver Rider","2: MI","No Control","","",1333892.32,1670692.52,"13338921670693"
"2016-13369-27/05/2021","3 Country","WHYALLA STUART","5608","CC WHYALLA.                   ",2,0,0,0,0,2016,"September","Thursday","06:30 pm","050","Not Divided","Straight road","Level","Not Applicable","Sealed","Wet","Raining","Night","Hit Parked Vehicle","01","Driver Rider","1: PDO","No Control","","",1235356.37,1883789.14,"12353561883789"
"2016-13370-27/05/2021","2 Metropolitan","MAWSON LAKES","5095","CITY OF SALISBURY",2,0,0,0,0,2016,"September","Thursday","05:10 pm","070","Cross Road","Straight road","Level","Not Applicable","Sealed","Dry","Not Raining","Daylight","Rear End","02","Driver Rider","1: PDO","Traffic Signals","","",1329549.75,1684430.78,"13295501684431"
"2016-13371-27/05/2021","3 Country","NARACOORTE","5271","DC NARACOORTE & LUCINDALE.",2,0,0,0,0,2016,"September","Thursday","06:05 pm","050","T-Junction","Straight road","Level","Not Applicable","Sealed","Wet","Raining","Night","Hit Fixed Object","01","Driver Rider","1: PDO","No Control","","",1511935.93,1437305.28,"15119361437305"
"2016-13372-27/05/2021","2 Metropolitan","STURT","5047","CC MARION.                    ",2,1,0,0,1,2016,"September","Thursday","05:15 pm","060","T-Junction","Straight road","Level","Not Applicable","Sealed","Wet","Raining","Daylight","Right Turn","02","Driver Rider","2: MI","Traffic Signals","","",1324436.61,1659891.18,"13244371659891"
"2016-13373-27/05/2021","2 Metropolitan","SALISBURY EAST","5109","CITY OF SALISBURY",2,0,0,0,0,2016,"September","Thursday","09:30 pm","060","Cross Road","Straight road","Level","Not Applicable","Sealed","Wet","Not Raining","Night","Right Turn","02","Driver Rider","1: PDO","Traffic Signals","","",1333286.62,1685382.97,"13332871685383"
"2016-13374-27/05/2021","2 Metropolitan","KENTON VALLEY","5233","THE ADELAIDE HILLS COUNCIL",2,0,0,0,0,2016,"September","Thursday","05:45 pm","100","Not Divided","Straight road","Slope","Not Applicable","Sealed","Wet","Raining","Daylight","Hit Fixed Object","01","Driver Rider","1: PDO","No Control","","",1356955.85,1677270.62,"13569561677271"
"2016-13375-27/05/2021","2 Metropolitan","INGLEWOOD","5133","THE ADELAIDE HILLS COUNCIL",1,2,0,2,0,2016,"September","Thursday","09:20 pm","080","Not Divided","CURVED, VIEW OBSCURED","Slope","Not Applicable","Sealed","Wet","Raining","Night","Roll Over","01","Driver Rider","3: SI","No Control","","Y",1346366.3,1681731.15,"13463661681731"
"2016-13376-27/05/2021","2 Metropolitan","REDWOOD PARK","5097","CITY OF TEA TREE GULLY",2,0,0,0,0,2016,"September","Thursday","10:10 pm","060","Divided Road","Straight road","Slope","Not Applicable","Sealed","Wet","Not Raining","Night","Hit Fixed Object","01","Driver Rider","1: PDO","No Control","","",1339672.96,1683546.08,"13396731683546"
"2016-13377-27/05/2021","2 Metropolitan","SOMERTON PARK","5044","CITY OF HOLDFAST BAY",2,0,0,0,0,2016,"September","Thursday","10:40 pm","050","Not Divided","Straight road","Level","Not Applicable","Sealed","Wet","Not Raining","Night","Hit Parked Vehicle","02","Driver Rider","1: PDO","No Control","Y","",1320876.94,1662669.34,"13208771662669"
"2016-13378-27/05/2021","2 Metropolitan","PLYMPTON","5038","CITY OF WEST TORRENS",3,0,0,0,0,2016,"September","Thursday","06:35 pm","060","Cross Road","Straight road","Level","Not Applicable","Sealed","Wet","Raining","Night","Rear End","02","Driver Rider","1: PDO","Traffic Signals","","",1324227.97,1666559.26,"13242281666559"
"2016-13379-27/05/2021","2 Metropolitan","PORT ADELAIDE","5015","CITY OF PORT ADELAIDE ENFIELD",2,0,0,0,0,2016,"September","Friday","04:56 am","060","T-Junction","Straight road","Level","Not Applicable","Sealed","Wet","Not Raining","Night","Right Angle","02","Driver Rider","1: PDO","Stop Sign","","",1320505.18,1679177.44,"13205051679177"
"2016-13380-27/05/2021","3 Country","PORT LINCOLN","5606","CC PT.LINCOLN.                ",2,0,0,0,0,2016,"September","Friday","07:50 am","050","Not Divided","Straight road","Level","Driveway or Entrance","Sealed","Wet","Not Raining","Daylight","Right Angle","02","Driver Rider","1: PDO","No Control","","",1078529.97,1698297.88,"10785301698298"
"2016-13381-27/05/2021","2 Metropolitan","PARALOWIE","5108","CITY OF SALISBURY",2,0,0,0,0,2016,"September","Friday","07:10 am","090","Divided Road","Straight road","Level","Driveway or Entrance","Sealed","Wet","Not Raining","Daylight","Side Swipe","01","Driver Rider","1: PDO","No Control","","",1328436.7,1688779.54,"13284371688780"
"2016-13382-27/05/2021","2 Metropolitan","MARDEN","5070","CC OF NORWOOD,PAYNEHAM & ST PETERS",3,1,0,1,0,2016,"September","Friday","06:15 am","060","Divided Road","Straight road","Level","Not Applicable","Sealed","Wet","Raining","Night","Hit Fixed Object","01","Driver Rider","3: SI","No Control","","",1332273.93,1674459.67,"13322741674460"
"2016-13383-27/05/2021","2 Metropolitan","DAWESLEY","5252","DC MT.BARKER.                 ",2,0,0,0,0,2016,"September","Friday","07:45 am","100","Not Divided","CURVED, VIEW OPEN","Slope","Not Applicable","Sealed","Wet","Raining","Daylight","Hit Fixed Object","01","Driver Rider","1: PDO","No Control","","",1360239.74,1657419.6,"13602401657420"
"2016-13384-27/05/2021","3 Country","PORT LINCOLN","5606","CC PT.LINCOLN.                ",2,0,0,0,0,2016,"September","Thursday","03:10 pm","050","Cross Road","Straight road","Level","Not Applicable","Sealed","Dry","Not Raining","Daylight","Right Angle","01","Driver Rider","1: PDO","Stop Sign","","",1079607.87,1698103.65,"10796081698104"
"2016-13385-27/05/2021","2 Metropolitan","WARRADALE","5046","CC MARION.                    ",2,1,0,0,1,2016,"September","Thursday","05:45 pm","050","Cross Road","Straight road","Level","Not Applicable","Sealed","Wet","Raining","Daylight","Right Angle","02","Driver Rider","2: MI","Roundabout","","",1322073.17,1660950.28,"13220731660950"
"2016-13386-27/05/2021","2 Metropolitan","SALISBURY EAST","5109","CITY OF SALISBURY",2,0,0,0,0,2016,"September","Friday","08:05 am","080","Cross Road","Straight road","Level","Not Applicable","Sealed","Wet","Raining","Daylight","Rear End","02","Driver Rider","1: PDO","Traffic Signals","","",1333995.93,1686285.66,"13339961686286"
"2016-13387-27/05/2021","2 Metropolitan","EDWARDSTOWN","5039","CC MARION.                    ",2,0,0,0,0,2016,"September","Thursday","08:15 am","060","T-Junction","Straight road","Level","Not Applicable","Sealed","Wet","Raining","Daylight","Rear End","01","Driver Rider","1: PDO","Traffic Signals","","",1325915.83,1664786.38,"13259161664786"
"2016-13388-27/05/2021","2 Metropolitan","NORWOOD","5067","CC OF NORWOOD,PAYNEHAM & ST PETERS",2,1,0,0,1,2016,"September","Wednesday","09:30 am","050","T-Junction","Straight road","Level","Not Applicable","Sealed","Dry","Not Raining","Daylight","Rear End","01","Driver Rider","2: MI","No Control","","",1330831.88,1670954.68,"13308321670955"
"2016-13389-27/05/2021","2 Metropolitan","CRAIGMORE","5114","CITY OF PLAYFORD.",2,0,0,0,0,2016,"September","Friday","09:10 am","050","Not Divided","CURVED, VIEW OBSCURED","Level","Not Applicable","Sealed","Wet","Not Raining","Daylight","Hit Fixed Object","01","Driver Rider","1: PDO","No Control","","",1339494.22,1695970.78,"13394941695971"
"2016-13390-27/05/2021","2 Metropolitan","PARA HILLS WEST","5096","CITY OF SALISBURY",2,1,0,0,1,2016,"September","Thursday","06:50 pm","060","Divided Road","Straight road","Level","Driveway or Entrance","Sealed","Wet","Raining","Night","Rear End","02","Driver Rider","2: MI","No Control","","",1334013.71,1684433.25,"13340141684433"
"2016-13391-27/05/2021","2 Metropolitan","THEBARTON","5031","CITY OF WEST TORRENS",2,0,0,0,0,2016,"September","Friday","08:34 am","060","Cross Road","Straight road","Level","Not Applicable","Sealed","Dry","Not Raining","Daylight","Rear End","01","Driver Rider","1: PDO","Traffic Signals","","",1326585.27,1671527.51,"13265851671528"
"2016-13392-27/05/2021","3 Country","WILD HORSE PLAINS","5501","DC MALLALA.                   ",1,0,0,0,0,2016,"September","Thursday","05:00 pm","110","Divided Road","Straight road","Level","Not Applicable","Sealed","Wet","Raining","Daylight","Left Road - Out of Control","01","Driver Rider","1: PDO","No Control","","",1302521.85,1733647.72,"13025221733648"
"2016-13393-27/05/2021","3 Country","MOUNT GAMBIER","5290","CC MT.GAMBIER.                ",2,0,0,0,0,2016,"September","Thursday","09:45 pm","060","Not Divided","CURVED, VIEW OPEN","Crest of Hill","Not Applicable","Sealed","Wet","Raining","Night","Hit Fixed Object","01","Driver Rider","1: PDO","No Control","","",1510755.24,1340210.43,"15107551340210"
"2016-13394-27/05/2021","2 Metropolitan","OAKDEN","5086","CITY OF PORT ADELAIDE ENFIELD",2,0,0,0,0,2016,"September","Thursday","07:00 pm","050","Cross Road","Straight road","Level","Not Applicable","Sealed","Wet","Raining","Night","Right Angle","01","Driver Rider","1: PDO","Roundabout","","",1332682.22,1678287.94,"13326821678288"
"2016-13395-27/05/2021","2 Metropolitan","ELIZABETH PARK","5113","CITY OF PLAYFORD.",2,1,0,0,1,2016,"September","Friday","11:50 am","060","Cross Road","Straight road","Slope","Not Applicable","Sealed","Dry","Not Raining","Daylight","Side Swipe","02","Driver Rider","2: MI","Roundabout","","",1337661.59,1694568.93,"13376621694569"
"2016-13396-27/05/2021","2 Metropolitan","NORTH PLYMPTON","5037","CITY OF WEST TORRENS",2,0,0,0,0,2016,"September","Friday","05:30 am","050","Not Divided","Straight road","Level","Not Applicable","Sealed","Dry","Not Raining","Night","Hit Parked Vehicle","02","Driver Rider","1: PDO","No Control","","",1323684.09,1667391.94,"13236841667392"
"2016-13397-27/05/2021","2 Metropolitan","GREEN FIELDS","5107","CITY OF SALISBURY",2,1,0,1,0,2016,"September","Friday","08:05 am","090","T-Junction","Straight road","Level","Not Applicable","Sealed","Wet","Not Raining","Daylight","Rear End","02","Driver Rider","3: SI","Traffic Signals","","",1328656.28,1685901.86,"13286561685902"
"2016-13398-27/05/2021","3 Country","WOODCHESTER","5255","ALEXANDRINA COUNCIL",2,1,0,0,1,2016,"September","Friday","07:10 am","100","Not Divided","Straight road","Level","Not Applicable","Sealed","Dry","Not Raining","Daylight","Hit Fixed Object","01","Driver Rider","2: MI","No Control","","",1359561.37,1636869.45,"13595611636869"
"2016-13399-27/05/2021","3 Country","PORT LINCOLN","5606","CC PT.LINCOLN.                ",2,0,0,0,0,2016,"September","Friday","12:44 pm","080","Not Divided","Straight road","Level","Not Applicable","Sealed","Wet","Raining","Daylight","Rear End","02","Driver Rider","1: PDO","No Control","","",1078137.33,1700616.67,"10781371700617"
"2016-13400-27/05/2021","3 Country","NURIOOTPA","5355","THE BAROSSA COUNCIL.",3,0,0,0,0,2016,"September","Friday","01:25 pm","050","Not Divided","Straight road","Level","Not Applicable","Sealed","Dry","Not Raining","Daylight","Rear End","01","Driver Rider","1: PDO","No Control","","",1366518.94,1719709.52,"13665191719710"
"2016-13401-27/05/2021","2 Metropolitan","GLENGOWRIE","5044","CC MARION.                    ",3,0,0,0,0,2016,"September","Friday","12:15 pm","060","T-Junction","Straight road","Level","Not Applicable","Sealed","Dry","Not Raining","Daylight","Right Angle","02","Driver Rider","1: PDO","Give Way Sign","","",1322668.58,1664197.71,"13226691664198"
"2016-13402-27/05/2021","2 Metropolitan","GOLDEN GROVE","5125","CITY OF TEA TREE GULLY",2,0,0,0,0,2016,"September","Friday","08:04 am","060","Divided Road","CURVED, VIEW OBSCURED","Slope","Not Applicable","Sealed","Wet","Raining","Daylight","Hit Fixed Object","01","Driver Rider","1: PDO","No Control","","",1337632.07,1685869.04,"13376321685869"
"2016-13403-27/05/2021","2 Metropolitan","SALISBURY","5108","CITY OF SALISBURY",2,0,0,0,0,2016,"September","Thursday","02:44 pm","060","Divided Road","Straight road","Level","Not Applicable","Sealed","Wet","Raining","Daylight","Rear End","01","Driver Rider","1: PDO","No Control","","",1333088.17,1688470.5,"13330881688471"
"2016-13404-27/05/2021","2 Metropolitan","PAYNEHAM","5070","CC OF NORWOOD,PAYNEHAM & ST PETERS",3,0,0,0,0,2016,"September","Friday","08:30 am","060","Divided Road","Straight road","Level","Not Applicable","Sealed","Wet","Not Raining","Daylight","Rear End","01","Driver Rider","1: PDO","No Control","","",1332622.21,1673995.8,"13326221673996"
"2016-13405-27/05/2021","2 Metropolitan","BROMPTON","5007","CITY OF CHARLES STURT",2,1,0,0,1,2016,"September","Thursday","08:10 am","040","Cross Road","Straight road","Level","Not Applicable","Sealed","Dry","Not Raining","Daylight","Right Angle","01","Driver Rider","2: MI","Stop Sign","","",1326564.33,1673817.54,"13265641673818"
"2016-13406-27/05/2021","2 Metropolitan","HOLDEN HILL","5088","CITY OF PORT ADELAIDE ENFIELD",2,2,0,0,2,2016,"September","Thursday","05:30 pm","060","Cross Road","Straight road","Level","Not Applicable","Sealed","Wet","Raining","Daylight","Right Angle","01","Driver Rider","2: MI","No Control","","",1334279.07,1678329.95,"13342791678330"
"2016-13407-27/05/2021","2 Metropolitan","REGENCY PARK","5010","CITY OF PORT ADELAIDE ENFIELD",2,1,0,0,1,2016,"September","Friday","11:11 am","060","Not Divided","CURVED, VIEW OBSCURED","Level","Not Applicable","Sealed","Dry","Not Raining","Daylight","Hit Fixed Object","01","Driver Rider","2: MI","No Control","","",1326414.37,1677146.01,"13264141677146"
"2016-13408-27/05/2021","2 Metropolitan","TUSMORE","5065","CITY OF BURNSIDE",2,0,0,0,0,2016,"September","Friday","09:15 am","060","Cross Road","Straight road","Level","Not Applicable","Sealed","Dry","Not Raining","Daylight","Side Swipe","01","Driver Rider","1: PDO","Traffic Signals","","",1332324.24,1669046.54,"13323241669047"
"2016-13409-27/05/2021","2 Metropolitan","SEACLIFF PARK","5049","CITY OF HOLDFAST BAY",3,1,0,0,1,2016,"September","Thursday","06:15 pm","060","T-Junction","Straight road","Level","Not Applicable","Sealed","Wet","Raining","Night","Rear End","02","Driver Rider","2: MI","Traffic Signals","","",1321185.13,1659325.67,"13211851659326"
"2016-13410-27/05/2021","3 Country","MOONTA","5558","COPPER COAST DISTRICT COUNCIL",2,0,0,0,0,2016,"September","Friday","01:40 pm","050","Cross Road","CURVED, VIEW OPEN","Level","Not Applicable","Sealed","Dry","Not Raining","Daylight","Right Angle","02","Driver Rider","1: PDO","Give Way Sign","","",1238275.47,1768802.46,"12382751768802"
"2016-13411-27/05/2021","3 Country","KAPUNDA","5373","LIGHT REGIONAL COUNCIL",2,0,0,0,0,2016,"September","Friday","10:45 am","050","Not Divided","Straight road","Level","Not Applicable","Sealed","Wet","Raining","Daylight","Side Swipe","02","Driver Rider","1: PDO","No Control","","",1359594.99,1734404.58,"13595951734405"
"2016-13412-27/05/2021","2 Metropolitan","PARALOWIE","5108","CITY OF SALISBURY",2,0,0,0,0,2016,"September","Friday","02:30 pm","060","Not Divided","Straight road","Level","Not Applicable","Sealed","Dry","Not Raining","Daylight","Side Swipe","02","Driver Rider","1: PDO","No Control","","",1329519.27,1688344.17,"13295191688344"
"2016-13413-27/05/2021","2 Metropolitan","WAYVILLE","5034","CITY OF UNLEY",3,0,0,0,0,2016,"September","Tuesday","03:10 pm","060","Cross Road","Straight road","Level","Not Applicable","Sealed","Dry","Not Raining","Daylight","Right Angle","01","Driver Rider","1: PDO","Traffic Signals","","",1326865.31,1668904.7,"13268651668905"