"REPORT_ID","Stats Area","Suburb","Postcode","LGA Name","Total Units","Total Cas","Total Fats","Total SI","Total MI","Year","Month","Day","Time","Area Speed","Position Type","Horizontal Align","Vertical Align","Other Feat","Road Surface","Moisture Cond","Weather Cond","DayNight","Crash Type","Unit Resp","Entity Code","CSEF Severity","Traffic Ctrls","DUI Involved","Drugs Involved","ACCLOC_X","ACCLOC_Y","UNIQUE_LOC"
"2016-15095-27/05/2021","2 Metropolitan","MAGILL","5072","CITY OF BURNSIDE",2,0,0,0,0,2016,"October","Thursday","09:35 am","060","T-Junction","Straight road","Level","Not Applicable","Sealed","Dry","Not Raining","Daylight","Right Angle","02","Driver Rider","1: PDO","No Control","","",1335490.91,1671550.04,"13354911671550"
"2016-15096-27/05/2021","2 Metropolitan","FINDON","5023","CITY OF CHARLES STURT",2,0,0,0,0,2016,"October","Thursday","07:00 am","050","T-Junction","Straight road","Level","Not Applicable","Sealed","Dry","Not Raining","Daylight","Hit Fixed Object","01","Driver Rider","1: PDO","No Control","","",1323802.95,1673270.24,"13238031673270"
"2016-15097-27/05/2021","2 Metropolitan","HINDMARSH","5007","CITY OF CHARLES STURT",2,0,0,0,0,2016,"October","Thursday","09:30 am","060","Not Divided","CURVED, VIEW OPEN","Level","Roadworks","Sealed","Dry","Not Raining","Daylight","Side Swipe","02","Driver Rider","1: PDO","No Control","","",1325487.55,1673124.33,"13254881673124"
"2016-15098-27/05/2021","3 Country","MINNIPA","5654","DC WUDINNA. (DC LE HUNTE.)",2,3,0,0,3,2016,"October","Thursday","08:30 am","100","Cross Road","Straight road","Slope","Not Applicable","Unsealed","Dry","Not Raining","Daylight","Right Angle","02","Driver Rider","2: MI","No Control","","",1015374.63,1911460.66,"10153751911461"
"2016-15099-27/05/2021","2 Metropolitan","BEDFORD PARK","5042","CC MITCHAM.                   ",2,1,0,0,1,2016,"October","Wednesday","04:33 pm","060","Not Divided","Straight road","Level","Not Applicable","Sealed","Dry","Not Raining","Daylight","Rear End","02","Driver Rider","2: MI","No Control","","",1325899.66,1660721.75,"13259001660722"
"2016-15100-27/05/2021","2 Metropolitan","DAW PARK","5041","CC MITCHAM.                   ",2,1,0,0,1,2016,"October","Tuesday","07:30 am","060","T-Junction","Straight road","Level","Not Applicable","Sealed","Dry","Not Raining","Daylight","Right Angle","01","Driver Rider","2: MI","Stop Sign","","",1327547.13,1664745.26,"13275471664745"
"2016-15101-27/05/2021","2 Metropolitan","MAWSON LAKES","5095","CITY OF SALISBURY",2,0,0,0,0,2016,"October","Thursday","10:05 am","050","T-Junction","Straight road","Level","Not Applicable","Sealed","Dry","Not Raining","Daylight","Right Angle","01","Driver Rider","1: PDO","No Control","","",1329064.95,1683215.64,"13290651683216"
"2016-15102-27/05/2021","2 Metropolitan","NORTH PLYMPTON","5037","CITY OF WEST TORRENS",2,0,0,0,0,2016,"October","Wednesday","08:30 am","050","T-Junction","Straight road","Level","Driveway or Entrance","Sealed","Dry","Not Raining","Daylight","Hit Fixed Object","01","Driver Rider","1: PDO","Traffic Signals","","",1324194.96,1668222.98,"13241951668223"
"2016-15103-27/05/2021","3 Country","BOOKPURNONG","5333","LOXTON WAIKERIE DISTRICT COUNCIL",1,0,0,0,0,2016,"October","Saturday","07:30 pm","110","Not Divided","Straight road","Level","Not Applicable","Sealed","Dry","Not Raining","Night","Roll Over","01","Driver Rider","1: PDO","No Control","","",1514862.4,1723710.5,"15148621723711"
"2016-15104-27/05/2021","3 Country","MURRAY BRIDGE EAST","5253","RC MURRAY BRIDGE.             ",2,0,0,0,0,2016,"October","Thursday","12:00 pm","060","Not Divided","Straight road","Slope","Bridge, Culvert, Causeway","Sealed","Dry","Not Raining","Daylight","Rear End","01","Driver Rider","1: PDO","No Control","","",1390112.59,1647763.54,"13901131647764"
"2016-15105-27/05/2021","1 City","NORTH ADELAIDE","5006","CITY OF ADELAIDE",2,0,0,0,0,2016,"October","Thursday","12:00 pm","050","Cross Road","Straight road","Level","Not Applicable","Sealed","Dry","Not Raining","Daylight","Right Turn","01","Driver Rider","1: PDO","Traffic Signals","","",1328266.03,1672576.15,"13282661672576"
"2016-15106-27/05/2021","3 Country","FOUL BAY","5577","YORKE PENINSULA COUNCIL",2,1,0,0,1,2016,"October","Wednesday","01:20 pm","100","Not Divided","Straight road","Slope","Not Applicable","Unsealed","Dry","Not Raining","Daylight","Hit Fixed Object","01","Driver Rider","2: MI","No Control","","",1196980.55,1651910.25,"11969811651910"
"2016-15107-27/05/2021","3 Country","DOWLINGVILLE","5571","YORKE PENINSULA COUNCIL",2,0,0,0,0,2016,"October","Thursday","09:15 am","100","Not Divided","Straight road","Level","Not Applicable","Sealed","Dry","Not Raining","Daylight","Hit Fixed Object","01","Driver Rider","1: PDO","No Control","","",1269075.18,1735581.62,"12690751735582"
"2016-15108-27/05/2021","2 Metropolitan","KINGSWOOD","5062","CC MITCHAM.                   ",2,0,0,0,0,2016,"October","Wednesday","08:45 pm","050","Cross Road","Straight road","Level","Not Applicable","Sealed","Dry","Not Raining","Night","Right Angle","02","Driver Rider","1: PDO","Give Way Sign","","",1329336.67,1666100.84,"13293371666101"
"2016-15109-27/05/2021","2 Metropolitan","GEPPS CROSS","5094","CITY OF PORT ADELAIDE ENFIELD",4,0,0,0,0,2016,"October","Wednesday","08:55 am","060","Divided Road","Straight road","Level","Not Applicable","Sealed","Dry","Not Raining","Daylight","Rear End","01","Driver Rider","1: PDO","No Control","","",1330798.7,1679973.97,"13307991679974"
"2016-15110-27/05/2021","3 Country","RAPID BAY","5204","DC YANKALILLA.                ",2,0,0,0,0,2016,"October","Thursday","08:30 am","100","Not Divided","CURVED, VIEW OBSCURED","Slope","Not Applicable","Sealed","Dry","Not Raining","Daylight","Hit Fixed Object","09","Other","1: PDO","No Control","","",1289491.65,1604197.71,"12894921604198"
"2016-15111-27/05/2021","2 Metropolitan","SALISBURY DOWNS","5108","CITY OF SALISBURY",2,0,0,0,0,2016,"October","Thursday","10:30 am","060","Divided Road","Straight road","Level","Not Applicable","Sealed","Dry","Not Raining","Daylight","Rear End","02","Driver Rider","1: PDO","No Control","","",1331688.55,1686628.27,"13316891686628"
"2016-15112-27/05/2021","2 Metropolitan","WEST CROYDON","5008","CITY OF CHARLES STURT",2,0,0,0,0,2016,"October","Thursday","02:50 pm","060","Cross Road","Straight road","Level","Not Applicable","Sealed","Dry","Not Raining","Daylight","Right Angle","01","Driver Rider","1: PDO","Traffic Signals","","",1325333.99,1675359.64,"13253341675360"
"2016-15113-27/05/2021","1 City","ADELAIDE","5000","CITY OF ADELAIDE",2,0,0,0,0,2016,"October","Thursday","01:00 pm","050","Divided Road","Straight road","Level","Not Applicable","Sealed","Dry","Not Raining","Daylight","Side Swipe","02","Driver Rider","1: PDO","No Control","","",1328421.25,1671146.94,"13284211671147"
"2016-15114-27/05/2021","2 Metropolitan","WYNN VALE","5127","CITY OF TEA TREE GULLY",3,0,0,0,0,2016,"October","Thursday","03:30 pm","060","Not Divided","Straight road","Crest of Hill","Not Applicable","Sealed","Dry","Not Raining","Daylight","Rear End","01","Driver Rider","1: PDO","No Control","","",1338843,1684628.73,"13388431684629"
"2016-15115-27/05/2021","2 Metropolitan","BUCHFELDE","5118","LIGHT REGIONAL COUNCIL",2,0,0,0,0,2016,"October","Wednesday","05:50 pm","110","Divided Road","Straight road","Level","Not Applicable","Sealed","Dry","Not Raining","Daylight","Hit Fixed Object","01","Driver Rider","1: PDO","No Control","","",1341069.25,1705674.61,"13410691705675"
"2016-15116-27/05/2021","2 Metropolitan","WYNN VALE","5127","CITY OF TEA TREE GULLY",2,0,0,0,0,2016,"October","Sunday","12:30 pm","070","T-Junction","Straight road","Level","Not Applicable","Sealed","Wet","Not Raining","Daylight","Hit Fixed Object","01","Driver Rider","1: PDO","Traffic Signals","","",1335765.09,1683090.9,"13357651683091"
"2016-15117-27/05/2021","1 City","ADELAIDE","5000","CITY OF ADELAIDE",2,0,0,0,0,2016,"October","Wednesday","06:10 pm","025","Not Divided","Straight road","Level","Roadworks","Sealed","Dry","Not Raining","Daylight","Side Swipe","01","Driver Rider","1: PDO","No Control","","",1329334.89,1671003.85,"13293351671004"
"2016-15118-27/05/2021","2 Metropolitan","WOODVILLE","5011","CITY OF CHARLES STURT",2,0,0,0,0,2016,"October","Thursday","02:30 pm","050","Cross Road","Straight road","Level","Not Applicable","Sealed","Dry","Not Raining","Daylight","Right Angle","02","Driver Rider","1: PDO","Give Way Sign","","",1323447.68,1676130.58,"13234481676131"
"2016-15119-27/05/2021","3 Country","WAITPINGA","5211","DC VICTOR HARBOR.             ",4,1,0,1,0,2016,"October","Thursday","09:10 am","100","Not Divided","CURVED, VIEW OPEN","Slope","Not Applicable","Sealed","Dry","Not Raining","Daylight","Hit Fixed Object","01","Driver Rider","3: SI","No Control","","",1320668.51,1599332.47,"13206691599332"
"2016-15120-27/05/2021","2 Metropolitan","MARLESTON","5033","CITY OF WEST TORRENS",2,1,0,0,1,2016,"October","Thursday","01:15 pm","060","T-Junction","Straight road","Slope","Unknown","Sealed","Dry","Not Raining","Daylight","Right Angle","01","Driver Rider","2: MI","Give Way Sign","","",1324516.85,1668911.14,"13245171668911"
"2016-15121-27/05/2021","2 Metropolitan","BEVERLEY","5009","CITY OF CHARLES STURT",3,0,0,0,0,2016,"October","Thursday","02:06 pm","060","T-Junction","Straight road","Level","Not Applicable","Sealed","Dry","Not Raining","Daylight","Rear End","01","Driver Rider","1: PDO","Traffic Signals","","Y",1324158.31,1674600.99,"13241581674601"
"2016-15122-27/05/2021","2 Metropolitan","MOUNT BARKER","5251","DC MT.BARKER.                 ",2,0,0,0,0,2016,"October","Thursday","04:00 pm","060","T-Junction","Straight road","Level","Not Applicable","Sealed","Dry","Not Raining","Daylight","Side Swipe","01","Driver Rider","1: PDO","No Control","","",1351046.53,1654767.75,"13510471654768"
"2016-15123-27/05/2021","2 Metropolitan","ST MORRIS","5068","CC OF NORWOOD,PAYNEHAM & ST PETERS",2,0,0,0,0,2016,"October","Thursday","02:15 pm","060","T-Junction","Straight road","Level","Not Applicable","Sealed","Dry","Not Raining","Daylight","Right Turn","02","Driver Rider","1: PDO","Stop Sign","","",1333190.52,1671789.05,"13331911671789"
"2016-15124-27/05/2021","2 Metropolitan","ELIZABETH","5112","CITY OF PLAYFORD.",2,0,0,0,0,2016,"October","Thursday","05:25 pm","025","T-Junction","Straight road","Level","Roadworks","Sealed","Dry","Not Raining","Daylight","Rear End","02","Driver Rider","1: PDO","Traffic Signals","","",1335570.41,1693051.39,"13355701693051"
"2016-15125-27/05/2021","2 Metropolitan","MITCHELL PARK","5043","CC MARION.                    ",3,0,0,0,0,2016,"October","Thursday","03:55 pm","060","Divided Road","Straight road","Level","Not Applicable","Sealed","Dry","Not Raining","Daylight","Rear End","01","Driver Rider","1: PDO","No Control","","",1324898.27,1660687.24,"13248981660687"
"2016-15126-27/05/2021","2 Metropolitan","GLENGOWRIE","5044","CC MARION.                    ",2,0,0,0,0,2016,"October","Thursday","06:20 pm","060","T-Junction","Straight road","Level","Not Applicable","Sealed","Dry","Not Raining","Daylight","Right Turn","02","Driver Rider","1: PDO","No Control","","",1322682.92,1663763.39,"13226831663763"
"2016-15127-27/05/2021","2 Metropolitan","MUNNO PARA WEST","5115","CITY OF PLAYFORD.",2,0,0,0,0,2016,"October","Thursday","06:00 pm","060","T-Junction","Straight road","Level","Not Applicable","Sealed","Dry","Not Raining","Daylight","Right Angle","01","Driver Rider","1: PDO","Stop Sign","","",1335160.84,1699401.69,"13351611699402"
"2016-15128-27/05/2021","2 Metropolitan","LOCKLEYS","5032","CITY OF WEST TORRENS",3,0,0,0,0,2016,"October","Thursday","02:45 pm","060","Cross Road","Straight road","Level","Not Applicable","Sealed","Dry","Not Raining","Daylight","Rear End","01","Driver Rider","1: PDO","Traffic Signals","","",1320926.91,1669968.19,"13209271669968"
"2016-15129-27/05/2021","2 Metropolitan","SEAFORD","5169","CITY OF ONKAPARINGA",2,0,0,0,0,2016,"October","Thursday","10:00 pm","050","Not Divided","Straight road","Level","Not Applicable","Sealed","Dry","Not Raining","Night","Hit Fixed Object","01","Driver Rider","1: PDO","No Control","","",1316810.4,1642707.78,"13168101642708"
"2016-15130-27/05/2021","3 Country","WHYALLA STUART","5608","CC WHYALLA.                   ",2,0,0,0,0,2016,"October","Thursday","11:10 pm","050","T-Junction","Straight road","Level","Not Applicable","Sealed","Dry","Not Raining","Night","Hit Fixed Object","01","Driver Rider","1: PDO","No Control","","",1235477.16,1881979.05,"12354771881979"
"2016-15131-27/05/2021","2 Metropolitan","BURTON","5110","CITY OF SALISBURY",2,0,0,0,0,2016,"October","Friday","06:15 am","090","T-Junction","Straight road","Level","Not Applicable","Sealed","Wet","Raining","Night","Right Turn","02","Driver Rider","1: PDO","No Control","","",1327911.27,1691015.85,"13279111691016"
"2016-15132-27/05/2021","3 Country","YAHL","5291","DISTRICT COUNCIL OF GRANT",2,0,0,0,0,2016,"October","Friday","05:50 am","110","T-Junction","Straight road","Level","Unknown","Sealed","Wet","Not Raining","Night","Rear End","01","Driver Rider","1: PDO","No Control","","",1510990.85,1336199.85,"15109911336200"
"2016-15133-27/05/2021","2 Metropolitan","WATERLOO CORNER","5110","CITY OF PLAYFORD.",3,1,0,0,1,2016,"October","Friday","08:25 am","090","Not Divided","Straight road","Level","Not Applicable","Sealed","Wet","Raining","Daylight","Rear End","01","Driver Rider","2: MI","No Control","","",1329632.83,1694361.59,"13296331694362"
"2016-15134-27/05/2021","2 Metropolitan","EDINBURGH","5111","CITY OF SALISBURY",2,0,0,0,0,2016,"October","Friday","09:00 am","090","Not Divided","Straight road","Level","Not Applicable","Sealed","Wet","Raining","Daylight","Side Swipe","01","Driver Rider","1: PDO","No Control","","",1330694.8,1696263.48,"13306951696263"
"2016-15135-27/05/2021","2 Metropolitan","HACKHAM WEST","5163","CITY OF ONKAPARINGA",2,0,0,0,0,2016,"October","Friday","08:30 am","050","T-Junction","Straight road","Level","Not Applicable","Sealed","Wet","Not Raining","Daylight","Right Angle","01","Driver Rider","1: PDO","No Control","","",1320310.08,1647413.13,"13203101647413"
"2016-15136-27/05/2021","2 Metropolitan","OVINGHAM","5082","CITY OF PROSPECT",2,0,0,0,0,2016,"October","Friday","06:40 am","060","Cross Road","Straight road","Bottom of Hill","Not Applicable","Sealed","Wet","Raining","Daylight","Rear End","02","Driver Rider","1: PDO","Traffic Signals","","",1327262,1673837.29,"13272621673837"
"2016-15137-27/05/2021","3 Country","MOUNT GAMBIER","5290","CC MT.GAMBIER.                ",2,1,0,0,1,2016,"October","Friday","09:30 am","050","Not Divided","Straight road","Level","Driveway or Entrance","Sealed","Wet","Raining","Daylight","Rear End","02","Driver Rider","2: MI","No Control","","",1509608.29,1340428.81,"15096081340429"
"2016-15138-27/05/2021","2 Metropolitan","GILLES PLAINS","5086","CITY OF PORT ADELAIDE ENFIELD",2,0,0,0,0,2016,"October","Friday","08:45 am","060","T-Junction","Straight road","Level","Not Applicable","Sealed","Dry","Not Raining","Daylight","Right Turn","02","Driver Rider","1: PDO","Stop Sign","","",1333652.78,1679347.45,"13336531679347"
"2016-15139-27/05/2021","2 Metropolitan","ELIZABETH VALE","5112","CITY OF PLAYFORD.",2,0,0,0,0,2016,"October","Friday","09:35 am","080","Divided Road","Straight road","Level","Not Applicable","Sealed","Dry","Not Raining","Daylight","Rear End","02","Driver Rider","1: PDO","No Control","","",1336127.61,1690823.84,"13361281690824"
"2016-15140-27/05/2021","3 Country","BURRA","5417","REGIONAL COUNCIL OF GOYDER",2,2,0,0,2,2016,"October","Friday","09:00 am","110","Not Divided","CURVED, VIEW OPEN","Level","Not Applicable","Sealed","Wet","Raining","Daylight","Hit Fixed Object","01","Driver Rider","2: MI","No Control","","",1361457.54,1813536.91,"13614581813537"
"2016-15141-27/05/2021","2 Metropolitan","KESWICK TERMINAL","5035","CITY OF WEST TORRENS",2,0,0,0,0,2016,"October","Thursday","09:00 am","060","Cross Road","Straight road","Level","Not Applicable","Sealed","Dry","Not Raining","Daylight","Rear End","02","Driver Rider","1: PDO","Traffic Signals","","",1326197.48,1670102.93,"13261971670103"
"2016-15142-27/05/2021","1 City","ADELAIDE","5000","CITY OF ADELAIDE",2,1,0,0,1,2016,"October","Thursday","05:30 pm","050","Cross Road","Straight road","Level","Not Applicable","Sealed","Dry","Not Raining","Daylight","Side Swipe","02","Driver Rider","2: MI","Traffic Signals","","",1328497.71,1670187.74,"13284981670188"
"2016-15143-27/05/2021","3 Country","PALLAMANA","5254","RC MURRAY BRIDGE.             ",2,0,0,0,0,2016,"October","Friday","06:40 am","100","Not Divided","Straight road","Crest of Hill","Not Applicable","Unsealed","Wet","Not Raining","Daylight","Hit Fixed Object","01","Driver Rider","1: PDO","No Control","","",1380670.71,1655254.8,"13806711655255"
"2016-15144-27/05/2021","3 Country","PORT LINCOLN","5606","CC PT.LINCOLN.                ",2,0,0,0,0,2016,"October","Friday","11:55 am","040","Not Divided","Straight road","Level","Not Applicable","Sealed","Dry","Not Raining","Daylight","Right Angle","02","Driver Rider","1: PDO","No Control","","",1078640.46,1698551.99,"10786401698552"
"2016-15145-27/05/2021","3 Country","CEDUNA","5690","DC CEDUNA                     ",2,0,0,0,0,2016,"October","Friday","11:40 am","060","Cross Road","CURVED, VIEW OPEN","Level","Not Applicable","Sealed","Dry","Not Raining","Daylight","Right Angle","01","Driver Rider","1: PDO","Roundabout","","",875418.72,1985305.59,"08754191985306"
"2016-15146-27/05/2021","2 Metropolitan","WEST LAKES SHORE","5020","CITY OF CHARLES STURT",2,0,0,0,0,2016,"October","Thursday","03:40 pm","060","T-Junction","Straight road","Level","Not Applicable","Sealed","Dry","Not Raining","Daylight","Right Angle","02","Driver Rider","1: PDO","No Control","","",1318089.25,1676625.94,"13180891676626"
"2016-15147-27/05/2021","2 Metropolitan","ENFIELD","5085","CITY OF PORT ADELAIDE ENFIELD",2,0,0,0,0,2016,"October","Friday","12:10 pm","060","Divided Road","Straight road","Level","Not Applicable","Sealed","Dry","Not Raining","Daylight","Rear End","01","Driver Rider","1: PDO","No Control","","",1328818.13,1678344.69,"13288181678345"
"2016-15148-27/05/2021","2 Metropolitan","HINDMARSH","5007","CITY OF CHARLES STURT",2,0,0,0,0,2016,"October","Friday","10:28 am","060","T-Junction","Straight road","Level","Not Applicable","Sealed","Dry","Not Raining","Daylight","Right Angle","01","Driver Rider","1: PDO","Stop Sign","","",1326157.27,1672937.89,"13261571672938"
"2016-15149-27/05/2021","3 Country","MANNUM","5238","MID MURRAY DISTRICT COUNCIL",5,0,0,0,0,2016,"October","Friday","10:15 am","050","T-Junction","Straight road","Slope","Not Applicable","Sealed","Dry","Not Raining","Daylight","Hit Parked Vehicle","01","Driver Rider","1: PDO","Give Way Sign","","",1393592.43,1669733.61,"13935921669734"
"2016-15150-27/05/2021","2 Metropolitan","ELIZABETH VALE","5112","CITY OF PLAYFORD.",2,1,0,0,1,2016,"October","Friday","09:40 am","080","Divided Road","Straight road","Level","Not Applicable","Sealed","Dry","Not Raining","Daylight","Rear End","02","Driver Rider","2: MI","No Control","","",1336128.65,1690756.49,"13361291690756"
"2016-15151-27/05/2021","2 Metropolitan","KESWICK","5035","CITY OF WEST TORRENS",2,0,0,0,0,2016,"October","Friday","07:50 am","060","T-Junction","Straight road","Level","Not Applicable","Sealed","Dry","Not Raining","Daylight","Rear End","02","Driver Rider","1: PDO","No Control","","",1326559.92,1668496.69,"13265601668497"
"2016-15152-27/05/2021","3 Country","INMAN VALLEY","5211","DC VICTOR HARBOR.             ",2,0,0,0,0,2016,"October","Friday","08:15 am","100","Not Divided","CURVED, VIEW OBSCURED","Slope","Not Applicable","Unsealed","Wet","Not Raining","Daylight","Hit Fixed Object","01","Driver Rider","1: PDO","No Control","","",1314116,1613865.49,"13141161613865"
"2016-15153-27/05/2021","2 Metropolitan","SEFTON PARK","5083","CITY OF PORT ADELAIDE ENFIELD",2,0,0,0,0,2016,"October","Friday","07:10 am","050","Not Divided","Straight road","Level","Not Applicable","Sealed","Wet","Not Raining","Daylight","Hit Fixed Object","01","Driver Rider","1: PDO","No Control","","",1329036.02,1676115.68,"13290361676116"
"2016-15154-27/05/2021","2 Metropolitan","GAWLER SOUTH","5118","CT GAWLER.                    ",2,0,0,0,0,2016,"October","Friday","10:45 am","050","T-Junction","Straight road","Level","Not Applicable","Sealed","Wet","Not Raining","Daylight","Right Angle","01","Driver Rider","1: PDO","No Control","","",1342497.39,1705539.35,"13424971705539"
"2016-15155-27/05/2021","3 Country","BLANCHETOWN","5357","MID MURRAY DISTRICT COUNCIL",2,1,1,0,0,2016,"October","Friday","07:10 am","110","Not Divided","Straight road","Level","Not Applicable","Sealed","Wet","Raining","Daylight","Hit Fixed Object","01","Driver Rider","4: Fatal","No Control","","",1409061.81,1727098.42,"14090621727098"
"2016-15156-27/05/2021","3 Country","HAWKER","5434","THE FLINDERS RANGES COUNCIL.",2,0,0,0,0,2016,"October","Thursday","07:30 pm","110","Not Divided","Straight road","Bottom of Hill","Not Applicable","Sealed","Dry","Not Raining","Daylight","Hit Fixed Object","01","Driver Rider","1: PDO","No Control","","",1317803.74,1998030.84,"13178041998031"
"2016-15157-27/05/2021","3 Country","MOUNT GAMBIER","5290","CC MT.GAMBIER.                ",2,0,0,0,0,2016,"October","Friday","02:45 pm","050","Not Divided","Straight road","Slope","Not Applicable","Sealed","Dry","Not Raining","Daylight","Hit Fixed Object","01","Driver Rider","1: PDO","No Control","","",1510234.6,1341033.74,"15102351341034"
"2016-15158-27/05/2021","2 Metropolitan","GLENELG EAST","5045","CITY OF HOLDFAST BAY",2,0,0,0,0,2016,"October","Friday","02:00 pm","060","T-Junction","Straight road","Level","Not Applicable","Sealed","Dry","Not Raining","Daylight","Side Swipe","02","Driver Rider","1: PDO","No Control","","",1321027.69,1664610.02,"13210281664610"
"2016-15159-27/05/2021","2 Metropolitan","PARADISE","5075","CC CAMPBELLTOWN.              ",2,0,0,0,0,2016,"October","Friday","03:30 pm","060","T-Junction","Straight road","Level","Not Applicable","Sealed","Dry","Not Raining","Daylight","Rear End","02","Driver Rider","1: PDO","Traffic Signals","","",1334578.77,1675914.79,"13345791675915"
"2016-15160-27/05/2021","2 Metropolitan","MILLBROOK","5231","THE ADELAIDE HILLS COUNCIL",2,1,0,1,0,2016,"October","Friday","02:10 pm","080","T-Junction","CURVED, VIEW OBSCURED","Crest of Hill","Not Applicable","Sealed","Dry","Not Raining","Daylight","Hit Fixed Object","01","Driver Rider","3: SI","No Control","","",1348123.25,1682323.59,"13481231682324"
"2016-15161-27/05/2021","2 Metropolitan","BURTON","5110","CITY OF SALISBURY",2,0,0,0,0,2016,"October","Thursday","08:15 pm","060","Not Divided","Straight road","Level","Not Applicable","Sealed","Dry","Not Raining","Night","Hit Fixed Object","01","Driver Rider","1: PDO","No Control","","",1329714.44,1691172.38,"13297141691172"
"2016-15162-27/05/2021","2 Metropolitan","HOPE VALLEY","5090","CITY OF TEA TREE GULLY",2,1,0,0,1,2016,"October","Thursday","09:00 am","060","Divided Road","Straight road","Level","Not Applicable","Sealed","Dry","Not Raining","Daylight","Rear End","02","Driver Rider","2: MI","No Control","","",1337450.33,1679473.7,"13374501679474"
"2016-15163-27/05/2021","3 Country","MORGAN","5320","MID MURRAY DISTRICT COUNCIL",2,1,0,0,1,2016,"October","Friday","12:10 pm","060","Not Divided","Straight road","Level","Not Applicable","Sealed","Dry","Not Raining","Daylight","Hit Pedestrian","01","Driver Rider","2: MI","No Control","","",1430197.36,1765698.58,"14301971765699"
"2016-15164-27/05/2021","3 Country","WHYALLA NORRIE","5608","CC WHYALLA.                   ",2,0,0,0,0,2016,"October","Friday","02:10 pm","060","T-Junction","Straight road","Level","Not Applicable","Sealed","Dry","Not Raining","Daylight","Right Angle","02","Driver Rider","1: PDO","Traffic Signals","","",1235821.9,1883493.06,"12358221883493"
"2016-15165-27/05/2021","3 Country","BORDERTOWN","5268","DC TATIARA.                   ",2,0,0,0,0,2016,"October","Friday","05:15 pm","050","Cross Road","Straight road","Level","Not Applicable","Sealed","Dry","Not Raining","Daylight","Right Angle","02","Driver Rider","1: PDO","Give Way Sign","","",1517094.64,1508298.57,"15170951508299"
"2016-15166-27/05/2021","2 Metropolitan","SALISBURY DOWNS","5108","CITY OF SALISBURY",3,0,0,0,0,2016,"October","Friday","03:40 pm","060","Rail Crossing","Straight road","Level","Not Applicable","Sealed","Dry","Not Raining","Daylight","Rear End","01","Driver Rider","1: PDO","Rail Xing - Boom","","",1331673.29,1686655.65,"13316731686656"
"2016-15167-27/05/2021","2 Metropolitan","PARK HOLME","5043","CC MARION.                    ",2,1,0,0,1,2016,"October","Friday","01:37 pm","060","Cross Road","Straight road","Level","Not Applicable","Sealed","Dry","Not Raining","Daylight","Rear End","02","Driver Rider","2: MI","Traffic Signals","","",1324333.22,1663274.32,"13243331663274"
"2016-15168-27/05/2021","2 Metropolitan","PARADISE","5075","CC CAMPBELLTOWN.              ",2,1,0,0,1,2016,"October","Friday","07:20 am","060","Cross Road","Straight road","Level","Not Applicable","Sealed","Wet","Not Raining","Daylight","Rear End","02","Driver Rider","2: MI","Traffic Signals","","",1335186.57,1675910.33,"13351871675910"
"2016-15169-27/05/2021","2 Metropolitan","TORRENSVILLE","5031","CITY OF WEST TORRENS",2,0,0,0,0,2016,"October","Friday","12:30 pm","060","Divided Road","Straight road","Level","Not Applicable","Sealed","Dry","Not Raining","Daylight","Rear End","01","Driver Rider","1: PDO","No Control","","",1325264.32,1670970.71,"13252641670971"
"2016-15170-27/05/2021","2 Metropolitan","ELIZABETH NORTH","5113","CITY OF PLAYFORD.",4,4,0,0,4,2016,"October","Friday","02:43 pm","080","Cross Road","Straight road","Level","Not Applicable","Sealed","Dry","Not Raining","Daylight","Right Turn","02","Driver Rider","2: MI","Traffic Signals","","",1336972.07,1695458.34,"13369721695458"
"2016-15171-27/05/2021","2 Metropolitan","FORESTVILLE","5035","CITY OF UNLEY",2,0,0,0,0,2016,"October","Friday","05:30 pm","060","T-Junction","Straight road","Level","Not Applicable","Sealed","Dry","Not Raining","Daylight","Rear End","02","Driver Rider","1: PDO","Traffic Signals","","",1326320.33,1668149.85,"13263201668150"
"2016-15172-27/05/2021","2 Metropolitan","FIRLE","5070","CC OF NORWOOD,PAYNEHAM & ST PETERS",2,1,0,0,1,2016,"October","Friday","07:05 pm","060","T-Junction","Straight road","Level","Not Applicable","Sealed","Dry","Not Raining","Daylight","Hit Pedestrian","01","Driver Rider","2: MI","Stop Sign","","",1333828.96,1672697.56,"13338291672698"
"2016-15173-27/05/2021","2 Metropolitan","ADELAIDE AIRPORT","5950","CITY OF WEST TORRENS",2,0,0,0,0,2016,"October","Friday","04:00 pm","080","Divided Road","Straight road","Level","Driveway or Entrance","Sealed","Dry","Not Raining","Daylight","Right Angle","02","Driver Rider","1: PDO","No Control","","",1320919.74,1668712.58,"13209201668713"
"2016-15174-27/05/2021","1 City","ADELAIDE","5000","CITY OF ADELAIDE",3,0,0,0,0,2016,"October","Friday","05:50 pm","050","T-Junction","Straight road","Level","Not Applicable","Sealed","Dry","Not Raining","Daylight","Right Angle","01","Driver Rider","1: PDO","No Control","","",1328620.97,1669577.17,"13286211669577"