"REPORT_ID","Stats Area","Suburb","Postcode","LGA Name","Total Units","Total Cas","Total Fats","Total SI","Total MI","Year","Month","Day","Time","Area Speed","Position Type","Horizontal Align","Vertical Align","Other Feat","Road Surface","Moisture Cond","Weather Cond","DayNight","Crash Type","Unit Resp","Entity Code","CSEF Severity","Traffic Ctrls","DUI Involved","Drugs Involved","ACCLOC_X","ACCLOC_Y","UNIQUE_LOC"
"2016-15736-27/05/2021","2 Metropolitan","WINDSOR GARDENS","5087","CITY OF PORT ADELAIDE ENFIELD",2,0,0,0,0,2016,"November","Friday","07:30 am","050","Not Divided","Straight road","Level","Not Applicable","Sealed","Dry","Not Raining","Daylight","Hit Parked Vehicle","02","Driver Rider","1: PDO","No Control","","",1333562.24,1677407.51,"13335621677408"
"2016-15737-27/05/2021","2 Metropolitan","SALISBURY","5108","CITY OF SALISBURY",2,0,0,0,0,2016,"November","Friday","08:15 am","060","Not Divided","Straight road","Level","Not Applicable","Sealed","Dry","Not Raining","Daylight","Right Angle","01","Driver Rider","1: PDO","No Control","","",1333576.77,1689211.84,"13335771689212"
"2016-15738-27/05/2021","2 Metropolitan","HILLCREST","5086","CITY OF PORT ADELAIDE ENFIELD",2,0,0,0,0,2016,"October","Wednesday","10:00 am","060","T-Junction","Straight road","Level","Not Applicable","Sealed","Dry","Not Raining","Daylight","Side Swipe","02","Driver Rider","1: PDO","No Control","","",1332948.47,1677348.06,"13329481677348"
"2016-15739-27/05/2021","2 Metropolitan","BLACKWOOD","5051","CC MITCHAM.                   ",2,0,0,0,0,2016,"November","Friday","07:50 am","060","Not Divided","CURVED, VIEW OPEN","Level","Not Applicable","Sealed","Dry","Not Raining","Daylight","Rear End","02","Driver Rider","1: PDO","No Control","","",1330231.18,1661061.22,"13302311661061"
"2016-15740-27/05/2021","2 Metropolitan","MELROSE PARK","5039","CC MITCHAM.                   ",2,0,0,0,0,2016,"November","Friday","08:53 am","060","Cross Road","Straight road","Level","Not Applicable","Sealed","Dry","Not Raining","Daylight","Rear End","01","Driver Rider","1: PDO","Traffic Signals","","",1325912.16,1664946.07,"13259121664946"
"2016-15741-27/05/2021","3 Country","WISANGER","5223","KANGAROO ISLAND COUNCIL",2,1,0,0,1,2016,"November","Friday","07:15 am","100","Not Divided","CURVED, VIEW OPEN","Slope","Not Applicable","Unsealed","Dry","Not Raining","Daylight","Hit Fixed Object","01","Driver Rider","2: MI","No Control","","",1220529.19,1599148.06,"12205291599148"
"2016-15742-27/05/2021","3 Country","GOOLWA","5214","ALEXANDRINA COUNCIL",2,0,0,0,0,2016,"November","Friday","11:30 am","050","Cross Road","Straight road","Level","Not Applicable","Sealed","Dry","Not Raining","Daylight","Right Angle","02","Driver Rider","1: PDO","Give Way Sign","","",1343015.14,1606318.41,"13430151606318"
"2016-15743-27/05/2021","2 Metropolitan","NORWOOD","5067","CC OF NORWOOD,PAYNEHAM & ST PETERS",2,1,0,0,1,2016,"November","Tuesday","12:15 pm","050","Not Divided","Straight road","Level","Driveway or Entrance","Sealed","Dry","Not Raining","Daylight","Hit Fixed Object","01","Driver Rider","2: MI","No Control","","",1331656.71,1670984.06,"13316571670984"
"2016-15744-27/05/2021","3 Country","PORT AUGUSTA WEST","5700","CC PT.AUGUSTA.                ",2,0,0,0,0,2016,"November","Thursday","11:30 pm","050","Not Divided","Straight road","Level","Bridge, Culvert, Causeway","Unsealed","Dry","Not Raining","Night","Hit Fixed Object","01","Driver Rider","1: PDO","No Control","","",1256819.85,1942020.45,"12568201942020"
"2016-15745-27/05/2021","2 Metropolitan","ST GEORGES","5064","CITY OF BURNSIDE",2,0,0,0,0,2016,"November","Friday","05:30 am","060","Divided Road","Straight road","Level","Not Applicable","Sealed","Dry","Not Raining","Night","Hit Parked Vehicle","02","Driver Rider","1: PDO","No Control","","",1332350.97,1667852.34,"13323511667852"
"2016-15746-27/05/2021","1 City","ADELAIDE","5000","CITY OF ADELAIDE",2,0,0,0,0,2016,"November","Friday","11:00 am","050","Not Divided","Straight road","Level","Not Applicable","Sealed","Dry","Not Raining","Daylight","Rear End","01","Driver Rider","1: PDO","No Control","","",1328678.61,1671292.53,"13286791671293"
"2016-15747-27/05/2021","2 Metropolitan","SEATON","5023","CITY OF CHARLES STURT",2,1,0,0,1,2016,"November","Friday","12:50 pm","060","T-Junction","Straight road","Level","Not Applicable","Sealed","Dry","Not Raining","Daylight","Right Turn","01","Driver Rider","2: MI","Traffic Signals","","",1319956.69,1673059.61,"13199571673060"
"2016-15748-27/05/2021","3 Country","SEDAN","5353","MID MURRAY DISTRICT COUNCIL",2,0,0,0,0,2016,"November","Friday","08:30 am","110","Not Divided","Straight road","Level","Not Applicable","Sealed","Dry","Not Raining","Daylight","Hit Animal","02","Animal","1: PDO","No Control","","",1401883.42,1706456.94,"14018831706457"
"2016-15749-27/05/2021","3 Country","WHYALLA NORRIE","5608","CC WHYALLA.                   ",4,0,0,0,0,2016,"November","Friday","11:00 am","050","Not Divided","Straight road","Level","Not Applicable","Sealed","Dry","Not Raining","Daylight","Hit Fixed Object","01","Driver Rider","1: PDO","No Control","Y","",1237148.5,1884989.99,"12371491884990"
"2016-15750-27/05/2021","2 Metropolitan","GEPPS CROSS","5094","CITY OF PORT ADELAIDE ENFIELD",2,0,0,0,0,2016,"November","Friday","02:20 pm","060","Multiple","Straight road","Level","Not Applicable","Sealed","Dry","Not Raining","Daylight","Rear End","02","Driver Rider","1: PDO","Traffic Signals","","",1328802.51,1679265.44,"13288031679265"
"2016-15751-27/05/2021","2 Metropolitan","PARA HILLS","5096","CITY OF SALISBURY",3,1,0,0,1,2016,"November","Friday","01:00 pm","050","Not Divided","Straight road","Crest of Hill","Not Applicable","Sealed","Dry","Not Raining","Daylight","Hit Pedestrian","02","Pedestrian","2: MI","No Control","","",1333232.54,1683100.25,"13332331683100"
"2016-15752-27/05/2021","2 Metropolitan","WINGFIELD","5013","CITY OF PORT ADELAIDE ENFIELD",2,1,0,0,1,2016,"November","Friday","03:10 pm","060","Cross Road","Straight road","Level","Not Applicable","Sealed","Dry","Not Raining","Daylight","Right Angle","02","Driver Rider","2: MI","Traffic Signals","","",1323910.63,1679162.4,"13239111679162"
"2016-15753-27/05/2021","2 Metropolitan","VALE PARK","5081","WALKERVILLE TOWN COUNCIL",2,0,0,0,0,2016,"November","Thursday","06:00 pm","060","Divided Road","Straight road","Level","Not Applicable","Sealed","Dry","Not Raining","Daylight","Side Swipe","02","Driver Rider","1: PDO","No Control","","",1330719.21,1675289.17,"13307191675289"
"2016-15754-27/05/2021","2 Metropolitan","GLEN OSMOND","5064","CITY OF BURNSIDE",2,0,0,0,0,2016,"November","Wednesday","03:16 pm","060","T-Junction","Straight road","Level","Not Applicable","Sealed","Dry","Not Raining","Daylight","Right Turn","01","Driver Rider","1: PDO","No Control","","",1332383.73,1666889.18,"13323841666889"
"2016-15755-27/05/2021","2 Metropolitan","MORPHETT VALE","5162","CITY OF ONKAPARINGA",3,1,0,0,1,2016,"November","Tuesday","02:18 pm","060","Pedestrian Crossing","Straight road","Level","Not Applicable","Sealed","Dry","Not Raining","Daylight","Hit Fixed Object","01","Driver Rider","2: MI","Traffic Signals","","",1320799.63,1649106.47,"13208001649106"
"2016-15756-27/05/2021","2 Metropolitan","POORAKA","5095","CITY OF SALISBURY",2,0,0,0,0,2016,"November","Friday","12:15 pm","070","Not Divided","Straight road","Level","Not Applicable","Sealed","Dry","Not Raining","Daylight","Side Swipe","02","Driver Rider","1: PDO","No Control","","",1331951.02,1683387.03,"13319511683387"
"2016-15757-27/05/2021","2 Metropolitan","SOUTH BRIGHTON","5048","CITY OF HOLDFAST BAY",2,0,0,0,0,2016,"November","Thursday","05:30 pm","060","T-Junction","Straight road","Level","Not Applicable","Sealed","Dry","Not Raining","Daylight","Right Angle","02","Driver Rider","1: PDO","No Control","","",1321159.45,1660174.3,"13211591660174"
"2016-15758-27/05/2021","2 Metropolitan","COROMANDEL EAST","5157","CITY OF ONKAPARINGA",2,0,0,0,0,2016,"November","Thursday","08:10 pm","080","Not Divided","Straight road","Level","Not Applicable","Sealed","Dry","Not Raining","Night","Hit Animal","02","Animal","1: PDO","No Control","","",1332941.17,1657562.76,"13329411657563"
"2016-15759-27/05/2021","3 Country","STIRLING NORTH","5710","CC PT.AUGUSTA.                ",2,0,0,0,0,2016,"October","Wednesday","12:20 pm","080","T-Junction","Straight road","Level","Not Applicable","Sealed","Dry","Not Raining","Daylight","Rear End","01","Driver Rider","1: PDO","No Control","","",1263309.1,1939914.76,"12633091939915"
"2016-15760-27/05/2021","3 Country","TICKERA","5555","BARUNGA WEST DISTRICT COUNCIL",1,0,0,0,0,2016,"November","Friday","04:55 pm","080","Not Divided","Straight road","Level","Not Applicable","Unsealed","Dry","Not Raining","Daylight","Roll Over","01","Driver Rider","1: PDO","No Control","","",1251681.57,1792091.7,"12516821792092"
"2016-15761-27/05/2021","2 Metropolitan","KESWICK TERMINAL","5035","CITY OF WEST TORRENS",2,1,0,0,1,2016,"November","Friday","04:30 pm","060","Cross Road","Straight road","Level","Not Applicable","Sealed","Dry","Not Raining","Daylight","Rear End","01","Driver Rider","2: MI","Traffic Signals","","",1326431.95,1668966.24,"13264321668966"
"2016-15762-27/05/2021","2 Metropolitan","ENFIELD","5085","CITY OF PORT ADELAIDE ENFIELD",2,1,0,0,1,2016,"November","Friday","03:55 pm","060","Cross Road","Straight road","Level","Not Applicable","Sealed","Dry","Not Raining","Daylight","Right Angle","01","Driver Rider","2: MI","Give Way Sign","","",1329224.9,1676451.08,"13292251676451"
"2016-15763-27/05/2021","2 Metropolitan","HAZELWOOD PARK","5066","CITY OF BURNSIDE",2,0,0,0,0,2016,"November","Friday","09:10 am","060","Cross Road","Straight road","Level","Not Applicable","Sealed","Dry","Not Raining","Daylight","Side Swipe","02","Driver Rider","1: PDO","Roundabout","","",1333935.99,1669099.19,"13339361669099"
"2016-15764-27/05/2021","2 Metropolitan","MYRTLE BANK","5064","CITY OF UNLEY",2,0,0,0,0,2016,"November","Thursday","04:50 pm","060","Not Divided","Straight road","Slope","Not Applicable","Sealed","Dry","Not Raining","Daylight","Rear End","02","Driver Rider","1: PDO","No Control","","",1332305.92,1666472.11,"13323061666472"
"2016-15765-27/05/2021","2 Metropolitan","KIDMAN PARK","5025","CITY OF CHARLES STURT",2,0,0,0,0,2016,"November","Friday","04:25 pm","050","T-Junction","Straight road","Level","Not Applicable","Sealed","Dry","Not Raining","Daylight","Rear End","01","Driver Rider","1: PDO","No Control","","",1321490.35,1672199.08,"13214901672199"
"2016-15766-27/05/2021","2 Metropolitan","BROADVIEW","5083","CITY OF PORT ADELAIDE ENFIELD",2,0,0,0,0,2016,"November","Friday","06:20 pm","060","Divided Road","Straight road","Level","Not Applicable","Sealed","Dry","Not Raining","Daylight","Hit Parked Vehicle","01","Driver Rider","1: PDO","No Control","","",1330037.58,1676462.8,"13300381676463"
"2016-15767-27/05/2021","2 Metropolitan","MARRYATVILLE","5068","CC OF NORWOOD,PAYNEHAM & ST PETERS",2,0,0,0,0,2016,"November","Friday","07:30 pm","060","Cross Road","Straight road","Level","Not Applicable","Sealed","Dry","Not Raining","Daylight","Rear End","02","Driver Rider","1: PDO","Traffic Signals","","",1332269.85,1670409.71,"13322701670410"
"2016-15768-27/05/2021","2 Metropolitan","KURRALTA PARK","5037","CITY OF WEST TORRENS",2,1,0,0,1,2016,"November","Friday","05:10 pm","060","Cross Road","Straight road","Level","Not Applicable","Sealed","Dry","Not Raining","Daylight","Right Turn","01","Driver Rider","2: MI","Traffic Signals","","",1325778.61,1667717.09,"13257791667717"
"2016-15769-27/05/2021","3 Country","RIVERTON","5412","CLARE AND GILBERT VALLEYS DISTRICT COUNCIL",2,2,0,1,1,2016,"November","Friday","06:50 pm","100","Cross Road","Straight road","Slope","Not Applicable","Sealed","Dry","Not Raining","Daylight","Right Angle","02","Driver Rider","3: SI","Give Way Sign","","",1344455.24,1751832.29,"13444551751832"
"2016-15770-27/05/2021","2 Metropolitan","GEPPS CROSS","5094","CITY OF PORT ADELAIDE ENFIELD",2,0,0,0,0,2016,"November","Friday","06:30 pm","060","Divided Road","Straight road","Level","Not Applicable","Sealed","Dry","Not Raining","Daylight","Rear End","01","Driver Rider","1: PDO","No Control","","",1328318.73,1679262.64,"13283191679263"
"2016-15771-27/05/2021","2 Metropolitan","HENLEY BEACH","5022","CITY OF CHARLES STURT",2,1,0,0,1,2016,"November","Friday","07:15 pm","050","T-Junction","Straight road","Level","Not Applicable","Sealed","Dry","Not Raining","Daylight","Hit Fixed Object","01","Driver Rider","2: MI","No Control","","Y",1319015.5,1672667.74,"13190161672668"
"2016-15772-27/05/2021","3 Country","MOUNT GAMBIER","5290","CC MT.GAMBIER.                ",2,1,0,1,0,2016,"November","Friday","05:10 pm","060","Cross Road","CURVED, VIEW OPEN","Bottom of Hill","Not Applicable","Sealed","Dry","Not Raining","Daylight","Right Angle","02","Driver Rider","3: SI","Roundabout","","",1510348.34,1340746.47,"15103481340746"
"2016-15773-27/05/2021","3 Country","MOUNT GAMBIER","5290","CC MT.GAMBIER.                ",2,0,0,0,0,2016,"November","Friday","06:00 pm","050","Cross Road","Straight road","Level","Not Applicable","Sealed","Dry","Not Raining","Daylight","Right Turn","02","Driver Rider","1: PDO","Traffic Signals","","",1509554.9,1340453.69,"15095551340454"
"2016-15774-27/05/2021","3 Country","PORT LINCOLN","5606","CC PT.LINCOLN.                ",2,1,0,0,1,2016,"November","Friday","06:30 pm","060","Not Divided","CURVED, VIEW OPEN","Level","Not Applicable","Sealed","Dry","Not Raining","Daylight","Hit Fixed Object","01","Driver Rider","2: MI","No Control","","",1078483.57,1696846.37,"10784841696846"
"2016-15775-27/05/2021","2 Metropolitan","MAWSON LAKES","5095","CITY OF SALISBURY",2,3,0,0,3,2016,"November","Friday","08:40 pm","070","Cross Road","Straight road","Level","Not Applicable","Sealed","Dry","Not Raining","Night","Right Turn","01","Driver Rider","2: MI","Traffic Signals","","",1329566.06,1684422.81,"13295661684423"
"2016-15776-27/05/2021","3 Country","ARDROSSAN","5571","YORKE PENINSULA COUNCIL",2,2,0,0,2,2016,"November","Thursday","02:30 pm","050","Not Divided","Straight road","Level","Driveway or Entrance","Sealed","Dry","Not Raining","Daylight","Right Angle","02","Driver Rider","2: MI","No Control","","",1267218.48,1728262.98,"12672181728263"
"2016-15777-27/05/2021","3 Country","PORT PIRIE SOUTH","5540","PT.PIRIE CITY & DIST. COUNCIL ",1,1,0,0,1,2016,"November","Friday","07:09 pm","050","Cross Road","Straight road","Level","Not Applicable","Sealed","Dry","Not Raining","Daylight","Other","01","Driver Rider","2: MI","Give Way Sign","Y","",1280057.07,1862908.47,"12800571862908"
"2016-15778-27/05/2021","1 City","ADELAIDE","5000","CITY OF ADELAIDE",2,0,0,0,0,2016,"November","Friday","11:05 pm","050","Not Divided","Straight road","Level","Not Applicable","Sealed","Dry","Not Raining","Night","Hit Parked Vehicle","01","Driver Rider","1: PDO","No Control","","",1328901.58,1670528.95,"13289021670529"
"2016-15779-27/05/2021","2 Metropolitan","ENFIELD","5085","CITY OF PORT ADELAIDE ENFIELD",2,0,0,0,0,2016,"November","Friday","08:00 pm","060","Divided Road","Straight road","Level","Not Applicable","Sealed","Dry","Not Raining","Night","Side Swipe","02","Driver Rider","1: PDO","No Control","","",1328835.02,1678066.93,"13288351678067"
"2016-15780-27/05/2021","2 Metropolitan","SMITHFIELD PLAINS","5114","CITY OF PLAYFORD.",2,0,0,0,0,2016,"September","Sunday","02:20 pm","050","Not Divided","Straight road","Level","Not Applicable","Sealed","Dry","Not Raining","Daylight","Hit Fixed Object","01","Driver Rider","1: PDO","No Control","Y","",,,
"2016-15781-27/05/2021","2 Metropolitan","WOODCROFT","5162","CITY OF ONKAPARINGA",2,0,0,0,0,2016,"November","Friday","10:30 pm","050","Not Divided","Straight road","Level","Not Applicable","Sealed","Dry","Not Raining","Night","Hit Parked Vehicle","02","Driver Rider","1: PDO","No Control","","",1324582.18,1651571.98,"13245821651572"
"2016-15782-27/05/2021","2 Metropolitan","STURT","5047","CC MARION.                    ",2,0,0,0,0,2016,"November","Saturday","11:34 am","060","Divided Road","Straight road","Level","Not Applicable","Sealed","Dry","Not Raining","Daylight","Rear End","01","Driver Rider","1: PDO","No Control","","",1324155.68,1660668.41,"13241561660668"
"2016-15783-27/05/2021","2 Metropolitan","SOUTH PLYMPTON","5038","CC MARION.                    ",2,0,0,0,0,2016,"November","Friday","05:15 pm","060","Cross Road","Straight road","Level","Not Applicable","Sealed","Dry","Not Raining","Daylight","Side Swipe","02","Driver Rider","1: PDO","Traffic Signals","","",1324247.86,1666104.37,"13242481666104"
"2016-15784-27/05/2021","2 Metropolitan","HAWTHORN","5062","CC MITCHAM.                   ",2,0,0,0,0,2016,"November","Friday","05:30 pm","060","T-Junction","Straight road","Level","Not Applicable","Sealed","Dry","Not Raining","Daylight","Right Angle","02","Driver Rider","1: PDO","Traffic Signals","","",1328309.41,1666226.27,"13283091666226"
"2016-15785-27/05/2021","3 Country","HINDMARSH VALLEY","5211","DC VICTOR HARBOR.             ",2,0,0,0,0,2016,"October","Friday","05:30 pm","100","Not Divided","Straight road","Slope","Not Applicable","Sealed","Dry","Not Raining","Daylight","Hit Fixed Object","01","Driver Rider","1: PDO","No Control","Y","",1330328.2,1610426.88,"13303281610427"
"2016-15786-27/05/2021","2 Metropolitan","ST PETERS","5069","CC OF NORWOOD,PAYNEHAM & ST PETERS",2,0,0,0,0,2016,"November","Saturday","10:20 am","060","Divided Road","Straight road","Level","Not Applicable","Sealed","Dry","Not Raining","Daylight","Rear End","02","Driver Rider","1: PDO","No Control","","",1331085.25,1672363.03,"13310851672363"
"2016-15787-27/05/2021","2 Metropolitan","WISTOW","5251","DC MT.BARKER.                 ",2,1,0,0,1,2016,"November","Friday","04:30 pm","080","T-Junction","Straight road","Slope","Not Applicable","Sealed","Dry","Not Raining","Daylight","Right Turn","01","Driver Rider","2: MI","Give Way Sign","","",1353777.94,1649394.23,"13537781649394"
"2016-15788-27/05/2021","2 Metropolitan","WEST BEACH","5024","CITY OF WEST TORRENS",2,0,0,0,0,2016,"November","Saturday","11:45 am","080","Divided Road","CURVED, VIEW OPEN","Level","Not Applicable","Sealed","Dry","Not Raining","Daylight","Hit Fixed Object","01","Driver Rider","1: PDO","No Control","","",1320700.52,1667620.16,"13207011667620"
"2016-15789-27/05/2021","2 Metropolitan","CAMDEN PARK","5038","CITY OF WEST TORRENS",3,0,0,0,0,2016,"November","Saturday","11:30 am","060","Divided Road","Straight road","Level","Not Applicable","Sealed","Dry","Not Raining","Daylight","Rear End","02","Driver Rider","1: PDO","No Control","","",1322800.91,1665507.74,"13228011665508"
"2016-15790-27/05/2021","3 Country","HAYBOROUGH","5211","DC VICTOR HARBOR.             ",2,0,0,0,0,2016,"November","Saturday","10:50 am","060","T-Junction","Straight road","Level","Not Applicable","Sealed","Dry","Not Raining","Daylight","Rear End","02","Driver Rider","1: PDO","No Control","","",1329648.74,1603665.27,"13296491603665"
"2016-15791-27/05/2021","3 Country","ROBE","5276","DC ROBE.                      ",2,0,0,0,0,2016,"November","Wednesday","10:35 pm","110","Not Divided","CURVED, VIEW OPEN","Level","Not Applicable","Sealed","Dry","Not Raining","Night","Hit Fixed Object","01","Driver Rider","1: PDO","No Control","Y","",1434713.64,1411909.81,"14347141411910"
"2016-15792-27/05/2021","2 Metropolitan","GLYNDE","5070","CC OF NORWOOD,PAYNEHAM & ST PETERS",2,2,0,0,2,2016,"November","Saturday","02:20 pm","060","Divided Road","Straight road","Level","Not Applicable","Sealed","Dry","Not Raining","Daylight","Rear End","02","Driver Rider","2: MI","No Control","","",1332916.2,1674139.99,"13329161674140"
"2016-15793-27/05/2021","3 Country","WILLIAMSTOWN","5351","THE BAROSSA COUNCIL.",2,3,0,0,3,2016,"November","Saturday","01:28 pm","080","Not Divided","CURVED, VIEW OPEN","Level","Not Applicable","Sealed","Dry","Not Raining","Daylight","Head On","01","Driver Rider","2: MI","No Control","","",1353395.09,1699763.51,"13533951699764"
"2016-15794-27/05/2021","2 Metropolitan","GAWLER EAST","5118","CT GAWLER.                    ",2,0,0,0,0,2016,"November","Friday","06:00 pm","050","Not Divided","Straight road","Level","Driveway or Entrance","Sealed","Dry","Not Raining","Daylight","Hit Parked Vehicle","02","Driver Rider","1: PDO","No Control","","",1344016.87,1706246,"13440171706246"
"2016-15795-27/05/2021","3 Country","DUBLIN","5501","DC MALLALA.                   ",1,0,0,0,0,2016,"November","Friday","06:30 pm","100","Not Divided","Straight road","Level","Not Applicable","Sealed","Dry","Not Raining","Daylight","Roll Over","01","Driver Rider","1: PDO","No Control","","",1303403.94,1723289.39,"13034041723289"
"2016-15796-27/05/2021","2 Metropolitan","TEA TREE GULLY","5091","CITY OF TEA TREE GULLY",3,0,0,0,0,2016,"November","Saturday","02:50 pm","050","Not Divided","CURVED, VIEW OPEN","Slope","Driveway or Entrance","Sealed","Dry","Not Raining","Daylight","Hit Fixed Object","01","Driver Rider","1: PDO","No Control","","",1340594.69,1682480.68,"13405951682481"
"2016-15797-27/05/2021","3 Country","SALTIA","5433","THE FLINDERS RANGES COUNCIL.",2,3,0,0,3,2016,"November","Saturday","01:15 pm","110","Not Divided","CURVED, VIEW OBSCURED","Slope","Not Applicable","Sealed","Dry","Not Raining","Daylight","Head On","02","Driver Rider","2: MI","No Control","","",1276000.81,1943939.99,"12760011943940"
"2016-15798-27/05/2021","2 Metropolitan","DERNANCOURT","5075","CITY OF TEA TREE GULLY",2,1,0,0,1,2016,"November","Saturday","04:30 pm","060","T-Junction","CURVED, VIEW OPEN","Slope","Not Applicable","Sealed","Dry","Not Raining","Daylight","Rear End","01","Driver Rider","2: MI","Traffic Signals","","",1336042.72,1677268.06,"13360431677268"
"2016-15799-27/05/2021","2 Metropolitan","FLAGSTAFF HILL","5159","CITY OF ONKAPARINGA",2,0,0,0,0,2016,"November","Friday","06:15 pm","050","T-Junction","Straight road","Level","Not Applicable","Sealed","Dry","Not Raining","Daylight","Rear End","02","Driver Rider","1: PDO","No Control","","",1328658.15,1656019.83,"13286581656020"
"2016-15800-27/05/2021","3 Country","MURRAY BRIDGE","5253","RC MURRAY BRIDGE.             ",2,1,0,1,0,2016,"November","Saturday","07:04 pm","050","T-Junction","Straight road","Level","Not Applicable","Sealed","Dry","Not Raining","Daylight","Right Angle","01","Driver Rider","3: SI","No Control","","",1390063.11,1644831.72,"13900631644832"
"2016-15801-27/05/2021","2 Metropolitan","REYNELLA","5161","CITY OF ONKAPARINGA",3,1,0,0,1,2016,"November","Saturday","04:30 pm","060","Divided Road","Straight road","Level","Not Applicable","Sealed","Dry","Not Raining","Daylight","Hit Parked Vehicle","01","Driver Rider","2: MI","No Control","","Y",1321593.95,1651469.23,"13215941651469"
"2016-15802-27/05/2021","2 Metropolitan","MOUNT BARKER","5251","DC MT.BARKER.                 ",2,0,0,0,0,2016,"November","Saturday","08:20 pm","060","T-Junction","Straight road","Level","Not Applicable","Sealed","Dry","Not Raining","Night","Rear End","01","Driver Rider","1: PDO","Traffic Signals","","",1351233.24,1654406.51,"13512331654407"
"2016-15803-27/05/2021","2 Metropolitan","CLOVELLY PARK","5042","CC MARION.                    ",3,1,0,0,1,2016,"October","Saturday","05:50 pm","050","Not Divided","Straight road","Level","Not Applicable","Sealed","Dry","Not Raining","Daylight","Hit Fixed Object","01","Driver Rider","2: MI","No Control","","",1325388.87,1662537.89,"13253891662538"
"2016-15804-27/05/2021","2 Metropolitan","CUDLEE CREEK","5232","THE ADELAIDE HILLS COUNCIL",2,1,0,0,1,2016,"November","Saturday","06:00 pm","080","Not Divided","CURVED, VIEW OPEN","Level","Not Applicable","Sealed","Dry","Not Raining","Daylight","Hit Fixed Object","01","Driver Rider","2: MI","No Control","","",1352646.04,1676162.31,"13526461676162"
"2016-15805-27/05/2021","3 Country","PORT LINCOLN","5606","CC PT.LINCOLN.                ",2,0,0,0,0,2016,"November","Saturday","08:54 pm","050","Not Divided","Straight road","Level","Not Applicable","Sealed","Dry","Not Raining","Night","Hit Fixed Object","01","Driver Rider","1: PDO","No Control","","",1079045.98,1697679.48,"10790461697679"
"2016-15806-27/05/2021","2 Metropolitan","CLARENCE GARDENS","5039","CC MITCHAM.                   ",2,0,0,0,0,2016,"November","Saturday","10:29 pm","060","T-Junction","Straight road","Level","Not Applicable","Sealed","Dry","Not Raining","Night","Hit Fixed Object","01","Driver Rider","1: PDO","No Control","","",1326273.34,1664960.23,"13262731664960"
"2016-15807-27/05/2021","2 Metropolitan","MAGILL","5072","CC CAMPBELLTOWN.              ",2,1,0,0,1,2016,"November","Sunday","12:30 am","050","Not Divided","Straight road","Level","Not Applicable","Sealed","Dry","Not Raining","Night","Hit Pedestrian","02","Pedestrian","2: MI","No Control","","",1335841.85,1671958.9,"13358421671959"
"2016-15808-27/05/2021","2 Metropolitan","MITCHAM","5062","CC MITCHAM.                   ",2,0,0,0,0,2016,"November","Saturday","11:41 pm","060","Not Divided","CURVED, VIEW OPEN","Level","Not Applicable","Sealed","Dry","Not Raining","Night","Hit Fixed Object","01","Driver Rider","1: PDO","No Control","","",1330553.64,1664775.53,"13305541664776"
"2016-15809-27/05/2021","2 Metropolitan","URRBRAE","5064","CC MITCHAM.                   ",2,1,0,0,1,2016,"November","Saturday","10:55 am","060","Not Divided","Straight road","Level","Driveway or Entrance","Sealed","Dry","Not Raining","Daylight","Rear End","02","Driver Rider","2: MI","No Control","","",1330774.35,1666094.71,"13307741666095"
"2016-15810-27/05/2021","2 Metropolitan","NORWOOD","5067","CC OF NORWOOD,PAYNEHAM & ST PETERS",2,0,0,0,0,2016,"November","Saturday","01:40 pm","060","Cross Road","Straight road","Level","Not Applicable","Sealed","Dry","Not Raining","Daylight","Right Angle","01","Driver Rider","1: PDO","Give Way Sign","","",1330847.9,1670368.13,"13308481670368"
"2016-15811-27/05/2021","2 Metropolitan","DERNANCOURT","5075","CITY OF TEA TREE GULLY",2,2,0,0,2,2016,"November","Saturday","05:00 pm","060","T-Junction","Straight road","Level","Not Applicable","Sealed","Dry","Not Raining","Daylight","Rear End","02","Driver Rider","2: MI","No Control","","",1335211.79,1678045.28,"13352121678045"
"2016-15812-27/05/2021","2 Metropolitan","GOODWOOD","5034","CITY OF UNLEY",2,0,0,0,0,2016,"November","Friday","09:45 am","040","T-Junction","Straight road","Level","Not Applicable","Sealed","Dry","Not Raining","Daylight","Right Angle","02","Driver Rider","1: PDO","No Control","","",1327870.46,1668054.43,"13278701668054"
"2016-15813-27/05/2021","2 Metropolitan","HENLEY BEACH","5022","CITY OF CHARLES STURT",1,1,0,0,1,2016,"November","Sunday","07:55 am","050","Cross Road","Straight road","Level","Not Applicable","Sealed","Dry","Not Raining","Daylight","Roll Over","09","Other","2: MI","Stop Sign","","",1318939.94,1671368.13,"13189401671368"
"2016-15814-27/05/2021","2 Metropolitan","MODBURY","5092","CITY OF TEA TREE GULLY",4,0,0,0,0,2016,"November","Sunday","10:38 am","060","T-Junction","Straight road","Level","Not Applicable","Sealed","Dry","Not Raining","Daylight","Rear End","02","Driver Rider","1: PDO","Traffic Signals","","",1336193.35,1680387.45,"13361931680387"
"2016-15815-27/05/2021","3 Country","PINERY","5460","WAKEFIELD REGIONAL COUNCIL",1,0,0,0,0,2016,"November","Saturday","10:00 am","100","Not Divided","CURVED, VIEW OPEN","Crest of Hill","Not Applicable","Unsealed","Dry","Not Raining","Daylight","Roll Over","01","Driver Rider","1: PDO","No Control","","",1315708.71,1737940.07,"13157091737940"