"REPORT_ID","Stats Area","Suburb","Postcode","LGA Name","Total Units","Total Cas","Total Fats","Total SI","Total MI","Year","Month","Day","Time","Area Speed","Position Type","Horizontal Align","Vertical Align","Other Feat","Road Surface","Moisture Cond","Weather Cond","DayNight","Crash Type","Unit Resp","Entity Code","CSEF Severity","Traffic Ctrls","DUI Involved","Drugs Involved","ACCLOC_X","ACCLOC_Y","UNIQUE_LOC"
"2016-16696-27/05/2021","2 Metropolitan","EDWARDSTOWN","5039","CC MARION.                    ",3,1,0,0,1,2016,"November","Monday","01:25 pm","060","T-Junction","Straight road","Level","Not Applicable","Sealed","Dry","Not Raining","Daylight","Rear End","01","Driver Rider","2: MI","No Control","","",1325201.33,1663301.96,"13252011663302"
"2016-16697-27/05/2021","3 Country","COORABIE","5690",,2,1,0,0,1,2016,"November","Monday","10:00 am","110","Not Divided","Straight road","Level","Not Applicable","Sealed","Dry","Not Raining","Daylight","Hit Fixed Object","01","Driver Rider","2: MI","No Control","","",730746.32,2027591.23,"07307462027591"
"2016-16698-27/05/2021","2 Metropolitan","MUNNO PARA WEST","5115","CITY OF PLAYFORD.",2,0,0,0,0,2016,"November","Monday","12:30 pm","060","Not Divided","Straight road","Level","Not Applicable","Sealed","Dry","Not Raining","Daylight","Hit Fixed Object","01","Driver Rider","1: PDO","No Control","","",1335932.86,1698963.74,"13359331698964"
"2016-16699-27/05/2021","1 City","ADELAIDE","5000","CITY OF ADELAIDE",2,0,0,0,0,2016,"November","Friday","12:00 pm","050","Not Divided","Straight road","Level","Not Applicable","Sealed","Dry","Not Raining","Daylight","Hit Parked Vehicle","02","Driver Rider","1: PDO","No Control","","",1328135.2,1670583.87,"13281351670584"
"2016-16700-27/05/2021","2 Metropolitan","GOODWOOD","5034","CITY OF UNLEY",2,0,0,0,0,2016,"November","Monday","03:30 pm","050","T-Junction","Straight road","Level","Not Applicable","Sealed","Dry","Not Raining","Daylight","Right Angle","01","Driver Rider","1: PDO","Stop Sign","","",1327460.55,1667795.78,"13274611667796"
"2016-16701-27/05/2021","3 Country","WAIKERIE","5330","LOXTON WAIKERIE DISTRICT COUNCIL",2,0,0,0,0,2016,"November","Monday","01:45 pm","100","T-Junction","Straight road","Level","Not Applicable","Sealed","Dry","Not Raining","Daylight","Hit Fixed Object","01","Driver Rider","1: PDO","No Control","","",1460197.46,1747169.77,"14601971747170"
"2016-16702-27/05/2021","2 Metropolitan","CLARENCE GARDENS","5039","CC MITCHAM.                   ",2,0,0,0,0,2016,"November","Friday","01:30 pm","060","Divided Road","Straight road","Level","Not Applicable","Sealed","Dry","Not Raining","Daylight","Rear End","01","Driver Rider","1: PDO","No Control","","",1325894.29,1665744.52,"13258941665745"
"2016-16703-27/05/2021","3 Country","MOUNT PLEASANT","5235","THE BAROSSA COUNCIL.",2,0,0,0,0,2016,"November","Monday","02:30 pm","080","Not Divided","CURVED, VIEW OBSCURED","Crest of Hill","Not Applicable","Sealed","Dry","Not Raining","Daylight","Hit Fixed Object","01","Driver Rider","1: PDO","No Control","","",1366131.12,1687676.15,"13661311687676"
"2016-16704-27/05/2021","2 Metropolitan","HAHNDORF","5245","DC MT.BARKER.                 ",2,1,0,0,1,2016,"November","Monday","03:00 pm","080","Not Divided","Straight road","Level","Not Applicable","Sealed","Dry","Not Raining","Daylight","Hit Fixed Object","01","Driver Rider","2: MI","No Control","","",1345500.44,1656359.61,"13455001656360"
"2016-16705-27/05/2021","2 Metropolitan","MARINO","5049","CITY OF HOLDFAST BAY",3,1,0,0,1,2016,"November","Monday","03:00 pm","050","Not Divided","Straight road","Level","Not Applicable","Sealed","Dry","Not Raining","Daylight","Hit Fixed Object","01","Driver Rider","2: MI","No Control","","",1320761.37,1658198.28,"13207611658198"
"2016-16706-27/05/2021","2 Metropolitan","STEPNEY","5069","CC OF NORWOOD,PAYNEHAM & ST PETERS",3,0,0,0,0,2016,"November","Monday","03:20 pm","060","Cross Road","Straight road","Level","Not Applicable","Sealed","Dry","Not Raining","Daylight","Rear End","02","Driver Rider","1: PDO","Traffic Signals","","",1331106.72,1672391.45,"13311071672391"
"2016-16707-27/05/2021","1 City","ADELAIDE","5000","CITY OF ADELAIDE",2,0,0,0,0,2016,"November","Monday","03:00 pm","050","Cross Road","Straight road","Level","Not Applicable","Sealed","Dry","Not Raining","Daylight","Side Swipe","02","Driver Rider","1: PDO","Traffic Signals","","",1329024.85,1670686.76,"13290251670687"
"2016-16708-27/05/2021","2 Metropolitan","SOUTH PLYMPTON","5038","CC MARION.                    ",2,0,0,0,0,2016,"November","Monday","03:37 pm","060","T-Junction","Straight road","Level","Not Applicable","Sealed","Dry","Not Raining","Daylight","Right Turn","02","Driver Rider","1: PDO","No Control","","",1324264.07,1665595.48,"13242641665595"
"2016-16709-27/05/2021","2 Metropolitan","MODBURY HEIGHTS","5092","CITY OF TEA TREE GULLY",2,0,0,0,0,2016,"November","Monday","04:20 pm","060","T-Junction","Straight road","Level","Not Applicable","Sealed","Dry","Not Raining","Daylight","Rear End","02","Driver Rider","1: PDO","No Control","","",1336886.24,1682486.83,"13368861682487"
"2016-16710-27/05/2021","3 Country","WILLUNGA HILL","5172","ALEXANDRINA COUNCIL",2,0,0,0,0,2016,"November","Friday","08:00 am","080","T-Junction","CURVED, VIEW OPEN","Level","Not Applicable","Sealed","Dry","Not Raining","Daylight","Hit Fixed Object","01","Driver Rider","1: PDO","No Control","","",1325512.77,1629661.8,"13255131629662"
"2016-16711-27/05/2021","2 Metropolitan","PARA HILLS","5096","CITY OF SALISBURY",2,0,0,0,0,2016,"November","Monday","05:10 pm","060","Divided Road","Straight road","Level","Not Applicable","Sealed","Dry","Not Raining","Daylight","Rear End","01","Driver Rider","1: PDO","No Control","","",1334261.41,1684571.8,"13342611684572"
"2016-16712-27/05/2021","2 Metropolitan","REDWOOD PARK","5097","CITY OF TEA TREE GULLY",2,2,0,0,2,2016,"November","Monday","04:45 pm","070","Divided Road","Straight road","Level","Not Applicable","Sealed","Dry","Not Raining","Daylight","Rear End","02","Driver Rider","2: MI","No Control","","",1337827.68,1683289.68,"13378281683290"
"2016-16713-27/05/2021","2 Metropolitan","CUMBERLAND PARK","5041","CC MITCHAM.                   ",3,0,0,0,0,2016,"November","Monday","05:45 pm","050","Cross Road","Straight road","Level","Not Applicable","Sealed","Dry","Not Raining","Daylight","Rear End","02","Driver Rider","1: PDO","Stop Sign","","",1326714.57,1665113.65,"13267151665114"
"2016-16714-27/05/2021","2 Metropolitan","SOUTH PLYMPTON","5038","CC MARION.                    ",2,0,0,0,0,2016,"November","Monday","05:15 pm","060","Divided Road","Straight road","Level","Driveway or Entrance","Sealed","Dry","Not Raining","Daylight","Right Angle","02","Driver Rider","1: PDO","No Control","","",1324250.24,1666041.42,"13242501666041"
"2016-16715-27/05/2021","2 Metropolitan","WOODSIDE","5244","THE ADELAIDE HILLS COUNCIL",3,0,0,0,0,2016,"November","Monday","05:17 pm","080","Cross Road","CURVED, VIEW OPEN","Level","Road hump or Slow point","Sealed","Dry","Not Raining","Daylight","Rear End","01","Driver Rider","1: PDO","Stop Sign","","",1354968.4,1669416.67,"13549681669417"
"2016-16716-27/05/2021","2 Metropolitan","MORPHETT VALE","5162","CITY OF ONKAPARINGA",2,1,0,0,1,2016,"November","Monday","05:00 pm","060","T-Junction","Straight road","Level","Not Applicable","Sealed","Dry","Not Raining","Daylight","Right Angle","01","Driver Rider","2: MI","No Control","","",1320824.93,1648101.49,"13208251648101"
"2016-16717-27/05/2021","2 Metropolitan","FINDON","5023","CITY OF CHARLES STURT",2,0,0,0,0,2016,"November","Monday","05:15 pm","050","Not Divided","Straight road","Level","Not Applicable","Sealed","Dry","Not Raining","Daylight","Hit Parked Vehicle","01","Driver Rider","1: PDO","No Control","","",1322747.8,1674046.57,"13227481674047"
"2016-16718-27/05/2021","1 City","ADELAIDE","5000","CITY OF ADELAIDE",2,0,0,0,0,2016,"November","Monday","05:30 pm","050","Cross Road","Straight road","Level","Not Applicable","Sealed","Dry","Not Raining","Daylight","Right Angle","02","Driver Rider","1: PDO","Give Way Sign","","",1329436.54,1670384.59,"13294371670385"
"2016-16719-27/05/2021","3 Country","PORT PIRIE SOUTH","5540","PT.PIRIE CITY & DIST. COUNCIL ",2,0,0,0,0,2016,"November","Sunday","09:00 pm","050","Not Divided","CURVED, VIEW OPEN","Level","Not Applicable","Sealed","Dry","Not Raining","Night","Hit Fixed Object","01","Driver Rider","1: PDO","No Control","","",1280024.1,1862894.92,"12800241862895"
"2016-16720-27/05/2021","2 Metropolitan","TUSMORE","5065","CITY OF BURNSIDE",3,0,0,0,0,2016,"November","Monday","04:50 pm","060","Cross Road","Straight road","Level","Not Applicable","Sealed","Dry","Not Raining","Daylight","Rear End","01","Driver Rider","1: PDO","Traffic Signals","","",1332312.22,1669046.07,"13323121669046"
"2016-16721-27/05/2021","3 Country","NACKARA","5440","DC OF PETERBOROUGH",1,1,0,1,0,2016,"November","Monday","12:30 pm","110","Not Divided","CURVED, VIEW OPEN","Crest of Hill","Not Applicable","Sealed","Dry","Not Raining","Daylight","Roll Over","01","Driver Rider","3: SI","No Control","","",1384934.65,1897560.45,"13849351897560"
"2016-16722-27/05/2021","2 Metropolitan","CAMPBELLTOWN","5074","CC CAMPBELLTOWN.              ",2,0,0,0,0,2016,"November","Monday","05:30 pm","060","Divided Road","Straight road","Level","Not Applicable","Sealed","Dry","Not Raining","Daylight","Rear End","02","Driver Rider","1: PDO","No Control","","",1334020.82,1674944.29,"13340211674944"
"2016-16723-27/05/2021","1 City","ADELAIDE","5000","CITY OF ADELAIDE",2,0,0,0,0,2016,"November","Monday","01:38 pm","050","Not Divided","Straight road","Level","Not Applicable","Sealed","Dry","Not Raining","Daylight","Side Swipe","02","Driver Rider","1: PDO","No Control","","",1329054.59,1669650.14,"13290551669650"
"2016-16724-27/05/2021","2 Metropolitan","GLANDORE","5037","CC MARION.                    ",2,1,0,0,1,2016,"November","Monday","08:25 am","060","Cross Road","Straight road","Level","Not Applicable","Sealed","Dry","Not Raining","Daylight","Side Swipe","02","Driver Rider","2: MI","No Control","","",1325860.46,1666831.79,"13258601666832"
"2016-16725-27/05/2021","2 Metropolitan","O'HALLORAN HILL","5158","CC MARION.                    ",2,0,0,0,0,2016,"November","Monday","06:40 pm","100","Divided Road","CURVED, VIEW OPEN","Level","Not Applicable","Sealed","Dry","Not Raining","Daylight","Hit Fixed Object","09","Other","1: PDO","No Control","","",1323285.62,1657138.16,"13232861657138"
"2016-16726-27/05/2021","2 Metropolitan","EDEN HILLS","5050","CC MITCHAM.                   ",2,0,0,0,0,2016,"November","Monday","06:40 pm","060","Divided Road","Straight road","Level","Not Applicable","Sealed","Dry","Not Raining","Daylight","Hit Fixed Object","01","Driver Rider","1: PDO","No Control","","",1327142.83,1659441.5,"13271431659442"
"2016-16727-27/05/2021","2 Metropolitan","GAWLER RIVER","5118","LIGHT REGIONAL COUNCIL",2,0,0,0,0,2016,"November","Monday","06:13 pm","110","Divided Road","CURVED, VIEW OPEN","Level","Not Applicable","Sealed","Dry","Not Raining","Daylight","Hit Fixed Object","01","Driver Rider","1: PDO","No Control","","",1337352.45,1705161.53,"13373521705162"
"2016-16728-27/05/2021","2 Metropolitan","SALISBURY SOUTH","5106","CITY OF SALISBURY",2,1,0,0,1,2016,"November","Monday","05:27 pm","070","Divided Road","Straight road","Level","Not Applicable","Sealed","Dry","Not Raining","Daylight","Rear End","02","Driver Rider","2: MI","No Control","","",1332696.47,1685847.04,"13326961685847"
"2016-16729-27/05/2021","2 Metropolitan","SALISBURY","5108","CITY OF SALISBURY",3,0,0,0,0,2016,"November","Monday","06:00 pm","060","Divided Road","Straight road","Level","Not Applicable","Sealed","Dry","Not Raining","Daylight","Rear End","01","Driver Rider","1: PDO","No Control","","",1333550.34,1689490.62,"13335501689491"
"2016-16730-27/05/2021","2 Metropolitan","RIDLEYTON","5008","CITY OF CHARLES STURT",2,0,0,0,0,2016,"November","Monday","09:25 pm","060","Not Divided","Straight road","Level","Not Applicable","Sealed","Dry","Not Raining","Night","Side Swipe","01","Driver Rider","1: PDO","No Control","","",1326292.5,1674596.91,"13262931674597"
"2016-16731-27/05/2021","2 Metropolitan","FITZROY","5082","CITY OF PROSPECT",2,0,0,0,0,2016,"November","Monday","08:53 pm","060","Divided Road","Straight road","Level","Not Applicable","Sealed","Dry","Not Raining","Night","Right Angle","01","Driver Rider","1: PDO","No Control","Y","",1327725.83,1673659.08,"13277261673659"
"2016-16732-27/05/2021","2 Metropolitan","SALISBURY EAST","5109","CITY OF SALISBURY",2,1,0,1,0,2016,"November","Tuesday","06:14 am","050","Not Divided","Straight road","Level","Not Applicable","Sealed","Dry","Not Raining","Daylight","Hit Fixed Object","01","Driver Rider","3: SI","No Control","","",1335081.96,1686647.04,"13350821686647"
"2016-16733-27/05/2021","3 Country","MOUNT PLEASANT","5235","THE BAROSSA COUNCIL.",2,1,0,0,1,2016,"November","Tuesday","05:10 am","080","Not Divided","CURVED, VIEW OPEN","Slope","Not Applicable","Sealed","Dry","Not Raining","Night","Hit Animal","02","Animal","2: MI","No Control","","",1367098.1,1684364.03,"13670981684364"
"2016-16734-27/05/2021","2 Metropolitan","MAWSON LAKES","5095","CITY OF SALISBURY",2,1,0,0,1,2016,"November","Tuesday","06:56 am","070","T-Junction","Straight road","Bottom of Hill","Not Applicable","Sealed","Dry","Not Raining","Daylight","Right Angle","02","Driver Rider","2: MI","No Control","","",1329835.02,1684326.36,"13298351684326"
"2016-16735-27/05/2021","2 Metropolitan","MORPHETTVILLE","5043","CC MARION.                    ",2,0,0,0,0,2016,"November","Tuesday","06:50 am","050","T-Junction","Straight road","Level","Not Applicable","Sealed","Dry","Not Raining","Daylight","Rear End","02","Driver Rider","1: PDO","Stop Sign","","",1323420.78,1664720.05,"13234211664720"
"2016-16736-27/05/2021","2 Metropolitan","O'HALLORAN HILL","5158","CC MARION.                    ",3,1,0,0,1,2016,"November","Tuesday","07:30 am","080","Freeway","Straight road","Slope","Not Applicable","Sealed","Dry","Not Raining","Daylight","Side Swipe","02","Driver Rider","2: MI","No Control","","",1323583.01,1657554.95,"13235831657555"
"2016-16737-27/05/2021","2 Metropolitan","WARD BELT","5118","LIGHT REGIONAL COUNCIL",2,1,0,0,1,2016,"November","Tuesday","06:40 am","110","Freeway","Straight road","Level","Not Applicable","Sealed","Dry","Not Raining","Daylight","Hit Parked Vehicle","01","Driver Rider","2: MI","No Control","","",1338342.17,1705728.75,"13383421705729"
"2016-16738-27/05/2021","2 Metropolitan","FINDON","5023","CITY OF CHARLES STURT",2,1,0,0,1,2016,"November","Monday","02:35 pm","060","T-Junction","Straight road","Level","Driveway or Entrance","Sealed","Dry","Not Raining","Daylight","Right Angle","02","Driver Rider","2: MI","No Control","","",1322390.81,1674423.31,"13223911674423"
"2016-16739-27/05/2021","3 Country","TAYLORVILLE","5330","LOXTON WAIKERIE DISTRICT COUNCIL",2,1,0,1,0,2016,"November","Tuesday","06:30 am","110","Not Divided","Straight road","Level","Not Applicable","Sealed","Dry","Not Raining","Daylight","Hit Animal","01","Driver Rider","3: SI","No Control","","",1461061.08,1755261.37,"14610611755261"
"2016-16740-27/05/2021","2 Metropolitan","KANGARILLA","5157","CITY OF ONKAPARINGA",2,1,0,0,1,2016,"November","Monday","04:30 pm","080","Not Divided","Straight road","Crest of Hill","Not Applicable","Sealed","Dry","Not Raining","Daylight","Right Turn","02","Driver Rider","2: MI","No Control","","",1331728.47,1648546.82,"13317281648547"
"2016-16741-27/05/2021","2 Metropolitan","MARDEN","5070","CC OF NORWOOD,PAYNEHAM & ST PETERS",2,0,0,0,0,2016,"November","Tuesday","09:25 am","060","Divided Road","Straight road","Level","Driveway or Entrance","Sealed","Dry","Not Raining","Daylight","Right Angle","01","Driver Rider","1: PDO","No Control","","",1332083.93,1673884.35,"13320841673884"
"2016-16742-27/05/2021","2 Metropolitan","STEPNEY","5069","CC OF NORWOOD,PAYNEHAM & ST PETERS",2,0,0,0,0,2016,"November","Tuesday","10:00 am","060","Not Divided","Straight road","Level","Driveway or Entrance","Sealed","Dry","Not Raining","Daylight","Right Angle","02","Driver Rider","1: PDO","No Control","","",1331349,1671737.72,"13313491671738"
"2016-16743-27/05/2021","2 Metropolitan","WELLAND","5007","CITY OF CHARLES STURT",2,0,0,0,0,2016,"November","Tuesday","10:00 am","060","T-Junction","Straight road","Level","Not Applicable","Sealed","Dry","Not Raining","Daylight","Right Turn","02","Driver Rider","1: PDO","Give Way Sign","","",1324881.94,1673976.81,"13248821673977"
"2016-16744-27/05/2021","2 Metropolitan","HACKHAM WEST","5163","CITY OF ONKAPARINGA",4,2,0,0,2,2016,"November","Tuesday","09:00 am","060","Not Divided","Straight road","Level","Bridge, Culvert, Causeway","Sealed","Dry","Not Raining","Daylight","Rear End","01","Driver Rider","2: MI","No Control","","",1319123.94,1647484.96,"13191241647485"
"2016-16745-27/05/2021","2 Metropolitan","SEACLIFF PARK","5049","CC MARION.                    ",6,0,0,0,0,2016,"November","Tuesday","08:45 am","080","Divided Road","Straight road","Slope","Not Applicable","Sealed","Dry","Not Raining","Daylight","Rear End","02","Driver Rider","1: PDO","No Control","","",1321922.99,1657272.65,"13219231657273"
"2016-16746-27/05/2021","2 Metropolitan","SEMAPHORE PARK","5019","CITY OF CHARLES STURT",2,0,0,0,0,2016,"November","Tuesday","09:00 am","060","Cross Road","CURVED, VIEW OPEN","Slope","Not Applicable","Sealed","Dry","Not Raining","Daylight","Right Angle","02","Driver Rider","1: PDO","Roundabout","","",1317767.25,1679377.81,"13177671679378"
"2016-16747-27/05/2021","2 Metropolitan","MEDINDIE","5081","WALKERVILLE TOWN COUNCIL",5,2,0,0,2,2016,"November","Tuesday","07:45 am","060","Divided Road","Straight road","Level","Not Applicable","Sealed","Dry","Not Raining","Daylight","Rear End","01","Driver Rider","2: MI","No Control","","",1328876.96,1674179.3,"13288771674179"
"2016-16748-27/05/2021","2 Metropolitan","HOPE VALLEY","5090","CITY OF TEA TREE GULLY",2,0,0,0,0,2016,"November","Monday","01:15 pm","060","Divided Road","CURVED, VIEW OPEN","Slope","Not Applicable","Sealed","Dry","Not Raining","Daylight","Hit Fixed Object","01","Driver Rider","1: PDO","No Control","","",1337048.66,1677973.42,"13370491677973"
"2016-16749-27/05/2021","2 Metropolitan","SHEIDOW PARK","5158","CC MARION.                    ",2,0,0,0,0,2016,"November","Monday","09:05 am","080","Divided Road","Straight road","Level","Driveway or Entrance","Sealed","Dry","Not Raining","Daylight","Right Angle","02","Driver Rider","1: PDO","No Control","","",1320497.63,1654051.82,"13204981654052"
"2016-16750-27/05/2021","1 City","ADELAIDE","5000","CITY OF ADELAIDE",2,0,0,0,0,2016,"November","Saturday","07:00 pm","050","Cross Road","Straight road","Level","Not Applicable","Sealed","Dry","Not Raining","Daylight","Rear End","02","Driver Rider","1: PDO","Give Way Sign","","",1327702.85,1670325.39,"13277031670325"
"2016-16751-27/05/2021","1 City","ADELAIDE","5000","CITY OF ADELAIDE",2,0,0,0,0,2016,"November","Saturday","10:10 am","050","T-Junction","Straight road","Level","Median Opening (not at I/S)","Sealed","Dry","Not Raining","Daylight","Hit Fixed Object","01","Driver Rider","1: PDO","No Control","","",1328193.44,1669564.11,"13281931669564"
"2016-16752-27/05/2021","2 Metropolitan","TATACHILLA","5171","CITY OF ONKAPARINGA",2,0,0,0,0,2016,"November","Tuesday","08:20 am","100","T-Junction","Straight road","Level","Not Applicable","Sealed","Dry","Not Raining","Daylight","Right Angle","02","Driver Rider","1: PDO","Give Way Sign","","",1320569.53,1637092.83,"13205701637093"
"2016-16753-27/05/2021","2 Metropolitan","HENLEY BEACH","5022","CITY OF CHARLES STURT",2,0,0,0,0,2016,"November","Tuesday","11:40 am","040","Divided Road","Straight road","Level","Road hump or Slow point","Sealed","Dry","Not Raining","Daylight","Rear End","02","Driver Rider","1: PDO","No Control","","",1318857.3,1671448.82,"13188571671449"
"2016-16754-27/05/2021","3 Country","NAPPERBY","5540","PT.PIRIE CITY & DIST. COUNCIL ",2,0,0,0,0,2016,"November","Tuesday","11:30 am","025","Not Divided","Straight road","Level","Roadworks","Sealed","Dry","Not Raining","Daylight","Rear End","01","Driver Rider","1: PDO","No Control","","",1285422.09,1867470.37,"12854221867470"
"2016-16755-27/05/2021","2 Metropolitan","ST MARYS","5042","CC MITCHAM.                   ",2,0,0,0,0,2016,"November","Tuesday","12:15 pm","060","Divided Road","Straight road","Level","Driveway or Entrance","Sealed","Dry","Not Raining","Daylight","Right Angle","01","Driver Rider","1: PDO","No Control","","",1326000.26,1662021.97,"13260001662022"
"2016-16756-27/05/2021","2 Metropolitan","VALLEY VIEW","5093","CITY OF TEA TREE GULLY",2,0,0,0,0,2016,"November","Tuesday","11:00 am","060","Divided Road","Straight road","Level","Driveway or Entrance","Sealed","Dry","Not Raining","Daylight","Side Swipe","02","Driver Rider","1: PDO","No Control","","",1335301.39,1679439.21,"13353011679439"
"2016-16757-27/05/2021","2 Metropolitan","GAWLER EAST","5118","CT GAWLER.                    ",2,0,0,0,0,2016,"November","Tuesday","12:30 pm","050","Not Divided","Straight road","Level","Driveway or Entrance","Sealed","Dry","Not Raining","Daylight","Hit Parked Vehicle","01","Driver Rider","1: PDO","No Control","","",1344383.29,1706393.52,"13443831706394"
"2016-16758-27/05/2021","2 Metropolitan","LARGS BAY","5016","CITY OF PORT ADELAIDE ENFIELD",2,0,0,0,0,2016,"November","Tuesday","11:20 am","060","Cross Road","Straight road","Level","Not Applicable","Sealed","Dry","Not Raining","Daylight","Right Angle","02","Driver Rider","1: PDO","Stop Sign","","",1319732.61,1682101.1,"13197331682101"
"2016-16759-27/05/2021","2 Metropolitan","GREENWITH","5125","CITY OF TEA TREE GULLY",2,0,0,0,0,2016,"November","Tuesday","01:10 pm","060","T-Junction","Straight road","Level","Not Applicable","Sealed","Dry","Not Raining","Daylight","Rear End","02","Driver Rider","1: PDO","No Control","","",1339187.81,1687328.4,"13391881687328"
"2016-16760-27/05/2021","2 Metropolitan","KLEMZIG","5087","CITY OF PORT ADELAIDE ENFIELD",2,0,0,0,0,2016,"November","Monday","09:05 am","050","T-Junction","Straight road","Level","Not Applicable","Sealed","Dry","Not Raining","Daylight","Right Angle","01","Driver Rider","1: PDO","No Control","","",1331615.68,1675392.07,"13316161675392"
"2016-16761-27/05/2021","2 Metropolitan","INGLE FARM","5098","CITY OF SALISBURY",3,0,0,0,0,2016,"November","Tuesday","12:30 pm","070","Divided Road","Straight road","Slope","Not Applicable","Sealed","Dry","Not Raining","Daylight","Rear End","01","Driver Rider","1: PDO","No Control","","",1332848.66,1681508.91,"13328491681509"
"2016-16762-27/05/2021","2 Metropolitan","FLAGSTAFF HILL","5159","CITY OF ONKAPARINGA",2,0,0,0,0,2016,"November","Tuesday","11:50 am","060","Divided Road","Straight road","Level","Not Applicable","Sealed","Dry","Not Raining","Daylight","Rear End","02","Driver Rider","1: PDO","No Control","","",1328426.56,1655906.62,"13284271655907"
"2016-16763-27/05/2021","2 Metropolitan","ENFIELD","5085","CITY OF PORT ADELAIDE ENFIELD",6,4,0,0,4,2016,"November","Monday","07:23 pm","050","Not Divided","Straight road","Level","Not Applicable","Sealed","Dry","Not Raining","Daylight","Hit Fixed Object","01","Driver Rider","2: MI","No Control","","",1328931.46,1677080.63,"13289311677081"
"2016-16764-27/05/2021","1 City","ADELAIDE","5000","CITY OF ADELAIDE",2,0,0,0,0,2016,"November","Tuesday","03:20 pm","050","Cross Road","Straight road","Level","Not Applicable","Sealed","Dry","Not Raining","Daylight","Right Turn","01","Driver Rider","1: PDO","Traffic Signals","","",1329231.17,1671000.93,"13292311671001"
"2016-16765-27/05/2021","2 Metropolitan","PARADISE","5075","CC CAMPBELLTOWN.              ",2,1,0,0,1,2016,"July","Sunday","02:15 pm","060","T-Junction","CURVED, VIEW OPEN","Slope","Not Applicable","Sealed","Wet","Raining","Daylight","Rear End","02","Driver Rider","2: MI","Traffic Signals","","",1334461.82,1676974.32,"13344621676974"
"2016-16766-27/05/2021","2 Metropolitan","POORAKA","5095","CITY OF SALISBURY",2,1,0,0,1,2016,"November","Tuesday","05:35 pm","070","Cross Road","Straight road","Level","Not Applicable","Sealed","Dry","Not Raining","Daylight","Rear End","02","Driver Rider","2: MI","Traffic Signals","","",1330475.28,1681830.96,"13304751681831"
"2016-16767-27/05/2021","3 Country","WIGLEY FLAT","5330","LOXTON WAIKERIE DISTRICT COUNCIL",3,0,0,0,0,2016,"November","Tuesday","02:15 pm","110","Not Divided","Straight road","Level","Not Applicable","Sealed","Dry","Not Raining","Daylight","Other","02","Other","1: PDO","No Control","","",1481120.5,1746156.07,"14811211746156"
"2016-16768-27/05/2021","3 Country","WYNARKA","5306","DC KAROONDA EAST MURRAY.      ",1,0,0,0,0,2016,"November","Monday","10:00 pm","110","T-Junction","CURVED, VIEW OPEN","Slope","Not Applicable","Sealed","Dry","Not Raining","Night","Roll Over","01","Driver Rider","1: PDO","No Control","","",1424455.13,1641224.33,"14244551641224"
"2016-16769-27/05/2021","2 Metropolitan","VALE PARK","5081","WALKERVILLE TOWN COUNCIL",2,0,0,0,0,2016,"November","Wednesday","03:20 pm","060","Cross Road","Straight road","Crest of Hill","Not Applicable","Sealed","Dry","Not Raining","Daylight","Rear End","02","Driver Rider","1: PDO","Traffic Signals","","",1331192.88,1674745.74,"13311931674746"
"2016-16770-27/05/2021","3 Country","BORRIKA","5309","DC KAROONDA EAST MURRAY.      ",2,0,0,0,0,2016,"November","Tuesday","12:00 pm","110","Not Divided","Straight road","Level","Not Applicable","Sealed","Dry","Not Raining","Daylight","Hit Fixed Object","01","Driver Rider","1: PDO","No Control","","",1459733.33,1654508.43,"14597331654508"
"2016-16771-27/05/2021","2 Metropolitan","WOODSIDE","5244","THE ADELAIDE HILLS COUNCIL",2,1,0,0,1,2016,"September","Saturday","05:36 pm","050","T-Junction","Straight road","Level","Not Applicable","Sealed","Dry","Not Raining","Daylight","Right Angle","01","Driver Rider","2: MI","No Control","","",1353482.05,1666792.12,"13534821666792"
"2016-16772-27/05/2021","3 Country","BUCHANAN","5374","REGIONAL COUNCIL OF GOYDER",2,1,0,0,1,2016,"October","Monday","07:00 pm","100","Not Divided","Straight road","Level","Not Applicable","Sealed","Dry","Not Raining","Daylight","Hit Fixed Object","01","Driver Rider","2: MI","No Control","","",1370988.12,1745136.18,"13709881745136"
"2016-16773-27/05/2021","2 Metropolitan","HOPE VALLEY","5090","CITY OF TEA TREE GULLY",2,0,0,0,0,2016,"November","Tuesday","03:20 pm","060","T-Junction","Straight road","Level","Not Applicable","Sealed","Dry","Not Raining","Daylight","Rear End","02","Driver Rider","1: PDO","No Control","","",1337020.96,1677952.45,"13370211677952"
"2016-16774-27/05/2021","2 Metropolitan","TUSMORE","5065","CITY OF BURNSIDE",3,3,0,0,3,2016,"August","Friday","03:30 pm","060","Cross Road","Straight road","Level","Not Applicable","Sealed","Dry","Not Raining","Daylight","Rear End","01","Driver Rider","2: MI","Traffic Signals","","",1332324.24,1669046.54,"13323241669047"
"2016-16775-27/05/2021","2 Metropolitan","GAWLER WEST","5118","CT GAWLER.                    ",2,1,0,0,1,2016,"November","Monday","07:10 pm","050","Not Divided","Straight road","Slope","Not Applicable","Sealed","Dry","Not Raining","Daylight","Hit Pedestrian","02","Driver Rider","2: MI","No Control","","",1342237.5,1705524.63,"13422381705525"